"Date","Year","Quarter","Month_Number","Month_Name","Product_Category","Units_Sold","Revenue","COGS","Gross_Profit","Gross_Margin"
"2025-01-01",2025,1,1,January,Action Figures,127,2617.729999999999,1475.0899999999995,1142.6399999999999,0.4365003266188645
"2025-01-01",2025,1,1,January,Arts & Crafts,152,1721.4200000000005,1008.2600000000001,713.1599999999999,0.41428588026164426
"2025-01-01",2025,1,1,January,Baby & Toddler,151,2291.629999999999,1332.75,958.8799999999997,0.4184270584692991
"2025-01-01",2025,1,1,January,Board Games,103,1429.2299999999998,791.0500000000003,638.18,0.4465201542089097
"2025-01-01",2025,1,1,January,Building Blocks,73,939.2300000000001,550.1899999999998,389.04,0.4142116414509758
"2025-01-01",2025,1,1,January,Card Games,91,1689.2900000000002,842.1900000000002,847.1,0.5014532732686513
"2025-01-01",2025,1,1,January,Collectibles,4,77.56,38.08,39.480000000000004,0.5090252707581228
"2025-01-01",2025,1,1,January,Dolls,99,1807.2999999999995,975.3100000000003,831.9899999999999,0.46034969291207883
"2025-01-01",2025,1,1,January,Educational,61,1069.76,628.2799999999999,441.48,0.4126906969787616
"2025-01-01",2025,1,1,January,Model Kits,52,974.0600000000001,551.1700000000001,422.88999999999993,0.43415190029361633
"2025-01-01",2025,1,1,January,Outdoor Play,125,2330.3499999999995,1297.86,1032.4900000000005,0.4430622009569381
"2025-01-01",2025,1,1,January,Plush,101,1430.77,840.2900000000001,590.4799999999999,0.4127008533866379
"2025-01-01",2025,1,1,January,Pretend Play,41,923.5899999999999,558.13,365.46,0.3956950594960968
"2025-01-01",2025,1,1,January,Puzzles,116,1888.8199999999993,1017.46,871.3599999999999,0.46132506009042695
"2025-01-01",2025,1,1,January,STEM Kits,97,2098.26,1187.58,910.6799999999997,0.43401675674129975
"2025-01-01",2025,1,1,January,Toy Vehicles,110,1811.44,1052.28,759.16,0.41909199311045353
"2025-01-02",2025,1,1,January,Action Figures,164,3330.429999999999,1834.3899999999996,1496.0399999999997,0.4492032560360074
"2025-01-02",2025,1,1,January,Arts & Crafts,135,1626.6499999999994,962.6900000000003,663.9599999999998,0.4081763132818984
"2025-01-02",2025,1,1,January,Baby & Toddler,184,2871.049999999999,1624.9999999999993,1246.0499999999995,0.43400498075616933
"2025-01-02",2025,1,1,January,Board Games,82,1485.6299999999999,797.3600000000002,688.2699999999999,0.4632849363569663
"2025-01-02",2025,1,1,January,Building Blocks,95,1173.9699999999998,684.9199999999998,489.05,0.4165779364038264
"2025-01-02",2025,1,1,January,Card Games,51,1222.1399999999999,647.3999999999999,574.7400000000001,0.47027345475968396
"2025-01-02",2025,1,1,January,Collectibles,2,38.78,19.04,19.740000000000002,0.5090252707581228
"2025-01-02",2025,1,1,January,Dolls,101,1571.2500000000002,922.1700000000001,649.0800000000002,0.41309785202863963
"2025-01-02",2025,1,1,January,Educational,98,1769.1999999999998,1013.2399999999999,755.9599999999998,0.42728917024643903
"2025-01-02",2025,1,1,January,Model Kits,38,565.3800000000001,321.19000000000005,244.18999999999997,0.43190420602072926
"2025-01-02",2025,1,1,January,Outdoor Play,125,1874.9999999999998,1052.57,822.4300000000001,0.4386293333333334
"2025-01-02",2025,1,1,January,Plush,75,1247.3499999999997,729.2600000000001,518.0899999999999,0.4153525474004891
"2025-01-02",2025,1,1,January,Pretend Play,110,2191.2800000000007,1310.82,880.4599999999996,0.4018016866854073
"2025-01-02",2025,1,1,January,Puzzles,151,2666.6099999999997,1406.56,1260.05,0.47252879123681385
"2025-01-02",2025,1,1,January,STEM Kits,91,1857.7600000000004,1046.19,811.5699999999999,0.43685406080440947
"2025-01-02",2025,1,1,January,Toy Vehicles,129,2073.96,1244.1900000000003,829.7699999999996,0.40008968350402113
"2025-01-03",2025,1,1,January,Action Figures,98,2517.9099999999985,1406.99,1110.92,0.4412071916788133
"2025-01-03",2025,1,1,January,Arts & Crafts,155,1973.3100000000009,1142.8500000000001,830.46,0.4208461924380861
"2025-01-03",2025,1,1,January,Baby & Toddler,114,1587.8899999999994,892.4399999999999,695.4499999999998,0.4379711440968833
"2025-01-03",2025,1,1,January,Board Games,129,2295.9500000000007,1293.8400000000001,1002.1099999999998,0.43646856421089286
"2025-01-03",2025,1,1,January,Building Blocks,75,1242.0899999999997,708.14,533.9499999999998,0.4298802824271993
"2025-01-03",2025,1,1,January,Card Games,63,1454.91,724.5,730.4100000000001,0.5020310534672248
"2025-01-03",2025,1,1,January,Collectibles,3,58.17,28.56,29.610000000000003,0.5090252707581228
"2025-01-03",2025,1,1,January,Dolls,77,1469.9799999999996,815.3900000000001,654.5899999999999,0.4453053783044668
"2025-01-03",2025,1,1,January,Educational,108,1587.94,892.8899999999999,695.0499999999997,0.43770545486605267
"2025-01-03",2025,1,1,January,Model Kits,30,555.1600000000001,321.91,233.24999999999997,0.42014914619208865
"2025-01-03",2025,1,1,January,Outdoor Play,148,2525.0400000000004,1392.6299999999997,1132.4100000000003,0.4484721034122232
"2025-01-03",2025,1,1,January,Plush,77,1291.5200000000002,794.9599999999999,496.55999999999995,0.38447720515361733
"2025-01-03",2025,1,1,January,Pretend Play,110,2060.0000000000005,1223.8000000000004,836.1999999999996,0.4059223300970871
"2025-01-03",2025,1,1,January,Puzzles,132,2226.48,1167.62,1058.8599999999997,0.4755757967733821
"2025-01-03",2025,1,1,January,STEM Kits,99,2313.5499999999997,1285.6600000000003,1027.8899999999999,0.444291240733937
"2025-01-03",2025,1,1,January,Toy Vehicles,141,2241.6700000000005,1331.5500000000006,910.1199999999997,0.4060008832700618
"2025-01-04",2025,1,1,January,Action Figures,161,3069.22,1748.7699999999995,1320.4499999999998,0.4302233140667661
"2025-01-04",2025,1,1,January,Arts & Crafts,134,1851.8600000000001,1064.9299999999998,786.93,0.4249403302625468
"2025-01-04",2025,1,1,January,Baby & Toddler,134,2108.8699999999994,1205.4299999999998,903.44,0.4284000436252592
"2025-01-04",2025,1,1,January,Board Games,108,1784.3799999999997,1000.9200000000004,783.4599999999998,0.43906566986852574
"2025-01-04",2025,1,1,January,Building Blocks,88,1384.03,802.5699999999999,581.46,0.4201209511354523
"2025-01-04",2025,1,1,January,Card Games,67,1472.3900000000003,766.38,706.01,0.47949931743627694
"2025-01-04",2025,1,1,January,Collectibles,5,96.95,47.599999999999994,49.35000000000001,0.5090252707581229
"2025-01-04",2025,1,1,January,Dolls,132,2464.4499999999985,1393.5400000000004,1070.9100000000005,0.43454320436608623
"2025-01-04",2025,1,1,January,Educational,102,1804.9099999999996,1032.3899999999994,772.5199999999999,0.42801026089943545
"2025-01-04",2025,1,1,January,Model Kits,49,855.8099999999998,497.46999999999997,358.3399999999999,0.4187144342786366
"2025-01-04",2025,1,1,January,Outdoor Play,85,1706.5399999999997,964.52,742.02,0.4348096147760967
"2025-01-04",2025,1,1,January,Plush,85,1315.1099999999997,760.3300000000002,554.78,0.4218506436723925
"2025-01-04",2025,1,1,January,Pretend Play,73,1282.4099999999999,754.56,527.85,0.4116078321285705
"2025-01-04",2025,1,1,January,Puzzles,87,1478.7099999999998,767.81,710.9000000000001,0.480756875925638
"2025-01-04",2025,1,1,January,STEM Kits,103,2046.52,1180.34,866.1800000000001,0.4232453139964428
"2025-01-04",2025,1,1,January,Toy Vehicles,157,2559.9900000000007,1436.1200000000006,1123.8699999999997,0.4390134336462249
"2025-01-05",2025,1,1,January,Action Figures,115,3036.0899999999992,1669.5000000000002,1366.5899999999995,0.45011511516457015
"2025-01-05",2025,1,1,January,Arts & Crafts,165,1982.4299999999996,1243.1799999999998,739.25,0.3729009347114401
"2025-01-05",2025,1,1,January,Baby & Toddler,107,1779.5300000000002,999.2899999999998,780.24,0.4384528499098076
"2025-01-05",2025,1,1,January,Board Games,117,1984.750000000001,1111.16,873.5900000000003,0.44015115253810294
"2025-01-05",2025,1,1,January,Building Blocks,80,1549.8099999999997,850.85,698.9599999999999,0.4509972190139437
"2025-01-05",2025,1,1,January,Card Games,78,1779.0900000000001,896.6000000000003,882.4899999999999,0.4960344895424064
"2025-01-05",2025,1,1,January,Collectibles,2,38.78,19.04,19.740000000000002,0.5090252707581228
"2025-01-05",2025,1,1,January,Dolls,105,1674.31,955.3300000000003,718.9800000000001,0.4294186859064332
"2025-01-05",2025,1,1,January,Educational,92,1698.0999999999995,952.9300000000001,745.1700000000001,0.43882574642247235
"2025-01-05",2025,1,1,January,Model Kits,44,681.9100000000001,370.35000000000014,311.55999999999995,0.45689313839069656
"2025-01-05",2025,1,1,January,Outdoor Play,119,2080.9199999999996,1162.6599999999999,918.2600000000003,0.4412759740883842
"2025-01-05",2025,1,1,January,Plush,89,1570.8799999999999,928.8799999999999,642.0,0.4086881238541455
"2025-01-05",2025,1,1,January,Pretend Play,103,2632.400000000001,1614.5800000000002,1017.8199999999997,0.3866509648989513
"2025-01-05",2025,1,1,January,Puzzles,99,1885.8899999999996,1021.1900000000003,864.6999999999999,0.4585103054791107
"2025-01-05",2025,1,1,January,STEM Kits,99,1986.18,1110.59,875.5900000000001,0.440841212780312
"2025-01-05",2025,1,1,January,Toy Vehicles,185,3223.3200000000006,1891.810000000001,1331.5099999999998,0.41308650707965683
"2025-01-06",2025,1,1,January,Action Figures,128,4031.6699999999987,2202.0499999999997,1829.6200000000003,0.45381194393390356
"2025-01-06",2025,1,1,January,Arts & Crafts,184,2103.1800000000003,1245.1999999999998,857.9799999999998,0.4079441607470591
"2025-01-06",2025,1,1,January,Baby & Toddler,108,1735.4399999999998,992.0399999999996,743.3999999999996,0.4283639883833493
"2025-01-06",2025,1,1,January,Board Games,91,1632.1199999999997,892.9100000000002,739.2099999999999,0.45291400142146415
"2025-01-06",2025,1,1,January,Building Blocks,90,1340.6300000000008,775.5200000000002,565.1100000000001,0.42152570060344746
"2025-01-06",2025,1,1,January,Card Games,73,1745.9599999999998,910.9200000000001,835.04,0.4782698343604665
"2025-01-06",2025,1,1,January,Collectibles,7,135.73000000000002,66.63999999999999,69.09,0.5090252707581226
"2025-01-06",2025,1,1,January,Dolls,75,1298.18,715.21,582.9700000000001,0.4490671555562404
"2025-01-06",2025,1,1,January,Educational,75,1335.5499999999995,808.4,527.15,0.39470630077496177
"2025-01-06",2025,1,1,January,Model Kits,84,1366.7300000000002,755.74,610.9899999999999,0.44704513693267856
"2025-01-06",2025,1,1,January,Outdoor Play,112,2190.0799999999995,1206.13,983.95,0.4492758255406196
"2025-01-06",2025,1,1,January,Plush,92,1444.1799999999996,881.1600000000003,563.0199999999999,0.38985445027628135
"2025-01-06",2025,1,1,January,Pretend Play,57,1366.75,848.2300000000002,518.52,0.37938174501554783
"2025-01-06",2025,1,1,January,Puzzles,100,1855.56,983.5700000000004,871.9900000000001,0.4699336049494493
"2025-01-06",2025,1,1,January,STEM Kits,83,1698.4600000000003,965.4699999999997,732.9900000000002,0.4315615322115329
"2025-01-06",2025,1,1,January,Toy Vehicles,100,1542.47,915.1500000000001,627.3199999999999,0.4066983474557041
"2025-01-07",2025,1,1,January,Action Figures,107,2623.3999999999996,1434.3100000000002,1189.0900000000004,0.45326294122131605
"2025-01-07",2025,1,1,January,Arts & Crafts,163,1945.95,1190.8700000000001,755.0799999999999,0.38802641383386
"2025-01-07",2025,1,1,January,Baby & Toddler,146,2517.7899999999995,1372.0099999999998,1145.78,0.45507369558223687
"2025-01-07",2025,1,1,January,Board Games,99,1618.84,876.4800000000004,742.36,0.4585752761236441
"2025-01-07",2025,1,1,January,Building Blocks,56,1110.3600000000001,607.29,503.06999999999994,0.4530692748297848
"2025-01-07",2025,1,1,January,Card Games,84,1845.08,947.1099999999998,897.9700000000003,0.48668350423829876
"2025-01-07",2025,1,1,January,Collectibles,8,155.12,76.16,78.96000000000001,0.5090252707581228
"2025-01-07",2025,1,1,January,Dolls,89,1616.1399999999996,939.7500000000001,676.3900000000002,0.4185219102305496
"2025-01-07",2025,1,1,January,Educational,115,2012.0799999999997,1107.2,904.8799999999999,0.4497236690390044
"2025-01-07",2025,1,1,January,Model Kits,49,852.2,467.62,384.58,0.4512790424782914
"2025-01-07",2025,1,1,January,Outdoor Play,135,2193.46,1181.48,1011.9800000000005,0.46136241372078834
"2025-01-07",2025,1,1,January,Plush,82,1406.7900000000002,849.5000000000002,557.2899999999998,0.39614299220210536
"2025-01-07",2025,1,1,January,Pretend Play,71,1410.9400000000003,842.59,568.3499999999998,0.4028165620083063
"2025-01-07",2025,1,1,January,Puzzles,101,1736.9,917.35,819.5500000000001,0.47184639299902126
"2025-01-07",2025,1,1,January,STEM Kits,83,1664.1200000000003,940.7899999999998,723.3299999999998,0.4346621637862652
"2025-01-07",2025,1,1,January,Toy Vehicles,155,2605.2200000000003,1529.6500000000005,1075.57,0.41285188966766717
"2025-01-08",2025,1,1,January,Action Figures,117,2385.4799999999996,1339.8400000000004,1045.64,0.4383352616664153
"2025-01-08",2025,1,1,January,Arts & Crafts,155,2030.7499999999998,1240.1099999999997,790.6399999999999,0.3893339899052074
"2025-01-08",2025,1,1,January,Baby & Toddler,105,1675.6399999999999,968.2400000000002,707.3999999999996,0.4221670525888614
"2025-01-08",2025,1,1,January,Board Games,102,1768.6099999999994,971.85,796.7599999999999,0.45050067567185537
"2025-01-08",2025,1,1,January,Building Blocks,87,1350.15,768.9300000000001,581.22,0.43048550161093213
"2025-01-08",2025,1,1,January,Card Games,36,746.96,396.23999999999995,350.72,0.46952982756774125
"2025-01-08",2025,1,1,January,Collectibles,3,58.17,28.56,29.610000000000003,0.5090252707581228
"2025-01-08",2025,1,1,January,Dolls,62,1075.95,600.07,475.88,0.44228821041869976
"2025-01-08",2025,1,1,January,Educational,100,1839.17,1102.0999999999997,737.0699999999998,0.40076230038549987
"2025-01-08",2025,1,1,January,Model Kits,53,891.9099999999999,483.9800000000001,407.9299999999999,0.45736677467457476
"2025-01-08",2025,1,1,January,Outdoor Play,116,1712.6899999999996,943.4500000000002,769.2400000000005,0.44914140912833067
"2025-01-08",2025,1,1,January,Plush,80,1237.0900000000001,796.71,440.38000000000005,0.35598056729906474
"2025-01-08",2025,1,1,January,Pretend Play,99,1926.5900000000006,1137.2299999999998,789.3599999999997,0.4097187258316504
"2025-01-08",2025,1,1,January,Puzzles,153,2695.969999999999,1410.84,1285.1299999999997,0.4766855714269818
"2025-01-08",2025,1,1,January,STEM Kits,82,1566.0400000000002,883.7499999999999,682.2899999999998,0.4356785267298407
"2025-01-08",2025,1,1,January,Toy Vehicles,118,2071.5700000000006,1214.99,856.5799999999996,0.4134931477092251
"2025-01-09",2025,1,1,January,Action Figures,154,3915.4699999999984,2222.1699999999996,1693.3000000000004,0.43246404646185543
"2025-01-09",2025,1,1,January,Arts & Crafts,144,1738.3099999999995,1028.77,709.54,0.4081780579988611
"2025-01-09",2025,1,1,January,Baby & Toddler,137,2033.05,1161.7299999999993,871.3199999999996,0.42857775263766246
"2025-01-09",2025,1,1,January,Board Games,81,1155.6699999999998,634.6000000000001,521.0699999999999,0.450881306947485
"2025-01-09",2025,1,1,January,Building Blocks,116,1673.9399999999998,953.6899999999997,720.2500000000001,0.43027229171893866
"2025-01-09",2025,1,1,January,Card Games,66,1280.9000000000005,656.4,624.4999999999999,0.4875478179405103
"2025-01-09",2025,1,1,January,Collectibles,11,213.29000000000002,104.72,108.57000000000001,0.5090252707581228
"2025-01-09",2025,1,1,January,Dolls,104,1660.9199999999998,951.7000000000002,709.22,0.42700431086385865
"2025-01-09",2025,1,1,January,Educational,71,1264.17,761.1499999999999,503.02000000000004,0.39790534500897823
"2025-01-09",2025,1,1,January,Model Kits,56,1009.9100000000001,552.0600000000002,457.84999999999997,0.453357229852165
"2025-01-09",2025,1,1,January,Outdoor Play,97,1626.2299999999996,890.79,735.4400000000004,0.4522361535576152
"2025-01-09",2025,1,1,January,Plush,61,1005.8,588.6500000000001,417.15,0.41474448200437464
"2025-01-09",2025,1,1,January,Pretend Play,82,1401.7900000000004,834.88,566.9099999999999,0.4044186361723223
"2025-01-09",2025,1,1,January,Puzzles,132,2377.9000000000005,1252.1100000000001,1125.79,0.4734387484755455
"2025-01-09",2025,1,1,January,STEM Kits,92,1743.1900000000005,1008.2199999999998,734.97,0.4216235751696601
"2025-01-09",2025,1,1,January,Toy Vehicles,112,1549.0500000000002,913.62,635.43,0.4102062554468867
"2025-01-10",2025,1,1,January,Action Figures,154,3763.0799999999986,2073.879999999999,1689.1999999999998,0.44888761333801047
"2025-01-10",2025,1,1,January,Arts & Crafts,166,2012.2899999999993,1214.4899999999998,797.8000000000001,0.3964637303768345
"2025-01-10",2025,1,1,January,Baby & Toddler,104,1518.63,865.9999999999998,652.6299999999997,0.4297491818283582
"2025-01-10",2025,1,1,January,Board Games,104,1494.74,859.47,635.2699999999998,0.4250036795696909
"2025-01-10",2025,1,1,January,Building Blocks,104,1536.46,881.1199999999999,655.34,0.4265259102091822
"2025-01-10",2025,1,1,January,Card Games,59,1337.8400000000001,669.38,668.46,0.4996561621718591
"2025-01-10",2025,1,1,January,Collectibles,9,174.51,85.67999999999999,88.83000000000001,0.5090252707581229
"2025-01-10",2025,1,1,January,Dolls,86,1359.7199999999996,735.1700000000001,624.55,0.4593225075750891
"2025-01-10",2025,1,1,January,Educational,101,1766.09,1004.8199999999997,761.2699999999999,0.43104824782428974
"2025-01-10",2025,1,1,January,Model Kits,43,733.2700000000001,405.02,328.25,0.4476522972438528
"2025-01-10",2025,1,1,January,Outdoor Play,101,1841.4499999999996,1007.5699999999999,833.8800000000002,0.45283879551440465
"2025-01-10",2025,1,1,January,Plush,88,1594.5900000000004,934.69,659.9000000000003,0.41383678563141635
"2025-01-10",2025,1,1,January,Pretend Play,75,1422.0500000000004,840.5599999999998,581.4899999999999,0.40890967265567296
"2025-01-10",2025,1,1,January,Puzzles,128,1876.0500000000002,978.1700000000002,897.8799999999999,0.47860131659603944
"2025-01-10",2025,1,1,January,STEM Kits,81,1702.8700000000003,935.9399999999995,766.93,0.4503749552226534
"2025-01-10",2025,1,1,January,Toy Vehicles,102,1585.7399999999998,905.32,680.4199999999997,0.4290867355304147
"2025-01-11",2025,1,1,January,Action Figures,123,2424.8799999999997,1389.17,1035.7099999999996,0.4271180429547028
"2025-01-11",2025,1,1,January,Arts & Crafts,161,1929.8599999999997,1214.19,715.6700000000001,0.3708403718404445
"2025-01-11",2025,1,1,January,Baby & Toddler,157,2389.7099999999996,1393.54,996.1699999999996,0.41685811249063687
"2025-01-11",2025,1,1,January,Board Games,100,1726.9499999999998,979.2700000000001,747.6800000000001,0.43294826138568004
"2025-01-11",2025,1,1,January,Building Blocks,100,1808.9,972.2399999999999,836.6599999999997,0.4625241859693735
"2025-01-11",2025,1,1,January,Card Games,91,2079.97,1081.7000000000005,998.27,0.4799444222753213
"2025-01-11",2025,1,1,January,Collectibles,2,38.78,19.04,19.740000000000002,0.5090252707581228
"2025-01-11",2025,1,1,January,Dolls,110,1814.9199999999996,1005.38,809.5400000000001,0.4460472086923943
"2025-01-11",2025,1,1,January,Educational,90,1592.6099999999994,879.92,712.69,0.4474981319971621
"2025-01-11",2025,1,1,January,Model Kits,70,1173.33,671.58,501.74999999999994,0.42762905576436294
"2025-01-11",2025,1,1,January,Outdoor Play,97,1741.0700000000002,965.1099999999998,775.9600000000004,0.4456799554297072
"2025-01-11",2025,1,1,January,Plush,92,1510.9099999999996,878.6500000000002,632.2600000000002,0.41846304544943136
"2025-01-11",2025,1,1,January,Pretend Play,95,2074.7200000000003,1257.31,817.4099999999997,0.39398569445515524
"2025-01-11",2025,1,1,January,Puzzles,120,2029.01,1098.5500000000002,930.4599999999999,0.45857832144740535
"2025-01-11",2025,1,1,January,STEM Kits,74,1693.2500000000005,955.2399999999998,738.01,0.43585412667946244
"2025-01-11",2025,1,1,January,Toy Vehicles,125,1992.8800000000003,1157.4,835.4799999999996,0.41923246758460087
"2025-01-12",2025,1,1,January,Action Figures,110,2353.2799999999997,1338.5600000000002,1014.7199999999999,0.4311939080772369
"2025-01-12",2025,1,1,January,Arts & Crafts,131,1826.25,1075.3700000000001,750.8800000000002,0.41115947980835055
"2025-01-12",2025,1,1,January,Baby & Toddler,123,1618.9299999999994,922.7699999999996,696.1599999999996,0.4300124156078397
"2025-01-12",2025,1,1,January,Board Games,107,1927.1100000000004,1084.0800000000004,843.0300000000002,0.4374581627410994
"2025-01-12",2025,1,1,January,Building Blocks,75,1123.32,643.6000000000001,479.72,0.4270555140120358
"2025-01-12",2025,1,1,January,Card Games,71,1629.5799999999997,864.4499999999999,765.1300000000001,0.4695258901066534
"2025-01-12",2025,1,1,January,Collectibles,7,135.73000000000002,66.64,69.09,0.5090252707581226
"2025-01-12",2025,1,1,January,Dolls,101,1895.7299999999998,1052.32,843.4100000000001,0.44489985388214576
"2025-01-12",2025,1,1,January,Educational,73,1236.12,718.4199999999997,517.6999999999999,0.4188104714752613
"2025-01-12",2025,1,1,January,Model Kits,65,993.4600000000002,501.3800000000001,492.08,0.49531938880277004
"2025-01-12",2025,1,1,January,Outdoor Play,99,1477.27,836.24,641.0300000000001,0.4339288010993252
"2025-01-12",2025,1,1,January,Plush,74,1120.5700000000002,639.71,480.85999999999996,0.42912089383081814
"2025-01-12",2025,1,1,January,Pretend Play,91,1426.28,839.4499999999998,586.8299999999999,0.4114409512858625
"2025-01-12",2025,1,1,January,Puzzles,124,2293.34,1209.7100000000003,1083.6299999999997,0.4725117078148027
"2025-01-12",2025,1,1,January,STEM Kits,108,2202.55,1218.4699999999996,984.0799999999999,0.446791219268575
"2025-01-12",2025,1,1,January,Toy Vehicles,139,2283.3799999999997,1331.3899999999999,951.9899999999998,0.416921405985863
"2025-01-13",2025,1,1,January,Action Figures,164,2450.899999999999,1417.9,1033.0,0.42147782447264287
"2025-01-13",2025,1,1,January,Arts & Crafts,171,2088.3899999999994,1206.7299999999993,881.6599999999996,0.4221721038694879
"2025-01-13",2025,1,1,January,Baby & Toddler,135,2240.6900000000005,1253.6099999999997,987.0799999999997,0.4405250168474887
"2025-01-13",2025,1,1,January,Board Games,105,1816.04,1023.8700000000001,792.17,0.4362073522609634
"2025-01-13",2025,1,1,January,Building Blocks,108,1657.7699999999998,975.8599999999999,681.9099999999999,0.41134174221997016
"2025-01-13",2025,1,1,January,Card Games,80,1672.05,851.9700000000001,820.0800000000003,0.4904638019197992
"2025-01-13",2025,1,1,January,Collectibles,10,193.89999999999998,95.19999999999999,98.70000000000002,0.5090252707581229
"2025-01-13",2025,1,1,January,Dolls,86,1513.8600000000001,841.5,672.36,0.44413618168126506
"2025-01-13",2025,1,1,January,Educational,99,1892.5499999999997,1086.0899999999997,806.4599999999998,0.4261234841880003
"2025-01-13",2025,1,1,January,Model Kits,48,782.2900000000001,414.7300000000002,367.56,0.46985133390430656
"2025-01-13",2025,1,1,January,Outdoor Play,105,2003.9800000000002,1099.45,904.5300000000003,0.451366780107586
"2025-01-13",2025,1,1,January,Plush,73,1185.18,673.9000000000001,511.28000000000003,0.43139438735044466
"2025-01-13",2025,1,1,January,Pretend Play,83,1574.23,900.8100000000002,673.4200000000001,0.42777738958093803
"2025-01-13",2025,1,1,January,Puzzles,101,1864.3899999999996,926.24,938.1500000000001,0.5031940742012134
"2025-01-13",2025,1,1,January,STEM Kits,78,1495.5900000000004,844.4199999999998,651.1700000000002,0.4353933898996383
"2025-01-13",2025,1,1,January,Toy Vehicles,138,2336.3400000000006,1338.23,998.1099999999998,0.42721093676434063
"2025-01-14",2025,1,1,January,Action Figures,183,3846.7699999999986,2148.67,1698.1000000000004,0.44143528206781296
"2025-01-14",2025,1,1,January,Arts & Crafts,164,1924.9599999999994,1179.48,745.4800000000001,0.3872703848391657
"2025-01-14",2025,1,1,January,Baby & Toddler,110,1654.0499999999997,921.2199999999998,732.8299999999999,0.4430519029049908
"2025-01-14",2025,1,1,January,Board Games,113,1939.1100000000001,1113.5600000000002,825.5500000000002,0.4257365492416625
"2025-01-14",2025,1,1,January,Building Blocks,104,1373.529999999999,813.3599999999998,560.1700000000001,0.40783237351932644
"2025-01-14",2025,1,1,January,Card Games,64,1516.67,772.5800000000002,744.09,0.49060771295008143
"2025-01-14",2025,1,1,January,Dolls,114,1916.0099999999993,1062.06,853.95,0.44569182833075005
"2025-01-14",2025,1,1,January,Educational,106,1845.4599999999998,1101.9199999999998,743.5399999999998,0.4029022574317514
"2025-01-14",2025,1,1,January,Model Kits,37,711.1100000000001,424.94000000000005,286.17,0.40242719129248633
"2025-01-14",2025,1,1,January,Outdoor Play,101,1717.0799999999997,944.8,772.2800000000001,0.44976355207678165
"2025-01-14",2025,1,1,January,Plush,49,895.3799999999999,569.7700000000001,325.60999999999996,0.36365565458241195
"2025-01-14",2025,1,1,January,Pretend Play,69,1503.6000000000001,910.5699999999999,593.03,0.3944067571162543
"2025-01-14",2025,1,1,January,Puzzles,117,2045.83,1064.4599999999998,981.37,0.47969283860340306
"2025-01-14",2025,1,1,January,STEM Kits,77,1990.7100000000003,1095.6399999999996,895.0699999999998,0.4496235011629015
"2025-01-14",2025,1,1,January,Toy Vehicles,116,1991.9400000000007,1136.1400000000003,855.7999999999998,0.42963141460084114
"2025-01-15",2025,1,1,January,Action Figures,128,2404.379999999999,1358.6000000000004,1045.7800000000002,0.4349478867733056
"2025-01-15",2025,1,1,January,Arts & Crafts,115,1505.24,928.0300000000001,577.2100000000002,0.38346708830485515
"2025-01-15",2025,1,1,January,Baby & Toddler,124,1791.5399999999993,990.8699999999998,800.6699999999998,0.4469171774004489
"2025-01-15",2025,1,1,January,Board Games,83,1473.5999999999997,820.6000000000001,652.9999999999999,0.4431324647122693
"2025-01-15",2025,1,1,January,Building Blocks,102,1662.8499999999997,935.6800000000001,727.1700000000002,0.4373034248428904
"2025-01-15",2025,1,1,January,Card Games,79,1491.1100000000001,765.2200000000001,725.8900000000001,0.48681183816083323
"2025-01-15",2025,1,1,January,Collectibles,2,38.78,19.04,19.740000000000002,0.5090252707581228
"2025-01-15",2025,1,1,January,Dolls,113,2002.7999999999997,1113.2900000000002,889.5100000000003,0.4441332135010987
"2025-01-15",2025,1,1,January,Educational,95,1582.8699999999997,905.1999999999999,677.67,0.4281273888569498
"2025-01-15",2025,1,1,January,Model Kits,51,810.3600000000001,457.4800000000001,352.8799999999999,0.4354607828619377
"2025-01-15",2025,1,1,January,Outdoor Play,101,1753.0700000000002,983.29,769.7800000000001,0.43910397188931416
"2025-01-15",2025,1,1,January,Plush,92,1510.8899999999994,936.0999999999998,574.7900000000001,0.38043140135946385
"2025-01-15",2025,1,1,January,Pretend Play,79,1294.69,808.2200000000001,486.4700000000001,0.37574245572299164
"2025-01-15",2025,1,1,January,Puzzles,138,2188.64,1165.5900000000001,1023.0499999999998,0.4674363988595657
"2025-01-15",2025,1,1,January,STEM Kits,89,1565.7199999999998,900.59,665.1299999999998,0.42480775617607225
"2025-01-15",2025,1,1,January,Toy Vehicles,82,1260.92,726.06,534.8599999999998,0.42418234305110536
"2025-01-16",2025,1,1,January,Action Figures,136,3110.7,1722.21,1388.4899999999998,0.44635934034140223
"2025-01-16",2025,1,1,January,Arts & Crafts,170,2053.33,1218.41,834.9200000000001,0.40661754321029747
"2025-01-16",2025,1,1,January,Baby & Toddler,157,2306.43,1336.4199999999994,970.0099999999994,0.4205677172079792
"2025-01-16",2025,1,1,January,Board Games,127,2247.7999999999997,1201.4399999999998,1046.3599999999997,0.46550404840288273
"2025-01-16",2025,1,1,January,Building Blocks,85,1150.29,663.8,486.49,0.4229281311669231
"2025-01-16",2025,1,1,January,Card Games,99,2457.1600000000003,1231.5,1225.6599999999996,0.49881163619788677
"2025-01-16",2025,1,1,January,Collectibles,6,116.34,57.12,59.220000000000006,0.5090252707581228
"2025-01-16",2025,1,1,January,Dolls,119,2101.189999999999,1145.07,956.1200000000001,0.45503738357787754
"2025-01-16",2025,1,1,January,Educational,101,1651.4600000000003,963.1899999999998,688.2699999999995,0.41676455984401645
"2025-01-16",2025,1,1,January,Model Kits,30,514.43,286.24,228.19000000000003,0.44357832941313696
"2025-01-16",2025,1,1,January,Outdoor Play,106,1956.4299999999998,1108.5199999999993,847.9100000000003,0.433396543704605
"2025-01-16",2025,1,1,January,Plush,83,1257.4,737.2000000000003,520.2,0.4137108318752982
"2025-01-16",2025,1,1,January,Pretend Play,86,1760.1000000000001,1052.5,707.5999999999999,0.40202261235157083
"2025-01-16",2025,1,1,January,Puzzles,128,2400.2699999999995,1235.3200000000004,1164.95,0.4853412324446834
"2025-01-16",2025,1,1,January,STEM Kits,79,1738.4200000000008,980.7399999999997,757.6800000000001,0.4358440422912758
"2025-01-16",2025,1,1,January,Toy Vehicles,143,2079.8900000000003,1209.64,870.2499999999997,0.4184115506108494
"2025-01-17",2025,1,1,January,Action Figures,157,2943.9799999999987,1621.6699999999998,1322.31,0.44915726329662586
"2025-01-17",2025,1,1,January,Arts & Crafts,162,1910.87,1132.49,778.3799999999998,0.40734325202656374
"2025-01-17",2025,1,1,January,Baby & Toddler,153,2686.3599999999983,1488.6600000000003,1197.6999999999998,0.44584493515388873
"2025-01-17",2025,1,1,January,Board Games,143,2428.7499999999995,1363.9400000000007,1064.8099999999997,0.4384189397838394
"2025-01-17",2025,1,1,January,Building Blocks,95,1490.4200000000003,850.3499999999999,640.0699999999998,0.42945612646099734
"2025-01-17",2025,1,1,January,Card Games,64,1478.5800000000002,801.78,676.8000000000001,0.45773647688998903
"2025-01-17",2025,1,1,January,Collectibles,12,232.68,114.23999999999998,118.44000000000001,0.5090252707581228
"2025-01-17",2025,1,1,January,Dolls,101,1844.0500000000002,1043.9900000000002,800.0600000000003,0.43386025324692945
"2025-01-17",2025,1,1,January,Educational,79,1513.1100000000001,858.6800000000002,654.43,0.43250655933805204
"2025-01-17",2025,1,1,January,Model Kits,28,485.08,250.06,235.02,0.4844974024903109
"2025-01-17",2025,1,1,January,Outdoor Play,86,1363.1300000000003,728.05,635.0800000000002,0.4658983369157747
"2025-01-17",2025,1,1,January,Plush,94,1306.52,778.13,528.3900000000001,0.40442549673943
"2025-01-17",2025,1,1,January,Pretend Play,76,1764.7200000000003,1079.3700000000001,685.3499999999999,0.388361893104855
"2025-01-17",2025,1,1,January,Puzzles,122,2219.1599999999994,1162.5900000000001,1056.5700000000002,0.4761125831395665
"2025-01-17",2025,1,1,January,STEM Kits,70,1332.21,755.48,576.7300000000001,0.4329122285525556
"2025-01-17",2025,1,1,January,Toy Vehicles,141,2480.150000000001,1379.6599999999999,1100.49,0.44371912989133705
"2025-01-18",2025,1,1,January,Action Figures,120,2209.249999999999,1249.7200000000005,959.5299999999996,0.4343238655652371
"2025-01-18",2025,1,1,January,Arts & Crafts,158,2164.5399999999995,1321.3299999999995,843.2099999999998,0.38955621055743944
"2025-01-18",2025,1,1,January,Baby & Toddler,139,2104.0799999999995,1173.46,930.6199999999998,0.442293068704612
"2025-01-18",2025,1,1,January,Board Games,112,1854.1499999999996,1032.5100000000002,821.64,0.44313566863522375
"2025-01-18",2025,1,1,January,Building Blocks,86,1238.78,728.2300000000001,510.55,0.41213936292158415
"2025-01-18",2025,1,1,January,Card Games,51,1112.98,583.28,529.7000000000002,0.475929486603533
"2025-01-18",2025,1,1,January,Collectibles,5,96.95,47.599999999999994,49.35000000000001,0.5090252707581229
"2025-01-18",2025,1,1,January,Dolls,94,1534.4799999999996,850.9799999999999,683.4999999999999,0.44542776706115433
"2025-01-18",2025,1,1,January,Educational,104,1757.2200000000003,1015.0799999999998,742.14,0.4223375559121794
"2025-01-18",2025,1,1,January,Model Kits,72,1203.7599999999998,627.0900000000001,576.6699999999998,0.47905728716687707
"2025-01-18",2025,1,1,January,Outdoor Play,111,1753.3799999999999,1002.1899999999999,751.1900000000002,0.42842395829768803
"2025-01-18",2025,1,1,January,Plush,81,1220.5199999999998,768.2500000000001,452.27,0.3705551732048636
"2025-01-18",2025,1,1,January,Pretend Play,118,2147.54,1339.3000000000002,808.2399999999998,0.3763562029112379
"2025-01-18",2025,1,1,January,Puzzles,91,1782.5799999999995,938.8399999999999,843.7400000000001,0.47332518035656207
"2025-01-18",2025,1,1,January,STEM Kits,94,1803.7700000000004,1029.4299999999998,774.3400000000001,0.42928976532484736
"2025-01-18",2025,1,1,January,Toy Vehicles,108,1887.5200000000004,1112.1100000000001,775.4099999999999,0.41080889209120947
"2025-01-19",2025,1,1,January,Action Figures,124,2741.5699999999993,1559.21,1182.3599999999997,0.4312711329639586
"2025-01-19",2025,1,1,January,Arts & Crafts,145,1777.8400000000004,1078.3700000000001,699.4699999999999,0.39343810466633655
"2025-01-19",2025,1,1,January,Baby & Toddler,113,1630.2999999999997,938.1599999999995,692.14,0.42454762927068646
"2025-01-19",2025,1,1,January,Board Games,82,1705.11,933.2499999999999,771.8600000000001,0.45267460750332833
"2025-01-19",2025,1,1,January,Building Blocks,89,1282.5899999999997,725.4499999999999,557.1399999999999,0.43438667072096304
"2025-01-19",2025,1,1,January,Card Games,59,1392.98,736.2299999999999,656.7500000000001,0.47147123433215127
"2025-01-19",2025,1,1,January,Collectibles,1,19.39,9.52,9.870000000000001,0.5090252707581228
"2025-01-19",2025,1,1,January,Dolls,99,1836.17,1007.1699999999998,829.0000000000002,0.4514832504615587
"2025-01-19",2025,1,1,January,Educational,134,2377.85,1307.4099999999996,1070.44,0.45017137329940915
"2025-01-19",2025,1,1,January,Model Kits,60,1110.14,613.3700000000001,496.7699999999998,0.447484101104365
"2025-01-19",2025,1,1,January,Outdoor Play,98,1702.2399999999998,942.9899999999998,759.2500000000001,0.44602993702415655
"2025-01-19",2025,1,1,January,Plush,74,1151.9099999999996,693.18,458.7300000000001,0.39823423704976973
"2025-01-19",2025,1,1,January,Pretend Play,121,2312.5300000000007,1424.61,887.9199999999998,0.3839604242971981
"2025-01-19",2025,1,1,January,Puzzles,82,1337.54,694.09,643.4499999999999,0.4810697250175695
"2025-01-19",2025,1,1,January,STEM Kits,92,2130.2599999999998,1189.09,941.17,0.44180991991587887
"2025-01-19",2025,1,1,January,Toy Vehicles,97,1710.5700000000002,1000.8899999999995,709.68,0.41487925077605703
"2025-01-20",2025,1,1,January,Action Figures,123,2348.5899999999992,1331.43,1017.1600000000001,0.4330938988925272
"2025-01-20",2025,1,1,January,Arts & Crafts,155,1807.7299999999996,1096.85,710.8800000000001,0.39324456638989247
"2025-01-20",2025,1,1,January,Baby & Toddler,114,1640.9699999999996,928.4399999999998,712.5299999999999,0.43421269127406353
"2025-01-20",2025,1,1,January,Board Games,83,1477.9499999999996,793.4000000000001,684.5500000000001,0.4631753442268008
"2025-01-20",2025,1,1,January,Building Blocks,104,1382.54,787.75,594.7900000000002,0.430215400639403
"2025-01-20",2025,1,1,January,Card Games,109,2284.99,1155.7100000000005,1129.2800000000002,0.49421660488667357
"2025-01-20",2025,1,1,January,Collectibles,9,174.51000000000002,85.68,88.83000000000001,0.5090252707581228
"2025-01-20",2025,1,1,January,Dolls,94,1599.45,899.8900000000002,699.5600000000002,0.437375347775798
"2025-01-20",2025,1,1,January,Educational,100,1838.2800000000004,995.56,842.7199999999999,0.4584285310181255
"2025-01-20",2025,1,1,January,Model Kits,64,1017.7500000000001,571.3300000000002,446.41999999999985,0.4386342422009332
"2025-01-20",2025,1,1,January,Outdoor Play,126,2383.8100000000004,1321.02,1062.79,0.44583670678451714
"2025-01-20",2025,1,1,January,Plush,69,1165.9700000000003,732.34,433.63,0.37190493751983317
"2025-01-20",2025,1,1,January,Pretend Play,95,1638.7800000000009,962.9799999999998,675.8,0.41237994117575244
"2025-01-20",2025,1,1,January,Puzzles,97,1862.3799999999999,991.3300000000002,871.0499999999997,0.4677079865548383
"2025-01-20",2025,1,1,January,STEM Kits,78,1537.42,848.1599999999999,689.26,0.44832251434220965
"2025-01-20",2025,1,1,January,Toy Vehicles,126,2062.3300000000004,1153.17,909.1599999999999,0.44084118448550896
"2025-01-21",2025,1,1,January,Action Figures,118,2319.2699999999986,1300.31,1018.9600000000004,0.43934513877211406
"2025-01-21",2025,1,1,January,Arts & Crafts,142,1955.3799999999994,1218.0999999999997,737.28,0.3770520308073112
"2025-01-21",2025,1,1,January,Baby & Toddler,126,1787.6699999999996,1017.4399999999996,770.2299999999996,0.4308569254951975
"2025-01-21",2025,1,1,January,Board Games,72,1326.6399999999996,753.8700000000002,572.7699999999999,0.43174485919314964
"2025-01-21",2025,1,1,January,Building Blocks,86,1201.2399999999998,685.9999999999999,515.2399999999999,0.42892344577270153
"2025-01-21",2025,1,1,January,Card Games,56,1205.79,614.9699999999999,590.8200000000002,0.48998581842609423
"2025-01-21",2025,1,1,January,Dolls,120,2152.89,1223.4500000000003,929.4399999999999,0.4317173659592455
"2025-01-21",2025,1,1,January,Educational,108,1969.4399999999991,1071.56,897.8800000000002,0.45590624746120756
"2025-01-21",2025,1,1,January,Model Kits,54,700.0500000000001,369.8400000000001,330.2099999999999,0.4716948789372186
"2025-01-21",2025,1,1,January,Outdoor Play,141,2434.29,1347.22,1087.0700000000006,0.44656552834707475
"2025-01-21",2025,1,1,January,Plush,89,1355.8199999999995,786.9899999999999,568.83,0.41954684250121715
"2025-01-21",2025,1,1,January,Pretend Play,113,2041.2199999999993,1229.3199999999997,811.8999999999997,0.39775232459019605
"2025-01-21",2025,1,1,January,Puzzles,120,2224.69,1206.1900000000003,1018.5,0.45781659467161717
"2025-01-21",2025,1,1,January,STEM Kits,92,2059.78,1129.6599999999999,930.1199999999998,0.45156278825894014
"2025-01-21",2025,1,1,January,Toy Vehicles,160,2790.48,1572.1400000000008,1218.3399999999997,0.43660588859264343
"2025-01-22",2025,1,1,January,Action Figures,126,2496.8799999999987,1420.1099999999997,1076.77,0.4312461952516743
"2025-01-22",2025,1,1,January,Arts & Crafts,121,1354.9899999999993,836.2599999999999,518.73,0.3828293935748605
"2025-01-22",2025,1,1,January,Baby & Toddler,139,2243.8599999999997,1261.479999999999,982.3799999999995,0.4378080628916241
"2025-01-22",2025,1,1,January,Board Games,99,1756.87,977.07,779.8000000000001,0.443857542106132
"2025-01-22",2025,1,1,January,Building Blocks,74,1036.29,614.15,422.13999999999993,0.4073570139632728
"2025-01-22",2025,1,1,January,Card Games,63,1532.8200000000002,772.38,760.4400000000002,0.4961052178337966
"2025-01-22",2025,1,1,January,Collectibles,12,232.68,114.24,118.44000000000003,0.5090252707581229
"2025-01-22",2025,1,1,January,Dolls,98,1785.26,942.1999999999999,843.0600000000002,0.47223373626250525
"2025-01-22",2025,1,1,January,Educational,72,1336.4099999999999,740.9,595.5099999999998,0.4456042681512409
"2025-01-22",2025,1,1,January,Model Kits,54,959.2700000000002,541.7,417.57,0.4352997591918854
"2025-01-22",2025,1,1,January,Outdoor Play,99,1690.7399999999998,916.5499999999997,774.19,0.45790009108437735
"2025-01-22",2025,1,1,January,Plush,79,1561.0999999999997,941.2699999999999,619.83,0.3970469540708476
"2025-01-22",2025,1,1,January,Pretend Play,81,1585.7099999999998,966.99,618.7199999999999,0.3901848383374009
"2025-01-22",2025,1,1,January,Puzzles,122,2313.8199999999993,1190.8100000000004,1123.0100000000002,0.48534890354478766
"2025-01-22",2025,1,1,January,STEM Kits,69,1409.7299999999993,829.07,580.66,0.4118944762472248
"2025-01-22",2025,1,1,January,Toy Vehicles,128,2047.3700000000008,1164.8700000000001,882.4999999999994,0.43104079868318823
"2025-01-23",2025,1,1,January,Action Figures,138,3002.2199999999993,1658.2,1344.0200000000002,0.44767538688037534
"2025-01-23",2025,1,1,January,Arts & Crafts,142,1787.7699999999998,1113.32,674.4499999999998,0.3772577009346839
"2025-01-23",2025,1,1,January,Baby & Toddler,147,2369.0999999999995,1312.4199999999998,1056.6799999999998,0.4460259170149002
"2025-01-23",2025,1,1,January,Board Games,91,1671.6999999999996,925.8100000000003,745.89,0.4461865167195072
"2025-01-23",2025,1,1,January,Building Blocks,103,1431.6899999999998,823.0999999999998,608.59,0.4250850393590792
"2025-01-23",2025,1,1,January,Card Games,72,1646.07,840.1300000000001,805.9399999999998,0.48961465794285774
"2025-01-23",2025,1,1,January,Dolls,74,1452.1199999999997,797.6800000000001,654.4400000000002,0.45067900724458054
"2025-01-23",2025,1,1,January,Educational,92,1503.5099999999998,827.1899999999999,676.3199999999999,0.4498274038749327
"2025-01-23",2025,1,1,January,Model Kits,67,1065.81,570.1,495.7099999999999,0.46510165977050316
"2025-01-23",2025,1,1,January,Outdoor Play,91,1506.06,808.0699999999999,697.9900000000002,0.46345431124922
"2025-01-23",2025,1,1,January,Plush,66,1200.54,672.47,528.07,0.4398603961550636
"2025-01-23",2025,1,1,January,Pretend Play,90,2024.4500000000003,1196.34,828.1099999999999,0.4090543110474449
"2025-01-23",2025,1,1,January,Puzzles,96,1713.8999999999994,913.4200000000002,800.4799999999999,0.4670517533111618
"2025-01-23",2025,1,1,January,STEM Kits,89,1914.9900000000002,1084.37,830.6200000000001,0.4337463903205761
"2025-01-23",2025,1,1,January,Toy Vehicles,140,2519.2700000000013,1461.2100000000003,1058.0599999999997,0.41998674219119
"2025-01-24",2025,1,1,January,Action Figures,121,2719.9799999999996,1533.8899999999996,1186.0899999999997,0.4360657063654879
"2025-01-24",2025,1,1,January,Arts & Crafts,185,2487.0599999999995,1462.1900000000003,1024.87,0.4120809308983298
"2025-01-24",2025,1,1,January,Baby & Toddler,195,2765.1499999999996,1608.18,1156.9699999999993,0.41841129775961505
"2025-01-24",2025,1,1,January,Board Games,114,1953.4999999999993,1070.3400000000001,883.1600000000001,0.4520911185052472
"2025-01-24",2025,1,1,January,Building Blocks,91,1343.05,765.21,577.8399999999999,0.43024459253192354
"2025-01-24",2025,1,1,January,Card Games,80,1832.94,956.5400000000002,876.4000000000002,0.4781389461739065
"2025-01-24",2025,1,1,January,Collectibles,6,116.34,57.11999999999999,59.22000000000001,0.5090252707581229
"2025-01-24",2025,1,1,January,Dolls,116,2084.4399999999996,1126.4399999999998,958.0000000000002,0.45959586267774577
"2025-01-24",2025,1,1,January,Educational,95,1843.7499999999998,1032.71,811.0400000000001,0.4398861016949154
"2025-01-24",2025,1,1,January,Model Kits,33,642.04,382.26,259.78000000000003,0.40461653479533993
"2025-01-24",2025,1,1,January,Outdoor Play,141,2354.0900000000006,1289.26,1064.8300000000004,0.45233189895033754
"2025-01-24",2025,1,1,January,Plush,109,1800.0600000000002,1135.7,664.3600000000002,0.36907658633601115
"2025-01-24",2025,1,1,January,Pretend Play,92,2016.6699999999998,1271.8100000000002,744.8599999999998,0.36935145561742866
"2025-01-24",2025,1,1,January,Puzzles,146,2561.8700000000013,1331.7700000000004,1230.1000000000004,0.48015707276325487
"2025-01-24",2025,1,1,January,STEM Kits,73,1548.7900000000006,863.4799999999998,685.3100000000001,0.44248090444798827
"2025-01-24",2025,1,1,January,Toy Vehicles,191,3332.28,1915.3500000000013,1416.9299999999996,0.42521336742410587
"2025-01-25",2025,1,1,January,Action Figures,172,2945.8199999999983,1676.2099999999998,1269.61,0.43098695779103974
"2025-01-25",2025,1,1,January,Arts & Crafts,125,1460.4399999999996,877.4299999999998,583.01,0.399201610473556
"2025-01-25",2025,1,1,January,Baby & Toddler,199,3280.309999999999,1846.639999999999,1433.6699999999998,0.4370532053373005
"2025-01-25",2025,1,1,January,Board Games,83,1337.0599999999997,759.39,577.67,0.4320449344083288
"2025-01-25",2025,1,1,January,Building Blocks,79,1239.51,719.4200000000001,520.0899999999999,0.41959322635557594
"2025-01-25",2025,1,1,January,Card Games,92,2104.9899999999993,1115.3300000000002,989.66,0.47014950189787136
"2025-01-25",2025,1,1,January,Collectibles,6,116.34,57.12,59.220000000000006,0.5090252707581228
"2025-01-25",2025,1,1,January,Dolls,99,1986.4099999999996,1077.85,908.5600000000002,0.45738795112791436
"2025-01-25",2025,1,1,January,Educational,107,2062.16,1173.4699999999998,888.6899999999998,0.4309510416262559
"2025-01-25",2025,1,1,January,Model Kits,53,777.7200000000001,424.42000000000013,353.29999999999995,0.45427660340482423
"2025-01-25",2025,1,1,January,Outdoor Play,97,1576.6499999999999,876.8300000000002,699.8200000000002,0.4438651571369678
"2025-01-25",2025,1,1,January,Plush,61,933.8100000000001,541.6100000000001,392.20000000000005,0.41999978582366865
"2025-01-25",2025,1,1,January,Pretend Play,101,1583.8300000000004,986.9599999999997,596.8699999999999,0.37685231369528277
"2025-01-25",2025,1,1,January,Puzzles,118,1758.5199999999998,940.9100000000001,817.6099999999998,0.4649421104110274
"2025-01-25",2025,1,1,January,STEM Kits,111,2220.7900000000004,1247.8899999999996,972.8999999999999,0.4380873472953317
"2025-01-25",2025,1,1,January,Toy Vehicles,124,2278.2,1311.640000000001,966.5599999999997,0.42426477043279776
"2025-01-26",2025,1,1,January,Action Figures,152,2717.259999999999,1556.8900000000006,1160.3700000000001,0.4270367944179065
"2025-01-26",2025,1,1,January,Arts & Crafts,145,1813.489999999999,1120.5,692.99,0.3821305879822885
"2025-01-26",2025,1,1,January,Baby & Toddler,123,1825.6899999999996,1042.5999999999997,783.0899999999999,0.42892824082949466
"2025-01-26",2025,1,1,January,Board Games,74,1346.9099999999999,731.7700000000002,615.1400000000001,0.456704605355963
"2025-01-26",2025,1,1,January,Building Blocks,82,1254.48,690.3199999999999,564.16,0.4497162170779924
"2025-01-26",2025,1,1,January,Card Games,60,1437.0699999999997,738.13,698.9400000000002,0.4863646168940972
"2025-01-26",2025,1,1,January,Collectibles,6,116.34,57.11999999999999,59.22000000000001,0.5090252707581229
"2025-01-26",2025,1,1,January,Dolls,88,1520.5899999999992,878.62,641.9700000000003,0.42218480984354795
"2025-01-26",2025,1,1,January,Educational,106,1961.83,1133.7400000000002,828.0899999999998,0.42210079364674813
"2025-01-26",2025,1,1,January,Model Kits,68,971.6,537.3300000000002,434.2699999999999,0.4469637710992177
"2025-01-26",2025,1,1,January,Outdoor Play,136,2552.519999999999,1375.67,1176.8500000000006,0.46105417391440656
"2025-01-26",2025,1,1,January,Plush,76,1294.8200000000002,735.1300000000001,559.6899999999999,0.4322531317094267
"2025-01-26",2025,1,1,January,Pretend Play,65,1236.6599999999999,758.0400000000002,478.61999999999995,0.3870263451554995
"2025-01-26",2025,1,1,January,Puzzles,105,2198.6699999999996,1142.6100000000004,1056.06,0.480317646577249
"2025-01-26",2025,1,1,January,STEM Kits,73,1569.49,887.76,681.7300000000002,0.43436402907951005
"2025-01-26",2025,1,1,January,Toy Vehicles,111,1851.8700000000006,1070.3099999999995,781.5599999999997,0.42203826402501227
"2025-01-27",2025,1,1,January,Action Figures,130,2250.769999999999,1302.7099999999998,948.0600000000001,0.421215850575581
"2025-01-27",2025,1,1,January,Arts & Crafts,143,1718.9800000000002,1011.0200000000002,707.9599999999999,0.4118488871307402
"2025-01-27",2025,1,1,January,Baby & Toddler,130,2047.32,1141.1299999999994,906.1899999999996,0.44262255045620597
"2025-01-27",2025,1,1,January,Board Games,92,1526.7199999999996,858.0600000000001,668.66,0.4379715992454413
"2025-01-27",2025,1,1,January,Building Blocks,81,1385.32,756.4699999999998,628.85,0.453938440215979
"2025-01-27",2025,1,1,January,Card Games,74,1636.8700000000001,847.2099999999999,789.6600000000002,0.48242071758905725
"2025-01-27",2025,1,1,January,Collectibles,13,252.07,123.75999999999999,128.31000000000003,0.5090252707581229
"2025-01-27",2025,1,1,January,Dolls,79,1461.5,814.2400000000001,647.2600000000001,0.4428737598357852
"2025-01-27",2025,1,1,January,Educational,86,1439.1599999999999,810.28,628.8799999999999,0.43697712554545703
"2025-01-27",2025,1,1,January,Model Kits,55,881.31,455.69000000000005,425.6199999999999,0.4829401686126334
"2025-01-27",2025,1,1,January,Outdoor Play,126,2788.4599999999987,1566.1400000000003,1222.3200000000006,0.4383494832273015
"2025-01-27",2025,1,1,January,Plush,68,1022.18,622.0300000000002,400.15000000000003,0.39146725625623674
"2025-01-27",2025,1,1,January,Pretend Play,80,1741.8299999999997,1060.5000000000002,681.3299999999999,0.39115757565319237
"2025-01-27",2025,1,1,January,Puzzles,94,1549.9600000000003,836.6800000000001,713.2800000000001,0.4601925210973186
"2025-01-27",2025,1,1,January,STEM Kits,94,1750.51,956.8699999999998,793.6400000000001,0.45337644457900844
"2025-01-27",2025,1,1,January,Toy Vehicles,120,2026.89,1197.23,829.6599999999999,0.4093266038117509
"2025-01-28",2025,1,1,January,Action Figures,141,2459.9999999999995,1381.5199999999998,1078.4799999999998,0.43840650406504067
"2025-01-28",2025,1,1,January,Arts & Crafts,118,1488.3400000000001,912.7500000000001,575.59,0.3867328701775132
"2025-01-28",2025,1,1,January,Baby & Toddler,116,1996.1999999999998,1122.4699999999998,873.7299999999998,0.4376966235848111
"2025-01-28",2025,1,1,January,Board Games,124,1948.6699999999996,1082.6200000000001,866.0500000000001,0.4444313300866746
"2025-01-28",2025,1,1,January,Building Blocks,70,1069.0099999999998,605.47,463.5400000000001,0.43361614952152006
"2025-01-28",2025,1,1,January,Card Games,66,1649.9399999999998,842.8900000000002,807.05,0.48913899899390284
"2025-01-28",2025,1,1,January,Collectibles,2,38.78,19.04,19.740000000000002,0.5090252707581228
"2025-01-28",2025,1,1,January,Dolls,111,1974.7499999999998,1062.75,912.0,0.46183061146980636
"2025-01-28",2025,1,1,January,Educational,98,1644.6799999999994,925.4799999999999,719.2,0.43728871269791103
"2025-01-28",2025,1,1,January,Model Kits,25,377.00000000000006,206.79000000000005,170.21,0.4514854111405835
"2025-01-28",2025,1,1,January,Outdoor Play,104,2140.1000000000004,1212.1100000000001,927.9900000000004,0.43361992430260277
"2025-01-28",2025,1,1,January,Plush,69,1102.23,676.4200000000001,425.80999999999995,0.3863168304255917
"2025-01-28",2025,1,1,January,Pretend Play,78,1534.22,949.9099999999999,584.3099999999998,0.3808515076064709
"2025-01-28",2025,1,1,January,Puzzles,116,2061.4500000000003,1125.9200000000003,935.5300000000001,0.4538213393485168
"2025-01-28",2025,1,1,January,STEM Kits,60,1188.9500000000003,671.0,517.95,0.4356364859750199
"2025-01-28",2025,1,1,January,Toy Vehicles,145,2431.6100000000006,1387.0600000000006,1044.5499999999997,0.42957135395889945
"2025-01-29",2025,1,1,January,Action Figures,136,2653.059999999999,1512.7199999999996,1140.34,0.4298206599172278
"2025-01-29",2025,1,1,January,Arts & Crafts,164,1983.2399999999998,1193.9999999999995,789.2400000000001,0.397954861741393
"2025-01-29",2025,1,1,January,Baby & Toddler,157,2262.0999999999995,1333.0099999999993,929.0899999999995,0.4107201273153263
"2025-01-29",2025,1,1,January,Board Games,80,1477.5299999999997,801.6900000000002,675.84,0.45741203224300025
"2025-01-29",2025,1,1,January,Building Blocks,88,1072.4,632.0999999999999,440.2999999999999,0.41057441253263693
"2025-01-29",2025,1,1,January,Card Games,79,1715.6500000000005,889.3700000000001,826.2800000000001,0.48161338268294807
"2025-01-29",2025,1,1,January,Dolls,97,1782.9699999999991,979.7700000000001,803.2000000000003,0.4504843042788161
"2025-01-29",2025,1,1,January,Educational,91,1577.43,951.74,625.6899999999998,0.39665151543967075
"2025-01-29",2025,1,1,January,Model Kits,25,440.36,236.58000000000004,203.77999999999997,0.46275774366427463
"2025-01-29",2025,1,1,January,Outdoor Play,111,1835.4200000000003,1004.6000000000001,830.8200000000002,0.4526593368275381
"2025-01-29",2025,1,1,January,Plush,117,1975.02,1178.4800000000005,796.54,0.40330730828042244
"2025-01-29",2025,1,1,January,Pretend Play,100,1890.7899999999997,1162.9800000000002,727.81,0.3849237620253968
"2025-01-29",2025,1,1,January,Puzzles,94,1730.9799999999993,930.8900000000001,800.0899999999999,0.46221793434932823
"2025-01-29",2025,1,1,January,STEM Kits,109,2214.7400000000002,1244.5999999999995,970.14,0.4380378735201423
"2025-01-29",2025,1,1,January,Toy Vehicles,136,2274.1899999999996,1345.2400000000005,928.9499999999998,0.4084751054221503
"2025-01-30",2025,1,1,January,Action Figures,149,2683.3799999999983,1523.19,1160.1899999999998,0.43236142477025263
"2025-01-30",2025,1,1,January,Arts & Crafts,188,2218.0299999999993,1328.9099999999996,889.1200000000002,0.4008602228103319
"2025-01-30",2025,1,1,January,Baby & Toddler,124,2011.2000000000003,1135.6799999999998,875.5199999999999,0.43532219570405717
"2025-01-30",2025,1,1,January,Board Games,115,2044.9699999999998,1145.5700000000002,899.3999999999997,0.43981085297094813
"2025-01-30",2025,1,1,January,Building Blocks,75,1284.8700000000001,722.51,562.36,0.43767852000591495
"2025-01-30",2025,1,1,January,Card Games,81,1713.4,859.0199999999999,854.3800000000001,0.4986459670829929
"2025-01-30",2025,1,1,January,Collectibles,14,271.46000000000004,133.27999999999997,138.18,0.5090252707581226
"2025-01-30",2025,1,1,January,Dolls,100,1703.6099999999997,949.5500000000001,754.0600000000001,0.44262477914546183
"2025-01-30",2025,1,1,January,Educational,131,2382.939999999999,1335.6399999999996,1047.3,0.4394991061461893
"2025-01-30",2025,1,1,January,Model Kits,55,925.0300000000001,502.51,422.51999999999987,0.4567635644249374
"2025-01-30",2025,1,1,January,Outdoor Play,147,2777.5899999999992,1542.1899999999998,1235.4000000000008,0.44477406672691117
"2025-01-30",2025,1,1,January,Plush,102,1543.8300000000002,957.5099999999999,586.32,0.3797827481005033
"2025-01-30",2025,1,1,January,Pretend Play,86,1768.1799999999998,1094.08,674.1,0.3812394665701456
"2025-01-30",2025,1,1,January,Puzzles,131,2571.1899999999996,1316.31,1254.8800000000003,0.4880541694701677
"2025-01-30",2025,1,1,January,STEM Kits,118,2259.9,1306.79,953.1099999999999,0.42174874994468775
"2025-01-30",2025,1,1,January,Toy Vehicles,148,2449.4100000000003,1467.6100000000004,981.7999999999997,0.40083122057964965
"2025-01-31",2025,1,1,January,Action Figures,148,3399.98,1912.1799999999996,1487.8,0.4375908093577021
"2025-01-31",2025,1,1,January,Arts & Crafts,164,2299.12,1399.48,899.6399999999999,0.39129753992832034
"2025-01-31",2025,1,1,January,Baby & Toddler,110,1703.1599999999999,964.5799999999998,738.58,0.43365273961342454
"2025-01-31",2025,1,1,January,Board Games,76,1311.0999999999997,733.49,577.61,0.4405537335062163
"2025-01-31",2025,1,1,January,Building Blocks,113,1892.9399999999996,1054.6400000000003,838.3000000000001,0.4428560862996187
"2025-01-31",2025,1,1,January,Card Games,78,1829.3000000000002,929.52,899.7800000000001,0.49187120756573555
"2025-01-31",2025,1,1,January,Collectibles,2,38.78,19.04,19.740000000000002,0.5090252707581228
"2025-01-31",2025,1,1,January,Dolls,86,1459.1999999999998,838.93,620.2700000000001,0.42507538377192994
"2025-01-31",2025,1,1,January,Educational,109,1868.5399999999997,1088.9099999999999,779.6299999999998,0.41724019822963376
"2025-01-31",2025,1,1,January,Model Kits,70,1303.5999999999995,776.4499999999999,527.1499999999999,0.4043801779687021
"2025-01-31",2025,1,1,January,Outdoor Play,96,1673.48,923.3700000000002,750.11,0.4482336209575256
"2025-01-31",2025,1,1,January,Plush,77,1222.6800000000003,731.6200000000001,491.05999999999995,0.40162593646743205
"2025-01-31",2025,1,1,January,Pretend Play,79,1749.3500000000004,1114.6200000000001,634.73,0.36283762540372133
"2025-01-31",2025,1,1,January,Puzzles,142,2421.0599999999995,1284.0399999999997,1137.0199999999998,0.4696372663213634
"2025-01-31",2025,1,1,January,STEM Kits,116,2437.9,1373.2499999999995,1064.65,0.4367078223060831
"2025-01-31",2025,1,1,January,Toy Vehicles,124,2265.9800000000005,1271.11,994.8699999999997,0.43904624047873303
"2025-02-01",2025,1,2,February,Action Figures,142,3186.079999999998,1773.3899999999999,1412.6899999999996,0.44339439059910624
"2025-02-01",2025,1,2,February,Arts & Crafts,133,1615.6899999999996,991.3299999999998,624.3600000000001,0.3864355167142213
"2025-02-01",2025,1,2,February,Baby & Toddler,115,2001.8199999999995,1111.97,889.8499999999997,0.4445204863574147
"2025-02-01",2025,1,2,February,Board Games,109,2030.5200000000002,1107.4000000000003,923.1199999999999,0.4546224612414553
"2025-02-01",2025,1,2,February,Building Blocks,83,1112.67,659.4399999999999,453.23,0.40733550828188053
"2025-02-01",2025,1,2,February,Card Games,86,1932.8100000000004,994.8300000000002,937.9799999999999,0.48529343287752014
"2025-02-01",2025,1,2,February,Collectibles,11,213.29000000000002,104.72,108.57000000000001,0.5090252707581228
"2025-02-01",2025,1,2,February,Dolls,109,1959.3,1052.8000000000002,906.5,0.46266523758485173
"2025-02-01",2025,1,2,February,Educational,115,2102.73,1208.49,894.24,0.4252757130016693
"2025-02-01",2025,1,2,February,Model Kits,62,1045.16,535.1200000000001,510.03999999999996,0.4880018370393049
"2025-02-01",2025,1,2,February,Outdoor Play,107,1659.2099999999994,906.9699999999999,752.2400000000002,0.45337238806419955
"2025-02-01",2025,1,2,February,Plush,80,1328.46,785.8399999999999,542.62,0.4084579136744802
"2025-02-01",2025,1,2,February,Pretend Play,92,1615.1700000000003,958.8399999999999,656.3299999999999,0.40635351077595533
"2025-02-01",2025,1,2,February,Puzzles,105,1917.8699999999994,1052.6399999999999,865.2299999999998,0.45114110966853854
"2025-02-01",2025,1,2,February,STEM Kits,90,1860.0900000000001,1053.9299999999998,806.1599999999997,0.4333983839491636
"2025-02-01",2025,1,2,February,Toy Vehicles,122,2019.0700000000008,1163.05,856.0199999999996,0.4239674701719105
"2025-02-02",2025,1,2,February,Action Figures,160,3639.379999999999,2055.47,1583.9100000000003,0.435214239788096
"2025-02-02",2025,1,2,February,Arts & Crafts,120,1449.6,926.22,523.3800000000001,0.36105132450331134
"2025-02-02",2025,1,2,February,Baby & Toddler,128,1856.8499999999992,1070.3399999999995,786.5099999999998,0.4235721786897165
"2025-02-02",2025,1,2,February,Board Games,93,1293.1399999999999,743.6199999999999,549.5199999999999,0.4249501214099014
"2025-02-02",2025,1,2,February,Building Blocks,103,1792.3399999999997,1002.22,790.1199999999998,0.44083153865895974
"2025-02-02",2025,1,2,February,Card Games,53,1235.3999999999999,622.07,613.3299999999999,0.4964626841508823
"2025-02-02",2025,1,2,February,Collectibles,3,58.17,28.56,29.610000000000003,0.5090252707581228
"2025-02-02",2025,1,2,February,Dolls,123,2108.9699999999993,1167.7199999999996,941.2500000000002,0.44630791334158404
"2025-02-02",2025,1,2,February,Educational,98,1734.11,989.9299999999998,744.1800000000001,0.4291423266113454
"2025-02-02",2025,1,2,February,Model Kits,75,1094.2099999999998,587.3900000000001,506.8199999999999,0.46318348397473974
"2025-02-02",2025,1,2,February,Outdoor Play,133,2489.939999999999,1369.7800000000002,1120.1600000000003,0.44987429415969893
"2025-02-02",2025,1,2,February,Plush,82,1456.1399999999996,829.9600000000002,626.18,0.4300273325367067
"2025-02-02",2025,1,2,February,Pretend Play,82,1703.960000000001,1070.2199999999996,633.7399999999999,0.3719218761003777
"2025-02-02",2025,1,2,February,Puzzles,132,2498.7000000000003,1320.6699999999996,1178.0299999999995,0.4714571577220152
"2025-02-02",2025,1,2,February,STEM Kits,84,1545.7499999999998,882.99,662.76,0.4287627365356624
"2025-02-02",2025,1,2,February,Toy Vehicles,127,2069.7100000000005,1221.4700000000005,848.2399999999996,0.40983519430258314
"2025-02-03",2025,1,2,February,Action Figures,179,2924.0699999999993,1710.9899999999998,1213.08,0.41486010936810686
"2025-02-03",2025,1,2,February,Arts & Crafts,186,2352.3100000000004,1418.04,934.2700000000002,0.39717129119886413
"2025-02-03",2025,1,2,February,Baby & Toddler,95,1584.9700000000003,911.8299999999998,673.14,0.4247020448336561
"2025-02-03",2025,1,2,February,Board Games,62,980.7500000000001,543.33,437.4199999999999,0.44600560795309696
"2025-02-03",2025,1,2,February,Building Blocks,80,1194.5800000000002,705.3599999999999,489.22000000000014,0.40953305764369075
"2025-02-03",2025,1,2,February,Card Games,88,2028.4600000000003,1024.16,1004.3,0.49510466067854425
"2025-02-03",2025,1,2,February,Collectibles,1,19.39,9.52,9.870000000000001,0.5090252707581228
"2025-02-03",2025,1,2,February,Dolls,86,1407.02,787.91,619.1099999999999,0.4400150673053687
"2025-02-03",2025,1,2,February,Educational,111,1758.7299999999993,1001.04,757.69,0.4308165551278481
"2025-02-03",2025,1,2,February,Model Kits,43,718.19,373.8500000000001,344.34,0.4794552973447137
"2025-02-03",2025,1,2,February,Outdoor Play,111,2058.02,1150.03,907.9900000000002,0.44119590674531844
"2025-02-03",2025,1,2,February,Plush,72,1149.9799999999998,722.6,427.37999999999994,0.37164124593471193
"2025-02-03",2025,1,2,February,Pretend Play,91,1611.19,953.99,657.1999999999999,0.4078972684785779
"2025-02-03",2025,1,2,February,Puzzles,121,2107.6899999999996,1125.3600000000001,982.3299999999997,0.46606948839725004
"2025-02-03",2025,1,2,February,STEM Kits,72,1435.0,788.8300000000002,646.17,0.4502926829268292
"2025-02-03",2025,1,2,February,Toy Vehicles,135,2454.1300000000006,1479.9700000000005,974.1599999999999,0.3969471869868343
"2025-02-04",2025,1,2,February,Action Figures,179,4013.1699999999996,2243.5199999999995,1769.65,0.4409606371023406
"2025-02-04",2025,1,2,February,Arts & Crafts,171,2237.5999999999995,1340.47,897.1299999999999,0.400934036467644
"2025-02-04",2025,1,2,February,Baby & Toddler,156,2254.2099999999996,1316.6799999999994,937.5299999999997,0.4159018015180484
"2025-02-04",2025,1,2,February,Board Games,112,1851.8799999999999,1068.5500000000002,783.33,0.4229917705250881
"2025-02-04",2025,1,2,February,Building Blocks,62,1010.2799999999997,573.85,436.43,0.43198915152235035
"2025-02-04",2025,1,2,February,Card Games,119,2848.780000000001,1471.32,1377.46,0.48352628142573295
"2025-02-04",2025,1,2,February,Collectibles,5,96.95,47.599999999999994,49.35000000000001,0.5090252707581229
"2025-02-04",2025,1,2,February,Dolls,81,1560.3499999999995,856.2400000000001,704.11,0.4512513218188229
"2025-02-04",2025,1,2,February,Educational,72,1317.3300000000004,753.1799999999998,564.15,0.42825260185374947
"2025-02-04",2025,1,2,February,Model Kits,56,813.0800000000002,437.62000000000006,375.46,0.46177497909184817
"2025-02-04",2025,1,2,February,Outdoor Play,107,2067.85,1145.3799999999999,922.4700000000003,0.4461010228014606
"2025-02-04",2025,1,2,February,Plush,61,783.7600000000001,441.44000000000005,342.32000000000005,0.4367663570480759
"2025-02-04",2025,1,2,February,Pretend Play,56,1028.6200000000003,603.05,425.5699999999999,0.41372907390484315
"2025-02-04",2025,1,2,February,Puzzles,136,2425.06,1288.3700000000003,1136.6899999999996,0.46872654697203353
"2025-02-04",2025,1,2,February,STEM Kits,118,2527.7499999999995,1449.29,1078.4599999999998,0.42664820492532884
"2025-02-04",2025,1,2,February,Toy Vehicles,130,1990.2000000000005,1210.9100000000003,779.29,0.39156366194352316
"2025-02-05",2025,1,2,February,Action Figures,160,3602.319999999999,2001.7199999999998,1600.5999999999997,0.44432476848253355
"2025-02-05",2025,1,2,February,Arts & Crafts,136,1556.8299999999992,899.98,656.8499999999998,0.42191504531644436
"2025-02-05",2025,1,2,February,Baby & Toddler,162,2419.5299999999984,1365.4099999999996,1054.1200000000001,0.4356713907246452
"2025-02-05",2025,1,2,February,Board Games,96,1723.0699999999997,925.61,797.4599999999999,0.46281346666125
"2025-02-05",2025,1,2,February,Building Blocks,126,1939.9299999999998,1107.0,832.93,0.42936085322666284
"2025-02-05",2025,1,2,February,Card Games,81,1766.1099999999997,884.7,881.4100000000003,0.4990685744376061
"2025-02-05",2025,1,2,February,Collectibles,8,155.12,76.16,78.96000000000001,0.5090252707581228
"2025-02-05",2025,1,2,February,Dolls,79,1462.3899999999999,825.5400000000003,636.8500000000001,0.4354857459364466
"2025-02-05",2025,1,2,February,Educational,116,1992.43,1063.38,929.0499999999996,0.466289907299127
"2025-02-05",2025,1,2,February,Model Kits,79,1250.2399999999998,714.9399999999999,535.2999999999998,0.42815779370360885
"2025-02-05",2025,1,2,February,Outdoor Play,111,2042.0200000000002,1112.3599999999997,929.6600000000003,0.45526488477096216
"2025-02-05",2025,1,2,February,Plush,84,1264.98,771.41,493.56999999999994,0.390180081898528
"2025-02-05",2025,1,2,February,Pretend Play,66,1314.5299999999997,814.2499999999999,500.27999999999986,0.38057708838900595
"2025-02-05",2025,1,2,February,Puzzles,114,1761.1599999999999,939.7299999999999,821.43,0.46641418156215225
"2025-02-05",2025,1,2,February,STEM Kits,80,1510.0200000000004,848.0999999999998,661.92,0.4383518099098024
"2025-02-05",2025,1,2,February,Toy Vehicles,139,2231.8,1269.6400000000003,962.1599999999997,0.43111389909490083
"2025-02-06",2025,1,2,February,Action Figures,124,2501.3199999999997,1394.3,1107.0199999999995,0.4425743207586393
"2025-02-06",2025,1,2,February,Arts & Crafts,160,1860.7700000000002,1151.64,709.13,0.38109492306948195
"2025-02-06",2025,1,2,February,Baby & Toddler,121,1806.83,993.7600000000001,813.0699999999999,0.44999806290575206
"2025-02-06",2025,1,2,February,Board Games,92,1884.53,1052.86,831.6700000000002,0.44131427995309186
"2025-02-06",2025,1,2,February,Building Blocks,81,1175.3000000000002,670.7299999999999,504.5699999999998,0.42931166510678104
"2025-02-06",2025,1,2,February,Card Games,40,1098.85,572.8099999999998,526.0400000000002,0.47871866041770966
"2025-02-06",2025,1,2,February,Collectibles,10,193.9,95.19999999999999,98.70000000000002,0.5090252707581229
"2025-02-06",2025,1,2,February,Dolls,74,1317.1499999999999,747.3000000000001,569.8500000000001,0.4326386516342104
"2025-02-06",2025,1,2,February,Educational,107,1914.3799999999997,1036.23,878.15,0.4587124813255467
"2025-02-06",2025,1,2,February,Model Kits,70,1207.7599999999998,650.6499999999997,557.1099999999999,0.46127541895740876
"2025-02-06",2025,1,2,February,Outdoor Play,133,2625.5599999999995,1470.18,1155.3800000000003,0.44005088438276047
"2025-02-06",2025,1,2,February,Plush,56,946.39,536.02,410.37,0.43361616247001766
"2025-02-06",2025,1,2,February,Pretend Play,100,2093.4200000000005,1271.57,821.8499999999999,0.39258724957246977
"2025-02-06",2025,1,2,February,Puzzles,81,1625.6599999999996,848.47,777.19,0.47807659658231133
"2025-02-06",2025,1,2,February,STEM Kits,83,1596.17,884.8000000000001,711.3699999999999,0.44567307993509453
"2025-02-06",2025,1,2,February,Toy Vehicles,147,2577.4200000000005,1544.6500000000008,1032.7699999999998,0.4006991487611641
"2025-02-07",2025,1,2,February,Action Figures,180,3584.3199999999983,2012.7999999999995,1571.5200000000004,0.43844299616105736
"2025-02-07",2025,1,2,February,Arts & Crafts,133,1734.2599999999998,1023.6600000000003,710.5999999999999,0.4097424838259546
"2025-02-07",2025,1,2,February,Baby & Toddler,130,1792.3600000000001,1010.1099999999992,782.2499999999999,0.436435760673079
"2025-02-07",2025,1,2,February,Board Games,86,1325.4099999999999,768.92,556.4899999999999,0.41986253310296434
"2025-02-07",2025,1,2,February,Building Blocks,89,1210.8200000000002,709.3999999999999,501.4200000000001,0.41411605358352194
"2025-02-07",2025,1,2,February,Card Games,43,902.2400000000001,468.0799999999999,434.16,0.4812023408405745
"2025-02-07",2025,1,2,February,Collectibles,10,193.89999999999998,95.19999999999999,98.70000000000002,0.5090252707581229
"2025-02-07",2025,1,2,February,Dolls,80,1387.04,726.7700000000001,660.27,0.47602808859153306
"2025-02-07",2025,1,2,February,Educational,105,1915.4599999999998,1060.15,855.3099999999997,0.4465298152924101
"2025-02-07",2025,1,2,February,Model Kits,47,783.6,391.92000000000013,391.68,0.4998468606431853
"2025-02-07",2025,1,2,February,Outdoor Play,104,2108.52,1162.98,945.5400000000004,0.4484377667747996
"2025-02-07",2025,1,2,February,Plush,76,1424.0099999999993,839.97,584.0400000000001,0.4101375692586431
"2025-02-07",2025,1,2,February,Pretend Play,84,1578.7500000000007,966.5699999999997,612.1799999999998,0.38776247030878835
"2025-02-07",2025,1,2,February,Puzzles,118,2053.86,1099.1899999999996,954.6700000000001,0.46481746565004434
"2025-02-07",2025,1,2,February,STEM Kits,77,1593.01,894.2899999999998,698.7200000000001,0.43861620454359995
"2025-02-07",2025,1,2,February,Toy Vehicles,118,2130.5100000000007,1200.4100000000005,930.0999999999998,0.43656213770411756
"2025-02-08",2025,1,2,February,Action Figures,119,2503.739999999999,1439.4199999999996,1064.3200000000002,0.4250920622748371
"2025-02-08",2025,1,2,February,Arts & Crafts,151,1824.5900000000001,1064.21,760.3800000000001,0.4167401991680323
"2025-02-08",2025,1,2,February,Baby & Toddler,192,3014.8699999999985,1694.5000000000002,1320.37,0.43795254853443116
"2025-02-08",2025,1,2,February,Board Games,81,1439.5499999999995,796.1499999999999,643.4,0.44694522593866154
"2025-02-08",2025,1,2,February,Building Blocks,99,1462.77,830.9100000000002,631.8599999999999,0.4319612789433745
"2025-02-08",2025,1,2,February,Card Games,69,1655.83,846.2999999999997,809.5300000000003,0.4888968070393702
"2025-02-08",2025,1,2,February,Collectibles,7,135.73000000000002,66.64,69.09,0.5090252707581226
"2025-02-08",2025,1,2,February,Dolls,83,1347.4199999999996,768.4000000000002,579.0200000000001,0.42972495584153436
"2025-02-08",2025,1,2,February,Educational,85,1566.4699999999998,897.3,669.1700000000001,0.42718341238581026
"2025-02-08",2025,1,2,February,Model Kits,53,828.69,446.1800000000001,382.51,0.46158394574569495
"2025-02-08",2025,1,2,February,Outdoor Play,78,1372.8799999999999,739.74,633.1400000000001,0.46117650486568396
"2025-02-08",2025,1,2,February,Plush,77,1378.01,807.2500000000001,570.76,0.4141914790168431
"2025-02-08",2025,1,2,February,Pretend Play,90,1592.2900000000004,958.3299999999999,633.9599999999997,0.3981435542520518
"2025-02-08",2025,1,2,February,Puzzles,106,1956.2499999999998,1037.22,919.0300000000001,0.46979169329073495
"2025-02-08",2025,1,2,February,STEM Kits,102,1825.5300000000004,1073.6499999999999,751.8800000000001,0.41186942969986795
"2025-02-08",2025,1,2,February,Toy Vehicles,149,2627.6699999999996,1522.520000000001,1105.1499999999996,0.4205817321048685
"2025-02-09",2025,1,2,February,Action Figures,163,3600.33,2017.5000000000002,1582.8300000000006,0.4396347001524862
"2025-02-09",2025,1,2,February,Arts & Crafts,148,1866.3500000000001,1082.67,783.68,0.4198998044311088
"2025-02-09",2025,1,2,February,Baby & Toddler,165,2845.4699999999993,1586.2399999999993,1259.2300000000002,0.44253849100500114
"2025-02-09",2025,1,2,February,Board Games,126,2510.1299999999997,1380.7600000000007,1129.3700000000001,0.44992490428782583
"2025-02-09",2025,1,2,February,Building Blocks,95,1323.89,783.7299999999998,540.16,0.4080097289049694
"2025-02-09",2025,1,2,February,Card Games,87,2074.7700000000004,1081.53,993.2400000000001,0.4787229427840194
"2025-02-09",2025,1,2,February,Collectibles,9,174.51,85.67999999999999,88.83000000000001,0.5090252707581229
"2025-02-09",2025,1,2,February,Dolls,114,1978.4399999999998,1087.0000000000002,891.44,0.4505772224580984
"2025-02-09",2025,1,2,February,Educational,101,1828.04,1008.0499999999998,819.9899999999997,0.4485623946959583
"2025-02-09",2025,1,2,February,Model Kits,56,1089.17,616.7000000000002,472.46999999999986,0.4337890320152041
"2025-02-09",2025,1,2,February,Outdoor Play,136,2970.279999999999,1664.27,1306.01,0.43969255423731113
"2025-02-09",2025,1,2,February,Plush,94,1611.4899999999993,911.0599999999998,700.43,0.43464743808525047
"2025-02-09",2025,1,2,February,Pretend Play,87,1633.7100000000003,945.48,688.2299999999999,0.4212681565271681
"2025-02-09",2025,1,2,February,Puzzles,89,1603.0900000000001,871.0900000000003,731.9999999999999,0.45661815618586593
"2025-02-09",2025,1,2,February,STEM Kits,107,2162.9100000000003,1219.8000000000002,943.1099999999998,0.43603756050875886
"2025-02-09",2025,1,2,February,Toy Vehicles,160,2664.780000000001,1524.760000000001,1140.0199999999998,0.427810175699307
"2025-02-10",2025,1,2,February,Action Figures,161,2909.5499999999997,1648.3099999999997,1261.2400000000002,0.4334828409891565
"2025-02-10",2025,1,2,February,Arts & Crafts,133,1730.5400000000002,1048.51,682.0300000000001,0.3941139759843748
"2025-02-10",2025,1,2,February,Baby & Toddler,136,2495.109999999999,1387.65,1107.4599999999996,0.4438521748540144
"2025-02-10",2025,1,2,February,Board Games,101,1675.2199999999993,961.9600000000003,713.2599999999999,0.42577094351786643
"2025-02-10",2025,1,2,February,Building Blocks,73,1015.3299999999997,584.5799999999999,430.74999999999994,0.42424630415726916
"2025-02-10",2025,1,2,February,Card Games,102,2191.6699999999996,1137.66,1054.0100000000002,0.480916378834405
"2025-02-10",2025,1,2,February,Dolls,131,2302.769999999999,1289.410000000001,1013.36,0.4400613174568022
"2025-02-10",2025,1,2,February,Educational,76,1264.57,714.86,549.7099999999999,0.43470112370212793
"2025-02-10",2025,1,2,February,Model Kits,61,1159.74,673.47,486.2699999999999,0.4192922551606394
"2025-02-10",2025,1,2,February,Outdoor Play,137,2316.4699999999993,1230.53,1085.94,0.46879087577218803
"2025-02-10",2025,1,2,February,Plush,76,1373.3,783.6300000000001,589.6700000000003,0.42938178111119224
"2025-02-10",2025,1,2,February,Pretend Play,67,1455.0700000000002,878.5599999999998,576.5099999999998,0.39620774258283087
"2025-02-10",2025,1,2,February,Puzzles,101,1572.9699999999998,787.8499999999999,785.1199999999997,0.49913221485470144
"2025-02-10",2025,1,2,February,STEM Kits,110,2565.37,1435.7499999999995,1129.6199999999997,0.44033414283319744
"2025-02-10",2025,1,2,February,Toy Vehicles,148,2437.170000000001,1410.3999999999996,1026.7699999999998,0.4212960113574348
"2025-02-11",2025,1,2,February,Action Figures,196,3532.2799999999984,2020.68,1511.5999999999997,0.42793889499133714
"2025-02-11",2025,1,2,February,Arts & Crafts,133,1901.7099999999996,1152.4700000000003,749.2400000000004,0.39398225807299775
"2025-02-11",2025,1,2,February,Baby & Toddler,146,2345.56,1343.1999999999998,1002.3599999999999,0.4273435768004229
"2025-02-11",2025,1,2,February,Board Games,109,1796.8700000000003,1017.0500000000001,779.8199999999999,0.43398799022745094
"2025-02-11",2025,1,2,February,Building Blocks,112,1638.4399999999996,954.9399999999997,683.4999999999998,0.4171651082737238
"2025-02-11",2025,1,2,February,Card Games,59,1026.51,525.22,501.28999999999996,0.4883440005455378
"2025-02-11",2025,1,2,February,Collectibles,9,174.51,85.67999999999999,88.83000000000001,0.5090252707581229
"2025-02-11",2025,1,2,February,Dolls,84,1607.08,855.2900000000002,751.7900000000002,0.4677987405729648
"2025-02-11",2025,1,2,February,Educational,95,1695.8699999999997,970.3399999999997,725.5300000000001,0.4278217080318658
"2025-02-11",2025,1,2,February,Model Kits,41,590.0899999999999,304.31999999999994,285.77,0.48428205866901664
"2025-02-11",2025,1,2,February,Outdoor Play,97,1636.76,879.3699999999999,757.39,0.4627373591730003
"2025-02-11",2025,1,2,February,Plush,81,1259.3300000000002,728.73,530.6,0.42133515440750235
"2025-02-11",2025,1,2,February,Pretend Play,91,1862.0700000000004,1141.3400000000001,720.73,0.3870584886712099
"2025-02-11",2025,1,2,February,Puzzles,112,2199.14,1131.2999999999995,1067.84,0.4855716325472685
"2025-02-11",2025,1,2,February,STEM Kits,100,1918.6000000000004,1108.34,810.26,0.42231835713541116
"2025-02-11",2025,1,2,February,Toy Vehicles,117,1966.8700000000013,1139.3500000000001,827.5199999999998,0.42072938221641454
"2025-02-12",2025,1,2,February,Action Figures,183,2945.5899999999983,1692.3899999999999,1253.2000000000003,0.42544957037469605
"2025-02-12",2025,1,2,February,Arts & Crafts,129,1482.9599999999998,910.92,572.0400000000001,0.3857420294546044
"2025-02-12",2025,1,2,February,Baby & Toddler,132,2231.9599999999987,1251.8599999999997,980.1,0.43912077277370587
"2025-02-12",2025,1,2,February,Board Games,106,1227.1999999999996,713.5700000000003,513.6299999999999,0.4185381355932204
"2025-02-12",2025,1,2,February,Building Blocks,95,1571.65,891.7199999999999,679.9299999999998,0.43262176693284116
"2025-02-12",2025,1,2,February,Card Games,73,1470.9499999999994,781.8499999999998,689.1000000000003,0.4684727557020977
"2025-02-12",2025,1,2,February,Collectibles,1,19.39,9.52,9.870000000000001,0.5090252707581228
"2025-02-12",2025,1,2,February,Dolls,103,1739.72,977.6800000000003,762.0400000000002,0.43802450969121476
"2025-02-12",2025,1,2,February,Educational,95,1757.1999999999996,993.1799999999996,764.0199999999998,0.43479399043933525
"2025-02-12",2025,1,2,February,Model Kits,50,791.16,424.53999999999996,366.61999999999995,0.463395520501542
"2025-02-12",2025,1,2,February,Outdoor Play,101,1932.0399999999997,1079.1899999999998,852.8500000000003,0.44142460818616613
"2025-02-12",2025,1,2,February,Plush,57,998.2199999999999,616.49,381.7299999999999,0.3824106910300334
"2025-02-12",2025,1,2,February,Pretend Play,87,1469.45,913.7999999999998,555.6499999999999,0.3781346762394092
"2025-02-12",2025,1,2,February,Puzzles,144,2607.3899999999994,1423.2,1184.1899999999998,0.4541668104886496
"2025-02-12",2025,1,2,February,STEM Kits,92,1776.2800000000002,1012.2999999999995,763.9799999999998,0.430101110185331
"2025-02-12",2025,1,2,February,Toy Vehicles,121,2162.5500000000006,1221.54,941.0099999999994,0.43513907192897233
"2025-02-13",2025,1,2,February,Action Figures,167,3091.2099999999987,1767.8799999999997,1323.33,0.42809450021189127
"2025-02-13",2025,1,2,February,Arts & Crafts,175,2014.1,1247.4700000000003,766.6300000000002,0.3806315475894942
"2025-02-13",2025,1,2,February,Baby & Toddler,134,2404.3999999999996,1357.71,1046.6899999999998,0.4353227416403261
"2025-02-13",2025,1,2,February,Board Games,79,1108.1699999999998,586.2600000000001,521.91,0.47096564606513447
"2025-02-13",2025,1,2,February,Building Blocks,105,1782.8999999999996,1016.9399999999998,765.96,0.42961467272421344
"2025-02-13",2025,1,2,February,Card Games,60,1076.36,555.27,521.09,0.48412241257571825
"2025-02-13",2025,1,2,February,Collectibles,4,77.56,38.08,39.480000000000004,0.5090252707581228
"2025-02-13",2025,1,2,February,Dolls,103,1801.1599999999996,981.87,819.2900000000003,0.4548679739723292
"2025-02-13",2025,1,2,February,Educational,111,1847.3500000000004,1091.1399999999999,756.21,0.4093485262673559
"2025-02-13",2025,1,2,February,Model Kits,56,915.9599999999999,507.09000000000015,408.86999999999995,0.44638412157736146
"2025-02-13",2025,1,2,February,Outdoor Play,146,2769.4999999999986,1526.5400000000002,1242.9600000000003,0.4488030330384549
"2025-02-13",2025,1,2,February,Plush,68,1041.2900000000002,594.9299999999998,446.36000000000007,0.4286606036742886
"2025-02-13",2025,1,2,February,Pretend Play,106,2279.4100000000003,1341.8300000000002,937.5799999999997,0.411325737800571
"2025-02-13",2025,1,2,February,Puzzles,103,1862.3400000000004,969.3700000000001,892.9699999999998,0.47948817079588024
"2025-02-13",2025,1,2,February,STEM Kits,77,1485.6499999999999,844.8499999999999,640.8000000000001,0.43132635546730397
"2025-02-13",2025,1,2,February,Toy Vehicles,85,1314.72,794.9300000000002,519.7899999999997,0.3953617500304245
"2025-02-14",2025,1,2,February,Action Figures,132,3296.989999999999,1845.6100000000001,1451.3799999999997,0.4402136494196222
"2025-02-14",2025,1,2,February,Arts & Crafts,132,1636.4500000000005,944.7699999999999,691.68,0.4226710256958659
"2025-02-14",2025,1,2,February,Baby & Toddler,171,2580.489999999999,1454.6599999999999,1125.8299999999997,0.4362853566570691
"2025-02-14",2025,1,2,February,Board Games,98,1565.259999999999,864.1,701.16,0.4479511391078801
"2025-02-14",2025,1,2,February,Building Blocks,116,1853.04,1037.34,815.6999999999999,0.4401955705219531
"2025-02-14",2025,1,2,February,Card Games,56,1620.1999999999998,850.64,769.5600000000001,0.47497839772867556
"2025-02-14",2025,1,2,February,Collectibles,3,58.17,28.56,29.610000000000003,0.5090252707581228
"2025-02-14",2025,1,2,February,Dolls,113,2031.7399999999993,1140.0899999999997,891.6500000000003,0.4388602872414781
"2025-02-14",2025,1,2,February,Educational,119,2033.2500000000005,1198.64,834.6099999999999,0.41048075740809037
"2025-02-14",2025,1,2,February,Model Kits,34,673.8499999999999,394.91000000000014,278.93999999999994,0.4139496920679676
"2025-02-14",2025,1,2,February,Outdoor Play,108,1934.9599999999998,1044.2199999999998,890.7400000000002,0.4603402654318437
"2025-02-14",2025,1,2,February,Plush,49,680.2700000000002,407.49,272.78,0.40098784306231333
"2025-02-14",2025,1,2,February,Pretend Play,99,1720.81,1045.51,675.3000000000001,0.39243147122576
"2025-02-14",2025,1,2,February,Puzzles,121,2057.57,1106.99,950.5800000000002,0.46199157258319284
"2025-02-14",2025,1,2,February,STEM Kits,60,1104.94,625.2299999999998,479.71000000000004,0.43415027060292866
"2025-02-14",2025,1,2,February,Toy Vehicles,168,2908.3800000000006,1750.5000000000007,1157.8799999999997,0.39811854021826565
"2025-02-15",2025,1,2,February,Action Figures,131,3186.9099999999976,1796.0400000000002,1390.87,0.4364321552852139
"2025-02-15",2025,1,2,February,Arts & Crafts,146,1825.8,1099.7099999999998,726.0899999999998,0.39768320736115664
"2025-02-15",2025,1,2,February,Baby & Toddler,146,2115.3199999999997,1210.5599999999997,904.7599999999994,0.42771779210710414
"2025-02-15",2025,1,2,February,Board Games,93,1715.7899999999995,908.5700000000004,807.2199999999999,0.4704654998572087
"2025-02-15",2025,1,2,February,Building Blocks,75,1267.53,711.4600000000002,556.07,0.43870362042712996
"2025-02-15",2025,1,2,February,Card Games,68,1634.1899999999996,844.3199999999999,789.8700000000002,0.48334037045875966
"2025-02-15",2025,1,2,February,Collectibles,7,135.73000000000002,66.63999999999999,69.09000000000002,0.5090252707581228
"2025-02-15",2025,1,2,February,Dolls,105,1869.1199999999994,1090.2600000000002,778.8599999999999,0.4166987673343606
"2025-02-15",2025,1,2,February,Educational,126,2331.9699999999993,1317.2199999999998,1014.7499999999994,0.4351471073813127
"2025-02-15",2025,1,2,February,Model Kits,74,1050.51,554.04,496.46999999999986,0.47259902333152454
"2025-02-15",2025,1,2,February,Outdoor Play,120,2053.5899999999997,1161.2799999999995,892.3100000000004,0.43451224441100733
"2025-02-15",2025,1,2,February,Plush,91,1212.4499999999996,664.75,547.7,0.45172996824611344
"2025-02-15",2025,1,2,February,Pretend Play,75,1077.17,641.0999999999998,436.06999999999994,0.40482932127704996
"2025-02-15",2025,1,2,February,Puzzles,124,2305.33,1231.24,1074.0900000000001,0.4659159426199287
"2025-02-15",2025,1,2,February,STEM Kits,98,2031.1900000000005,1122.4599999999996,908.7299999999998,0.4473879843835385
"2025-02-15",2025,1,2,February,Toy Vehicles,109,1940.0600000000002,1144.5999999999997,795.4599999999998,0.4100182468583444
"2025-02-16",2025,1,2,February,Action Figures,124,2585.61,1437.8799999999997,1147.73,0.44389138346463697
"2025-02-16",2025,1,2,February,Arts & Crafts,128,1714.6899999999996,1089.69,625.0000000000003,0.36449737270293786
"2025-02-16",2025,1,2,February,Baby & Toddler,127,2231.879999999999,1252.1099999999997,979.7699999999996,0.4389886553040486
"2025-02-16",2025,1,2,February,Board Games,93,1575.3099999999995,826.9400000000002,748.3699999999999,0.475062051278796
"2025-02-16",2025,1,2,February,Building Blocks,68,1089.71,617.4400000000002,472.26999999999987,0.43339053509649345
"2025-02-16",2025,1,2,February,Card Games,84,1679.29,850.76,828.5300000000003,0.4933811313114473
"2025-02-16",2025,1,2,February,Collectibles,12,232.68,114.24,118.44000000000001,0.5090252707581228
"2025-02-16",2025,1,2,February,Dolls,109,1697.2099999999996,978.22,718.99,0.42363054660295435
"2025-02-16",2025,1,2,February,Educational,103,1898.0199999999995,1097.0200000000002,800.9999999999999,0.4220187353136427
"2025-02-16",2025,1,2,February,Model Kits,74,1270.2799999999997,713.1500000000001,557.1299999999998,0.4385883427275875
"2025-02-16",2025,1,2,February,Outdoor Play,92,1415.85,788.3899999999999,627.4600000000002,0.4431684147331993
"2025-02-16",2025,1,2,February,Plush,60,1067.31,671.9500000000002,395.35999999999996,0.37042658646503823
"2025-02-16",2025,1,2,February,Pretend Play,92,1759.92,1077.6000000000001,682.3199999999999,0.38769944088367647
"2025-02-16",2025,1,2,February,Puzzles,138,2663.4399999999996,1400.91,1262.5299999999995,0.4740223170035742
"2025-02-16",2025,1,2,February,STEM Kits,116,2378.0099999999998,1342.1499999999996,1035.86,0.435599513879252
"2025-02-16",2025,1,2,February,Toy Vehicles,107,1998.9500000000005,1195.8200000000004,803.1299999999997,0.4017759323644911
"2025-02-17",2025,1,2,February,Action Figures,161,3997.3,2186.11,1811.1900000000005,0.4531033447577116
"2025-02-17",2025,1,2,February,Arts & Crafts,163,2044.95,1218.5999999999997,826.35,0.4040930096090369
"2025-02-17",2025,1,2,February,Baby & Toddler,143,2086.05,1172.8199999999995,913.2299999999997,0.4377795354857264
"2025-02-17",2025,1,2,February,Board Games,102,1826.1999999999996,1012.9300000000001,813.2700000000001,0.445334574526339
"2025-02-17",2025,1,2,February,Building Blocks,97,1425.81,825.9600000000002,599.85,0.42070822900666993
"2025-02-17",2025,1,2,February,Card Games,48,1172.9799999999998,609.7400000000001,563.24,0.4801786901737456
"2025-02-17",2025,1,2,February,Collectibles,18,349.02,171.36,177.66000000000005,0.5090252707581229
"2025-02-17",2025,1,2,February,Dolls,98,1824.2200000000003,1009.4800000000001,814.7399999999999,0.4466237624847879
"2025-02-17",2025,1,2,February,Educational,84,1529.19,889.44,639.7499999999999,0.4183587389402232
"2025-02-17",2025,1,2,February,Model Kits,41,674.0400000000001,368.6200000000001,305.41999999999996,0.45311850928728253
"2025-02-17",2025,1,2,February,Outdoor Play,139,2797.8899999999994,1532.91,1264.9800000000002,0.4521192755969679
"2025-02-17",2025,1,2,February,Plush,80,1231.5200000000004,761.71,469.8100000000002,0.38148791737040405
"2025-02-17",2025,1,2,February,Pretend Play,76,1376.3300000000002,807.0899999999999,569.2399999999999,0.4135926703624856
"2025-02-17",2025,1,2,February,Puzzles,116,2229.73,1153.6599999999999,1076.0699999999997,0.4826010324119959
"2025-02-17",2025,1,2,February,STEM Kits,95,2030.4900000000002,1131.9099999999996,898.5799999999999,0.442543425478579
"2025-02-17",2025,1,2,February,Toy Vehicles,145,2481.68,1445.6800000000005,1035.9999999999998,0.4174591405821862
"2025-02-18",2025,1,2,February,Action Figures,139,2225.8499999999995,1279.6100000000001,946.2399999999999,0.4251140013927264
"2025-02-18",2025,1,2,February,Arts & Crafts,109,1253.59,781.0699999999999,472.52,0.37693344713981447
"2025-02-18",2025,1,2,February,Baby & Toddler,120,1848.8699999999997,1057.5499999999997,791.3199999999995,0.42800196877011343
"2025-02-18",2025,1,2,February,Board Games,99,1739.4699999999996,954.2700000000001,785.1999999999999,0.4514018637860958
"2025-02-18",2025,1,2,February,Building Blocks,107,1528.63,891.2000000000002,637.4300000000001,0.4169943020874901
"2025-02-18",2025,1,2,February,Card Games,92,1892.6100000000001,953.61,939.0000000000002,0.49614025076481694
"2025-02-18",2025,1,2,February,Collectibles,8,155.12,76.16,78.96000000000001,0.5090252707581228
"2025-02-18",2025,1,2,February,Dolls,81,1492.8400000000001,837.2599999999999,655.5800000000002,0.4391495404731921
"2025-02-18",2025,1,2,February,Educational,129,2306.419999999999,1303.4999999999998,1002.92,0.4348384075753767
"2025-02-18",2025,1,2,February,Model Kits,57,894.1400000000001,498.2100000000001,395.92999999999995,0.4428053772339901
"2025-02-18",2025,1,2,February,Outdoor Play,117,1942.0,1061.92,880.0800000000003,0.4531822863027808
"2025-02-18",2025,1,2,February,Plush,103,1393.68,814.6600000000002,579.0200000000001,0.4154612249583836
"2025-02-18",2025,1,2,February,Pretend Play,102,1593.0200000000004,934.6099999999997,658.4100000000001,0.4133093118730461
"2025-02-18",2025,1,2,February,Puzzles,140,2383.909999999999,1281.5500000000006,1102.3599999999997,0.4624167858685941
"2025-02-18",2025,1,2,February,STEM Kits,73,1427.3300000000002,798.8699999999998,628.46,0.4403046247188807
"2025-02-18",2025,1,2,February,Toy Vehicles,130,1864.9000000000003,1093.9700000000003,770.9299999999996,0.4133894578797788
"2025-02-19",2025,1,2,February,Action Figures,131,2553.35,1430.24,1123.1099999999997,0.43985744218379763
"2025-02-19",2025,1,2,February,Arts & Crafts,120,1336.56,802.39,534.17,0.3996603220207099
"2025-02-19",2025,1,2,February,Baby & Toddler,151,2208.0099999999993,1242.9,965.1099999999998,0.4370949406932034
"2025-02-19",2025,1,2,February,Board Games,75,1308.81,725.6200000000002,583.1899999999999,0.44558797686447993
"2025-02-19",2025,1,2,February,Building Blocks,96,1332.9199999999996,769.1399999999998,563.7800000000001,0.42296611949704427
"2025-02-19",2025,1,2,February,Card Games,48,1072.8799999999999,567.26,505.6200000000001,0.47127358138841263
"2025-02-19",2025,1,2,February,Collectibles,5,96.95,47.599999999999994,49.35000000000001,0.5090252707581229
"2025-02-19",2025,1,2,February,Dolls,92,1717.4199999999994,911.7300000000002,805.69,0.46912811077080757
"2025-02-19",2025,1,2,February,Educational,64,1251.6599999999999,692.4799999999999,559.1799999999998,0.44675071505041297
"2025-02-19",2025,1,2,February,Model Kits,50,867.0,474.9900000000002,392.0099999999999,0.452145328719723
"2025-02-19",2025,1,2,February,Outdoor Play,96,2051.3,1151.5000000000005,899.8000000000001,0.43864866182420903
"2025-02-19",2025,1,2,February,Plush,94,1354.91,760.9800000000002,593.93,0.43835383900037633
"2025-02-19",2025,1,2,February,Pretend Play,81,1587.7400000000002,958.4999999999998,629.24,0.39631173869777164
"2025-02-19",2025,1,2,February,Puzzles,163,2519.4000000000015,1361.8700000000003,1157.5300000000002,0.4594466936572198
"2025-02-19",2025,1,2,February,STEM Kits,51,937.72,545.0699999999999,392.65,0.4187284050676108
"2025-02-19",2025,1,2,February,Toy Vehicles,132,2475.23,1473.4500000000007,1001.7800000000001,0.4047219854316569
"2025-02-20",2025,1,2,February,Action Figures,198,3901.129999999998,2218.8100000000004,1682.3199999999995,0.4312391537836474
"2025-02-20",2025,1,2,February,Arts & Crafts,139,1631.17,998.1799999999998,632.9900000000001,0.38805887798328814
"2025-02-20",2025,1,2,February,Baby & Toddler,119,1712.8800000000003,995.6799999999997,717.1999999999999,0.41871000887394316
"2025-02-20",2025,1,2,February,Board Games,78,1438.3200000000002,769.19,669.1300000000001,0.4652163635352356
"2025-02-20",2025,1,2,February,Building Blocks,81,1286.0199999999995,694.7199999999997,591.3000000000001,0.4597906719957701
"2025-02-20",2025,1,2,February,Card Games,84,1835.05,945.9900000000006,889.0600000000002,0.4844881610855291
"2025-02-20",2025,1,2,February,Collectibles,2,38.78,19.04,19.740000000000002,0.5090252707581228
"2025-02-20",2025,1,2,February,Dolls,106,1828.35,1070.51,757.8400000000003,0.41449394262586503
"2025-02-20",2025,1,2,February,Educational,100,1847.45,1054.5099999999998,792.9399999999999,0.4292078270047903
"2025-02-20",2025,1,2,February,Model Kits,22,347.28000000000003,182.25000000000006,165.03000000000003,0.47520732550103667
"2025-02-20",2025,1,2,February,Outdoor Play,90,1718.81,973.6400000000002,745.1700000000001,0.4335383201168251
"2025-02-20",2025,1,2,February,Plush,67,1129.9600000000003,596.7800000000001,533.18,0.471857410881801
"2025-02-20",2025,1,2,February,Pretend Play,74,1664.28,1009.48,654.7999999999997,0.39344341096450103
"2025-02-20",2025,1,2,February,Puzzles,125,2338.7599999999993,1209.5300000000004,1129.2300000000002,0.4828327831842517
"2025-02-20",2025,1,2,February,STEM Kits,107,2247.3900000000003,1276.2400000000002,971.1499999999999,0.43212348546536195
"2025-02-20",2025,1,2,February,Toy Vehicles,84,1396.3400000000001,869.1999999999998,527.1399999999999,0.3775155048197429
"2025-02-21",2025,1,2,February,Action Figures,137,3416.9299999999985,1879.4199999999998,1537.5099999999995,0.4499682463497936
"2025-02-21",2025,1,2,February,Arts & Crafts,124,1590.8199999999997,956.8699999999999,633.9499999999998,0.3985051734325693
"2025-02-21",2025,1,2,February,Baby & Toddler,158,2334.8199999999993,1338.6299999999999,996.1899999999997,0.42666672377313886
"2025-02-21",2025,1,2,February,Board Games,71,1197.61,666.3399999999999,531.27,0.4436085203029367
"2025-02-21",2025,1,2,February,Building Blocks,88,1337.3899999999996,779.1700000000001,558.2199999999998,0.41739507548284344
"2025-02-21",2025,1,2,February,Card Games,70,1782.4999999999995,888.0899999999999,894.4100000000001,0.5017727910238431
"2025-02-21",2025,1,2,February,Collectibles,8,155.12,76.16,78.96000000000001,0.5090252707581228
"2025-02-21",2025,1,2,February,Dolls,121,1981.5599999999997,1161.8899999999999,819.6699999999998,0.413648842326248
"2025-02-21",2025,1,2,February,Educational,94,1718.1,910.29,807.8100000000001,0.4701763576043304
"2025-02-21",2025,1,2,February,Model Kits,47,735.34,386.26000000000016,349.0799999999999,0.47471917752332243
"2025-02-21",2025,1,2,February,Outdoor Play,103,1627.4799999999996,912.0499999999998,715.4300000000002,0.439593727726301
"2025-02-21",2025,1,2,February,Plush,94,1422.02,805.1899999999999,616.8299999999999,0.433770270460331
"2025-02-21",2025,1,2,February,Pretend Play,109,2224.170000000001,1376.97,847.1999999999999,0.38090613577199567
"2025-02-21",2025,1,2,February,Puzzles,120,2271.4500000000007,1188.6399999999999,1082.8099999999997,0.4767043078209951
"2025-02-21",2025,1,2,February,STEM Kits,76,1450.2400000000002,826.9199999999998,623.3199999999998,0.4298047219770519
"2025-02-21",2025,1,2,February,Toy Vehicles,137,2123.0700000000006,1233.8200000000006,889.2499999999998,0.4188510034996489
"2025-02-22",2025,1,2,February,Action Figures,148,2719.7799999999984,1467.0000000000005,1252.7800000000002,0.4606181382317691
"2025-02-22",2025,1,2,February,Arts & Crafts,158,1987.3999999999999,1195.2299999999998,792.1699999999997,0.3985961557814229
"2025-02-22",2025,1,2,February,Baby & Toddler,145,1971.2299999999998,1142.3000000000002,828.9299999999996,0.4205140952603195
"2025-02-22",2025,1,2,February,Board Games,125,1716.4199999999998,969.6700000000002,746.7500000000003,0.4350625138369399
"2025-02-22",2025,1,2,February,Building Blocks,91,1110.9499999999998,679.4300000000001,431.5199999999999,0.3884243215266214
"2025-02-22",2025,1,2,February,Card Games,55,1130.12,570.2199999999998,559.9000000000001,0.4954341131915196
"2025-02-22",2025,1,2,February,Collectibles,8,155.12,76.16,78.96000000000001,0.5090252707581228
"2025-02-22",2025,1,2,February,Dolls,92,1538.1899999999991,819.8599999999999,718.33,0.46699692495725525
"2025-02-22",2025,1,2,February,Educational,111,2217.6299999999997,1255.05,962.5799999999996,0.43405798081735897
"2025-02-22",2025,1,2,February,Model Kits,31,434.19000000000005,215.98000000000002,218.20999999999998,0.5025680001842511
"2025-02-22",2025,1,2,February,Outdoor Play,119,2146.11,1190.2400000000005,955.87,0.44539655469663714
"2025-02-22",2025,1,2,February,Plush,56,968.3800000000001,590.6200000000001,377.76000000000005,0.39009479749685044
"2025-02-22",2025,1,2,February,Pretend Play,75,1496.84,943.43,553.4099999999999,0.3697188744287966
"2025-02-22",2025,1,2,February,Puzzles,109,2067.8400000000006,1085.32,982.5200000000003,0.47514314453729495
"2025-02-22",2025,1,2,February,STEM Kits,80,1796.6599999999999,994.9599999999999,801.7,0.44621686907929164
"2025-02-22",2025,1,2,February,Toy Vehicles,124,1912.1300000000008,1140.1799999999998,771.9499999999997,0.40371209070512953
"2025-02-23",2025,1,2,February,Action Figures,115,2308.1699999999996,1323.5199999999993,984.6499999999997,0.4265933618407656
"2025-02-23",2025,1,2,February,Arts & Crafts,166,2108.3399999999997,1268.1199999999997,840.2199999999999,0.3985220600092964
"2025-02-23",2025,1,2,February,Baby & Toddler,138,2193.66,1239.6999999999996,953.9599999999998,0.43487140213159736
"2025-02-23",2025,1,2,February,Board Games,94,1602.0599999999997,930.7400000000002,671.3199999999999,0.419035491804302
"2025-02-23",2025,1,2,February,Building Blocks,80,1249.11,714.7899999999998,534.3199999999999,0.4277605655226521
"2025-02-23",2025,1,2,February,Card Games,74,1957.4499999999996,1015.5400000000001,941.91,0.4811923676211398
"2025-02-23",2025,1,2,February,Collectibles,5,96.95,47.599999999999994,49.35000000000001,0.5090252707581229
"2025-02-23",2025,1,2,February,Dolls,76,1506.4899999999996,797.8700000000001,708.6200000000001,0.4703781638112436
"2025-02-23",2025,1,2,February,Educational,98,1834.0599999999995,988.13,845.9299999999998,0.4612335474302913
"2025-02-23",2025,1,2,February,Model Kits,49,775.6200000000001,438.84000000000015,336.78,0.43420747273149213
"2025-02-23",2025,1,2,February,Outdoor Play,105,1957.4999999999998,1066.6600000000003,890.8399999999999,0.45509067688378035
"2025-02-23",2025,1,2,February,Plush,61,930.1100000000002,556.28,373.83000000000004,0.40192020298674347
"2025-02-23",2025,1,2,February,Pretend Play,81,1618.7400000000002,990.8000000000001,627.9400000000002,0.3879189987274053
"2025-02-23",2025,1,2,February,Puzzles,112,2065.49,1077.9,987.5899999999998,0.47813835942076693
"2025-02-23",2025,1,2,February,STEM Kits,97,1898.85,1082.18,816.67,0.43008663138215236
"2025-02-23",2025,1,2,February,Toy Vehicles,126,1881.4300000000005,1115.2999999999997,766.1299999999995,0.4072062208001357
"2025-02-24",2025,1,2,February,Action Figures,148,3199.4799999999977,1811.27,1388.2100000000005,0.4338861314963686
"2025-02-24",2025,1,2,February,Arts & Crafts,128,1475.9999999999998,864.5300000000001,611.4699999999999,0.4142750677506775
"2025-02-24",2025,1,2,February,Baby & Toddler,144,1976.8899999999992,1161.9299999999996,814.9599999999996,0.4122434733343787
"2025-02-24",2025,1,2,February,Board Games,97,1576.12,921.71,654.4099999999999,0.41520315712001615
"2025-02-24",2025,1,2,February,Building Blocks,134,2106.35,1185.6599999999996,920.6900000000002,0.43710209604291794
"2025-02-24",2025,1,2,February,Card Games,38,758.7299999999999,380.25999999999993,378.47,0.498820397242761
"2025-02-24",2025,1,2,February,Collectibles,4,77.56,38.08,39.480000000000004,0.5090252707581228
"2025-02-24",2025,1,2,February,Dolls,116,2064.0800000000004,1125.9100000000003,938.1700000000002,0.4545221115460641
"2025-02-24",2025,1,2,February,Educational,123,2068.45,1239.0300000000002,829.4200000000001,0.4009862457395635
"2025-02-24",2025,1,2,February,Model Kits,81,1103.0300000000002,578.9599999999999,524.0699999999998,0.47511853712047697
"2025-02-24",2025,1,2,February,Outdoor Play,131,2512.6299999999997,1393.22,1119.41,0.4455132669752412
"2025-02-24",2025,1,2,February,Plush,58,848.4100000000001,481.55,366.86,0.4324088589243408
"2025-02-24",2025,1,2,February,Pretend Play,76,1467.2500000000002,857.5800000000002,609.6699999999998,0.4155188277389673
"2025-02-24",2025,1,2,February,Puzzles,154,2836.3200000000006,1500.39,1335.9299999999994,0.4710082078185815
"2025-02-24",2025,1,2,February,STEM Kits,63,1367.02,777.0599999999998,589.96,0.43156647305818496
"2025-02-24",2025,1,2,February,Toy Vehicles,128,1860.6900000000003,1126.2699999999998,734.4199999999998,0.39470304027000724
"2025-02-25",2025,1,2,February,Action Figures,149,3309.469999999998,1838.4999999999993,1470.97,0.44447298207870173
"2025-02-25",2025,1,2,February,Arts & Crafts,127,1516.8500000000004,909.1000000000001,607.75,0.40066585357813883
"2025-02-25",2025,1,2,February,Baby & Toddler,149,2459.5099999999998,1393.5699999999997,1065.9399999999998,0.4333952697895109
"2025-02-25",2025,1,2,February,Board Games,92,1667.6499999999996,927.08,740.5699999999999,0.44407999280424554
"2025-02-25",2025,1,2,February,Building Blocks,78,1119.6800000000003,637.1300000000001,482.55000000000007,0.43097134895684475
"2025-02-25",2025,1,2,February,Card Games,69,1417.43,746.52,670.9100000000001,0.4733284888848127
"2025-02-25",2025,1,2,February,Collectibles,17,329.63,161.84,167.79000000000002,0.5090252707581228
"2025-02-25",2025,1,2,February,Dolls,101,1655.6399999999999,894.0500000000001,761.5899999999999,0.45999734241743373
"2025-02-25",2025,1,2,February,Educational,108,1977.4799999999998,1128.8899999999999,848.5900000000001,0.42912696967858094
"2025-02-25",2025,1,2,February,Model Kits,38,726.75,391.61000000000007,335.13999999999993,0.4611489508083934
"2025-02-25",2025,1,2,February,Outdoor Play,83,1428.38,766.0900000000001,662.2900000000002,0.4636651311275712
"2025-02-25",2025,1,2,February,Plush,107,1683.6199999999997,980.9500000000002,702.6699999999998,0.41735664817476625
"2025-02-25",2025,1,2,February,Pretend Play,46,1000.6800000000001,615.8300000000002,384.84999999999985,0.3845884798337129
"2025-02-25",2025,1,2,February,Puzzles,157,2932.6600000000003,1571.2800000000004,1361.3799999999999,0.464213376252276
"2025-02-25",2025,1,2,February,STEM Kits,74,1589.17,893.7699999999998,695.4000000000001,0.4375869164406577
"2025-02-25",2025,1,2,February,Toy Vehicles,140,2737.4000000000005,1587.0800000000006,1150.32,0.42022356981076925
"2025-02-26",2025,1,2,February,Action Figures,160,3535.059999999999,1966.2399999999996,1568.8199999999997,0.44378879000639315
"2025-02-26",2025,1,2,February,Arts & Crafts,136,1701.24,1050.57,650.6699999999997,0.3824680821048175
"2025-02-26",2025,1,2,February,Baby & Toddler,131,1915.629999999999,1085.82,829.8099999999997,0.43317864096928954
"2025-02-26",2025,1,2,February,Board Games,109,1832.4000000000003,994.6700000000002,837.7300000000001,0.4571763807029033
"2025-02-26",2025,1,2,February,Building Blocks,80,1340.2200000000003,741.4000000000001,598.82,0.4468072406022891
"2025-02-26",2025,1,2,February,Card Games,73,1581.1399999999999,806.63,774.5099999999999,0.4898427716710727
"2025-02-26",2025,1,2,February,Collectibles,6,116.34,57.11999999999999,59.22000000000001,0.5090252707581229
"2025-02-26",2025,1,2,February,Dolls,104,1886.0500000000004,1067.4899999999998,818.5600000000004,0.43400758198351064
"2025-02-26",2025,1,2,February,Educational,104,1872.0399999999997,1064.85,807.1899999999999,0.431182026025085
"2025-02-26",2025,1,2,February,Model Kits,39,681.3000000000001,361.43,319.87,0.46949948627623656
"2025-02-26",2025,1,2,February,Outdoor Play,86,1676.9499999999998,928.6700000000003,748.2800000000002,0.44621485434866887
"2025-02-26",2025,1,2,February,Plush,83,1522.54,895.2,627.34,0.4120351517858316
"2025-02-26",2025,1,2,February,Pretend Play,91,1762.5600000000004,1025.9,736.6599999999999,0.41794889251997075
"2025-02-26",2025,1,2,February,Puzzles,157,2891.31,1511.2299999999998,1380.0799999999997,0.4773199691489324
"2025-02-26",2025,1,2,February,STEM Kits,97,1914.39,1094.98,819.4100000000001,0.4280266821285109
"2025-02-26",2025,1,2,February,Toy Vehicles,114,1848.22,1104.5399999999995,743.6799999999996,0.4023763404789471
"2025-02-27",2025,1,2,February,Action Figures,176,3559.5099999999984,1976.8899999999996,1582.6200000000001,0.4446173771108947
"2025-02-27",2025,1,2,February,Arts & Crafts,126,1678.64,1002.8200000000002,675.8200000000004,0.4025997235857601
"2025-02-27",2025,1,2,February,Baby & Toddler,170,2601.4400000000005,1480.1799999999998,1121.2599999999993,0.4310151300818005
"2025-02-27",2025,1,2,February,Board Games,95,1602.1199999999994,843.3700000000001,758.7500000000001,0.47359124160487376
"2025-02-27",2025,1,2,February,Building Blocks,84,1158.9999999999998,682.8599999999999,476.14,0.4108196721311476
"2025-02-27",2025,1,2,February,Card Games,58,1360.44,684.2900000000001,676.1500000000001,0.49700832083737617
"2025-02-27",2025,1,2,February,Collectibles,6,116.34,57.12,59.220000000000006,0.5090252707581228
"2025-02-27",2025,1,2,February,Dolls,98,1753.0199999999993,963.71,789.3100000000001,0.4502572703106641
"2025-02-27",2025,1,2,February,Educational,128,2277.3599999999997,1294.2899999999995,983.0699999999999,0.4316708820739804
"2025-02-27",2025,1,2,February,Model Kits,54,811.4299999999998,448.9000000000001,362.53,0.44677914299446664
"2025-02-27",2025,1,2,February,Outdoor Play,91,1542.24,833.5199999999999,708.72,0.4595393713040772
"2025-02-27",2025,1,2,February,Plush,50,737.6000000000001,443.84000000000003,293.76,0.3982646420824294
"2025-02-27",2025,1,2,February,Pretend Play,78,1601.6599999999999,988.1200000000002,613.5399999999998,0.38306506998988543
"2025-02-27",2025,1,2,February,Puzzles,163,2870.5399999999995,1451.7500000000007,1418.79,0.49425891992447424
"2025-02-27",2025,1,2,February,STEM Kits,97,1965.2200000000003,1120.94,844.28,0.42961093414477763
"2025-02-27",2025,1,2,February,Toy Vehicles,138,2336.9600000000005,1352.0499999999997,984.9099999999997,0.42144923319183875
"2025-02-28",2025,1,2,February,Action Figures,181,3859.349999999998,2177.059999999999,1682.2900000000004,0.43589982769119184
"2025-02-28",2025,1,2,February,Arts & Crafts,147,1667.2,974.73,692.4699999999998,0.4153490882917465
"2025-02-28",2025,1,2,February,Baby & Toddler,122,1737.05,968.3999999999995,768.6499999999999,0.44250309432658813
"2025-02-28",2025,1,2,February,Board Games,122,1931.6299999999992,1078.38,853.25,0.44172538219017116
"2025-02-28",2025,1,2,February,Building Blocks,46,525.51,318.16,207.35000000000002,0.3945690852695477
"2025-02-28",2025,1,2,February,Card Games,95,1998.8,1015.3300000000003,983.4700000000001,0.4920302181308786
"2025-02-28",2025,1,2,February,Dolls,89,1652.7,888.5499999999998,764.15,0.46236461547770313
"2025-02-28",2025,1,2,February,Educational,98,1796.27,997.18,799.0899999999999,0.4448607391984501
"2025-02-28",2025,1,2,February,Model Kits,58,1033.4199999999998,548.4199999999998,484.9999999999999,0.46931547676646473
"2025-02-28",2025,1,2,February,Outdoor Play,134,2430.9299999999994,1348.5399999999997,1082.3900000000003,0.4452575763185285
"2025-02-28",2025,1,2,February,Plush,74,1227.8400000000001,771.9500000000002,455.88999999999993,0.3712943054469637
"2025-02-28",2025,1,2,February,Pretend Play,88,1661.0000000000002,1003.7099999999999,657.29,0.39571944611679705
"2025-02-28",2025,1,2,February,Puzzles,120,2419.8299999999995,1259.09,1160.7399999999998,0.4796783245103995
"2025-02-28",2025,1,2,February,STEM Kits,110,2337.340000000001,1309.2099999999991,1028.1299999999999,0.439871820103194
"2025-02-28",2025,1,2,February,Toy Vehicles,101,1738.22,981.5699999999998,756.6499999999996,0.43530163040351605
"2025-03-01",2025,1,3,March,Action Figures,142,2537.02,1459.589999999999,1077.43,0.42468328984399023
"2025-03-01",2025,1,3,March,Arts & Crafts,119,1480.4199999999998,872.1599999999999,608.2599999999998,0.41086988827494886
"2025-03-01",2025,1,3,March,Baby & Toddler,131,2041.7000000000005,1115.3899999999994,926.3099999999997,0.45369544987020594
"2025-03-01",2025,1,3,March,Board Games,74,1417.3000000000006,807.2700000000002,610.03,0.4304169900515062
"2025-03-01",2025,1,3,March,Building Blocks,78,1205.92,690.1400000000001,515.78,0.42770664720711155
"2025-03-01",2025,1,3,March,Card Games,51,1247.9499999999998,644.7399999999999,603.2100000000002,0.48336071156697
"2025-03-01",2025,1,3,March,Collectibles,3,58.17,28.56,29.610000000000003,0.5090252707581228
"2025-03-01",2025,1,3,March,Dolls,88,1567.2999999999997,816.75,750.5500000000001,0.47888087794295936
"2025-03-01",2025,1,3,March,Educational,111,1781.6399999999999,1044.1199999999997,737.5199999999999,0.4139556812824139
"2025-03-01",2025,1,3,March,Model Kits,68,1006.83,552.42,454.4099999999999,0.45132743362831845
"2025-03-01",2025,1,3,March,Outdoor Play,84,1511.9999999999998,836.3500000000001,675.6500000000002,0.4468584656084658
"2025-03-01",2025,1,3,March,Plush,65,1144.2300000000002,670.29,473.94000000000005,0.4141999423192889
"2025-03-01",2025,1,3,March,Pretend Play,94,2064.620000000001,1241.5000000000002,823.1199999999998,0.39867869147833473
"2025-03-01",2025,1,3,March,Puzzles,167,2685.49,1416.3100000000004,1269.1799999999998,0.4726064889461513
"2025-03-01",2025,1,3,March,STEM Kits,82,1552.4,873.0600000000001,679.3399999999999,0.4376062870394227
"2025-03-01",2025,1,3,March,Toy Vehicles,157,2748.2599999999998,1523.9900000000007,1224.2699999999995,0.44547095252996427
"2025-03-02",2025,1,3,March,Action Figures,140,2543.8999999999996,1438.0700000000004,1105.83,0.43469869098628094
"2025-03-02",2025,1,3,March,Arts & Crafts,109,1377.43,852.83,524.6000000000001,0.38085419948745136
"2025-03-02",2025,1,3,March,Baby & Toddler,118,1603.3799999999997,924.2099999999996,679.1699999999996,0.4235864236799759
"2025-03-02",2025,1,3,March,Board Games,126,2002.4999999999995,1112.94,889.5600000000001,0.4442247191011237
"2025-03-02",2025,1,3,March,Building Blocks,79,1181.9599999999994,673.13,508.8299999999999,0.43049680192223105
"2025-03-02",2025,1,3,March,Card Games,97,2179.109999999999,1145.49,1033.6200000000003,0.47433126368104445
"2025-03-02",2025,1,3,March,Collectibles,5,96.95,47.599999999999994,49.35000000000001,0.5090252707581229
"2025-03-02",2025,1,3,March,Dolls,68,1208.1200000000001,676.44,531.68,0.44008873290732703
"2025-03-02",2025,1,3,March,Educational,88,1576.0599999999997,893.4099999999997,682.6499999999999,0.4331370633097725
"2025-03-02",2025,1,3,March,Model Kits,54,908.7400000000001,521.04,387.69999999999993,0.4266346809868608
"2025-03-02",2025,1,3,March,Outdoor Play,86,1513.0800000000002,835.43,677.6500000000002,0.4478613159912233
"2025-03-02",2025,1,3,March,Plush,89,1552.4799999999998,949.66,602.8199999999999,0.38829485726064106
"2025-03-02",2025,1,3,March,Pretend Play,84,1662.3899999999999,1018.97,643.42,0.3870451578751075
"2025-03-02",2025,1,3,March,Puzzles,97,1925.43,998.0600000000001,927.37,0.48164306154988756
"2025-03-02",2025,1,3,March,STEM Kits,96,1932.97,1103.8200000000002,829.1499999999997,0.42895130291727224
"2025-03-02",2025,1,3,March,Toy Vehicles,150,2669.04,1526.7200000000003,1142.3200000000002,0.42798908971015803
"2025-03-03",2025,1,3,March,Action Figures,158,3388.6099999999983,1968.32,1420.2899999999995,0.41913646008245276
"2025-03-03",2025,1,3,March,Arts & Crafts,163,1998.8499999999995,1160.5900000000001,838.2599999999996,0.41937113840458257
"2025-03-03",2025,1,3,March,Baby & Toddler,151,2264.74,1261.1999999999996,1003.5399999999997,0.4431148829446205
"2025-03-03",2025,1,3,March,Board Games,98,1914.7800000000004,1051.4400000000003,863.34,0.4508820856704164
"2025-03-03",2025,1,3,March,Building Blocks,83,1257.95,726.5100000000001,531.4399999999998,0.42246512182519164
"2025-03-03",2025,1,3,March,Card Games,48,938.11,494.5099999999999,443.59999999999997,0.4728656554135442
"2025-03-03",2025,1,3,March,Collectibles,12,232.68,114.24,118.44000000000001,0.5090252707581228
"2025-03-03",2025,1,3,March,Dolls,101,1762.3799999999997,956.4699999999999,805.9100000000002,0.45728503500947604
"2025-03-03",2025,1,3,March,Educational,96,1764.2699999999998,1071.1699999999998,693.1,0.3928537015309449
"2025-03-03",2025,1,3,March,Model Kits,52,930.25,468.78000000000003,461.4699999999999,0.49607094866971235
"2025-03-03",2025,1,3,March,Outdoor Play,74,1362.93,757.2000000000002,605.7300000000001,0.44443221588783
"2025-03-03",2025,1,3,March,Plush,91,1302.74,759.3900000000001,543.3500000000001,0.41708245697529833
"2025-03-03",2025,1,3,March,Pretend Play,65,1054.0800000000002,613.1400000000001,440.94,0.4183173952641165
"2025-03-03",2025,1,3,March,Puzzles,126,2208.29,1226.93,981.36,0.44439815422793205
"2025-03-03",2025,1,3,March,STEM Kits,97,1939.17,1124.1599999999999,815.0099999999998,0.42028806138708813
"2025-03-03",2025,1,3,March,Toy Vehicles,101,1588.3700000000003,953.19,635.1799999999998,0.39989423119298384
"2025-03-04",2025,1,3,March,Action Figures,129,3136.169999999999,1750.94,1385.23,0.44169480608512945
"2025-03-04",2025,1,3,March,Arts & Crafts,174,2191.2900000000004,1330.1400000000006,861.1500000000001,0.3929876921813178
"2025-03-04",2025,1,3,March,Baby & Toddler,106,1786.4999999999995,1010.3599999999997,776.1399999999998,0.4344472432129863
"2025-03-04",2025,1,3,March,Board Games,76,1257.0200000000002,705.6900000000002,551.3299999999999,0.4386008178071947
"2025-03-04",2025,1,3,March,Building Blocks,99,1388.18,796.6999999999998,591.48,0.4260830728003573
"2025-03-04",2025,1,3,March,Card Games,78,1850.82,938.2299999999998,912.5900000000003,0.49307334046530743
"2025-03-04",2025,1,3,March,Collectibles,9,174.51,85.67999999999999,88.83000000000001,0.5090252707581229
"2025-03-04",2025,1,3,March,Dolls,80,1508.3999999999994,799.28,709.1200000000001,0.4701140281092551
"2025-03-04",2025,1,3,March,Educational,110,2072.15,1150.1199999999997,922.0300000000003,0.4449629611755907
"2025-03-04",2025,1,3,March,Model Kits,62,1082.2000000000003,577.9300000000002,504.26999999999987,0.4659674736647567
"2025-03-04",2025,1,3,March,Outdoor Play,175,2645.810000000001,1487.8100000000004,1158.0000000000007,0.43767315113330146
"2025-03-04",2025,1,3,March,Plush,69,1065.51,643.9100000000001,421.59999999999997,0.3956790644855515
"2025-03-04",2025,1,3,March,Pretend Play,85,1405.0100000000002,867.6999999999999,537.3099999999998,0.38242432438203267
"2025-03-04",2025,1,3,March,Puzzles,97,1485.16,793.4600000000002,691.7,0.4657410649357645
"2025-03-04",2025,1,3,March,STEM Kits,74,1390.76,798.7299999999999,592.03,0.4256881129742011
"2025-03-04",2025,1,3,March,Toy Vehicles,114,1892.160000000001,1112.4199999999998,779.7399999999996,0.41208988669034285
"2025-03-05",2025,1,3,March,Action Figures,181,3054.479999999998,1806.8999999999994,1247.58,0.40844268091459124
"2025-03-05",2025,1,3,March,Arts & Crafts,150,1883.39,1098.06,785.3299999999999,0.41697683432533883
"2025-03-05",2025,1,3,March,Baby & Toddler,119,1795.8100000000002,1033.5399999999997,762.2699999999999,0.424471408445214
"2025-03-05",2025,1,3,March,Board Games,104,1662.4299999999996,918.4400000000003,743.99,0.4475316253917459
"2025-03-05",2025,1,3,March,Building Blocks,100,1368.6,792.5299999999999,576.0700000000002,0.4209191874908667
"2025-03-05",2025,1,3,March,Card Games,89,1999.6799999999998,1021.5399999999998,978.1400000000002,0.4891482637221957
"2025-03-05",2025,1,3,March,Collectibles,7,135.73000000000002,66.64,69.09,0.5090252707581226
"2025-03-05",2025,1,3,March,Dolls,76,1231.9999999999998,684.8199999999999,547.1800000000001,0.44413961038961053
"2025-03-05",2025,1,3,March,Educational,89,1558.03,853.1399999999999,704.89,0.4524238942767469
"2025-03-05",2025,1,3,March,Model Kits,38,595.21,332.7400000000001,262.47,0.4409704138035315
"2025-03-05",2025,1,3,March,Outdoor Play,140,2623.8999999999996,1467.4299999999998,1156.4700000000003,0.44074469301421565
"2025-03-05",2025,1,3,March,Plush,76,1336.6200000000001,803.84,532.78,0.3986024449731412
"2025-03-05",2025,1,3,March,Pretend Play,82,1492.6,913.4199999999998,579.18,0.3880343025592925
"2025-03-05",2025,1,3,March,Puzzles,121,2236.05,1191.9099999999999,1044.1399999999999,0.4669573578408353
"2025-03-05",2025,1,3,March,STEM Kits,86,1989.5100000000004,1100.9299999999998,888.5799999999997,0.44663258792365934
"2025-03-05",2025,1,3,March,Toy Vehicles,139,2458.5600000000013,1409.0500000000002,1049.5099999999995,0.42687996225432734
"2025-03-06",2025,1,3,March,Action Figures,113,2475.0099999999993,1383.3200000000004,1091.6899999999998,0.44108508652490297
"2025-03-06",2025,1,3,March,Arts & Crafts,133,1679.03,1022.8000000000003,656.2300000000001,0.39083875809247015
"2025-03-06",2025,1,3,March,Baby & Toddler,170,2483.2299999999987,1439.4099999999994,1043.82,0.42034769232008334
"2025-03-06",2025,1,3,March,Board Games,69,1352.81,737.0100000000002,615.8000000000002,0.4552006564114696
"2025-03-06",2025,1,3,March,Building Blocks,114,1600.7,951.61,649.09,0.4055038420690948
"2025-03-06",2025,1,3,March,Card Games,67,1381.7000000000003,718.71,662.9900000000001,0.4798364333791706
"2025-03-06",2025,1,3,March,Collectibles,5,96.95,47.599999999999994,49.35000000000001,0.5090252707581229
"2025-03-06",2025,1,3,March,Dolls,96,1692.8800000000003,919.6400000000001,773.24,0.4567600775010632
"2025-03-06",2025,1,3,March,Educational,89,1588.23,883.6199999999997,704.6099999999999,0.4436448121493738
"2025-03-06",2025,1,3,March,Model Kits,69,956.6100000000001,488.97999999999996,467.6299999999999,0.4888408024168677
"2025-03-06",2025,1,3,March,Outdoor Play,127,2348.0999999999995,1282.76,1065.3400000000004,0.45370299390997004
"2025-03-06",2025,1,3,March,Plush,89,1443.0699999999997,862.0300000000001,581.0399999999998,0.40264159049803544
"2025-03-06",2025,1,3,March,Pretend Play,91,1650.8000000000004,1034.2800000000002,616.5199999999999,0.3734674097407316
"2025-03-06",2025,1,3,March,Puzzles,124,2264.8199999999993,1197.6600000000003,1067.16,0.47118976342490815
"2025-03-06",2025,1,3,March,STEM Kits,77,1449.1399999999996,834.6400000000001,614.5000000000001,0.42404460576617875
"2025-03-06",2025,1,3,March,Toy Vehicles,137,2367.72,1341.4700000000005,1026.25,0.4334338519757404
"2025-03-07",2025,1,3,March,Action Figures,108,2765.839999999999,1549.1399999999999,1216.6999999999998,0.4399025250918348
"2025-03-07",2025,1,3,March,Arts & Crafts,155,1815.8899999999996,1073.2499999999998,742.6399999999999,0.40896750353820993
"2025-03-07",2025,1,3,March,Baby & Toddler,125,1841.059999999999,1077.3599999999997,763.6999999999999,0.4148153780974006
"2025-03-07",2025,1,3,March,Board Games,117,2179.9799999999987,1209.11,970.8699999999999,0.44535729685593467
"2025-03-07",2025,1,3,March,Building Blocks,107,1761.6699999999996,973.6900000000002,787.9800000000001,0.44729149046075617
"2025-03-07",2025,1,3,March,Card Games,71,1459.87,722.3399999999999,737.5299999999999,0.5052025180324274
"2025-03-07",2025,1,3,March,Collectibles,2,38.78,19.04,19.740000000000002,0.5090252707581228
"2025-03-07",2025,1,3,March,Dolls,118,2090.2,1123.27,966.9300000000003,0.46260166491244875
"2025-03-07",2025,1,3,March,Educational,74,1287.4199999999998,719.7900000000002,567.63,0.4409050659458452
"2025-03-07",2025,1,3,March,Model Kits,62,972.9699999999999,531.3,441.6699999999999,0.4539399981499943
"2025-03-07",2025,1,3,March,Outdoor Play,112,1985.1699999999998,1096.2500000000002,888.9200000000002,0.44778029085670257
"2025-03-07",2025,1,3,March,Plush,82,1371.65,780.3600000000004,591.2900000000002,0.4310793569788212
"2025-03-07",2025,1,3,March,Pretend Play,83,1774.8000000000002,1057.42,717.3799999999999,0.40420329051160686
"2025-03-07",2025,1,3,March,Puzzles,110,1957.0200000000002,1019.33,937.6899999999999,0.47914175634382883
"2025-03-07",2025,1,3,March,STEM Kits,101,1861.6999999999996,1085.3799999999999,776.3199999999998,0.4169952194231079
"2025-03-07",2025,1,3,March,Toy Vehicles,122,1965.2800000000007,1192.97,772.3099999999998,0.3929770821460553
"2025-03-08",2025,1,3,March,Action Figures,211,3784.5199999999977,2148.7200000000007,1635.7999999999997,0.43223447095008105
"2025-03-08",2025,1,3,March,Arts & Crafts,169,1985.2899999999995,1183.3399999999997,801.9499999999999,0.4039460229991589
"2025-03-08",2025,1,3,March,Baby & Toddler,150,2448.8500000000004,1380.6399999999996,1068.21,0.4362088327173979
"2025-03-08",2025,1,3,March,Board Games,102,1893.5099999999993,1058.8600000000006,834.65,0.44079513707347745
"2025-03-08",2025,1,3,March,Building Blocks,89,1272.3,741.1899999999997,531.11,0.417440855144227
"2025-03-08",2025,1,3,March,Card Games,75,1489.7199999999998,744.5400000000001,745.18,0.5002148054667992
"2025-03-08",2025,1,3,March,Dolls,84,1490.7399999999993,822.44,668.2999999999998,0.4483008438761958
"2025-03-08",2025,1,3,March,Educational,94,1763.9099999999999,988.1499999999999,775.7599999999998,0.4397956811855479
"2025-03-08",2025,1,3,March,Model Kits,36,540.71,290.06,250.65,0.46355717482569214
"2025-03-08",2025,1,3,March,Outdoor Play,137,2437.9700000000003,1369.6100000000001,1068.3600000000006,0.43821704122692257
"2025-03-08",2025,1,3,March,Plush,83,1467.3499999999995,873.7900000000003,593.56,0.40451153439874615
"2025-03-08",2025,1,3,March,Pretend Play,103,2362.4800000000005,1445.5099999999995,916.97,0.3881387355660153
"2025-03-08",2025,1,3,March,Puzzles,97,1948.7899999999995,1024.4499999999998,924.3399999999998,0.4743148312542655
"2025-03-08",2025,1,3,March,STEM Kits,111,2245.43,1238.3,1007.13,0.44852433609598163
"2025-03-08",2025,1,3,March,Toy Vehicles,99,1687.9699999999998,967.1099999999999,720.8599999999999,0.42705735291503993
"2025-03-09",2025,1,3,March,Action Figures,147,2908.849999999999,1606.71,1302.1399999999996,0.4476476958248105
"2025-03-09",2025,1,3,March,Arts & Crafts,104,1268.8,735.1,533.7,0.4206336696090795
"2025-03-09",2025,1,3,March,Baby & Toddler,134,2177.0299999999997,1213.5099999999995,963.5199999999998,0.4425846221687344
"2025-03-09",2025,1,3,March,Board Games,132,2181.3600000000006,1198.2300000000002,983.1299999999999,0.45069589613818883
"2025-03-09",2025,1,3,March,Building Blocks,102,2069.83,1126.1,943.7299999999999,0.4559456573728277
"2025-03-09",2025,1,3,March,Card Games,62,1469.9099999999996,778.4399999999998,691.4699999999999,0.4704165561156806
"2025-03-09",2025,1,3,March,Collectibles,3,58.17,28.56,29.610000000000003,0.5090252707581228
"2025-03-09",2025,1,3,March,Dolls,85,1359.7699999999995,770.5100000000002,589.2599999999999,0.4333526993535672
"2025-03-09",2025,1,3,March,Educational,137,2540.6899999999996,1403.1799999999998,1137.5099999999998,0.4477169587789144
"2025-03-09",2025,1,3,March,Model Kits,31,466.89000000000004,238.08,228.81000000000003,0.49007260810897646
"2025-03-09",2025,1,3,March,Outdoor Play,97,1785.08,995.34,789.7400000000002,0.4424115445806352
"2025-03-09",2025,1,3,March,Plush,92,1905.3599999999994,1056.75,848.6099999999999,0.44538040055422606
"2025-03-09",2025,1,3,March,Pretend Play,101,1951.3600000000004,1169.59,781.7699999999999,0.40062827976385684
"2025-03-09",2025,1,3,March,Puzzles,140,2651.2000000000007,1412.9099999999999,1238.2899999999995,0.46706774290887115
"2025-03-09",2025,1,3,March,STEM Kits,101,2030.8900000000006,1152.23,878.6600000000003,0.43264775541757555
"2025-03-09",2025,1,3,March,Toy Vehicles,136,2067.9700000000003,1234.71,833.2599999999999,0.40293621280772923
"2025-03-10",2025,1,3,March,Action Figures,142,2215.1399999999994,1252.0400000000006,963.0999999999998,0.43478064591854243
"2025-03-10",2025,1,3,March,Arts & Crafts,135,1636.1399999999996,954.0999999999999,682.0400000000001,0.4168591929785961
"2025-03-10",2025,1,3,March,Baby & Toddler,148,2017.65,1157.4799999999993,860.1699999999997,0.42632270215349527
"2025-03-10",2025,1,3,March,Board Games,78,1410.8299999999997,778.57,632.26,0.44814754435332405
"2025-03-10",2025,1,3,March,Building Blocks,68,937.6399999999999,536.56,401.08000000000015,0.42775478861823324
"2025-03-10",2025,1,3,March,Card Games,56,1428.0499999999997,728.7499999999999,699.3,0.48968873638878196
"2025-03-10",2025,1,3,March,Collectibles,4,77.56,38.08,39.480000000000004,0.5090252707581228
"2025-03-10",2025,1,3,March,Dolls,91,1658.4399999999994,920.84,737.6000000000001,0.4447553122211237
"2025-03-10",2025,1,3,March,Educational,137,2516.9399999999987,1427.9599999999994,1088.9799999999996,0.43266029384888005
"2025-03-10",2025,1,3,March,Model Kits,55,862.95,493.48999999999995,369.45999999999987,0.4281360449620486
"2025-03-10",2025,1,3,March,Outdoor Play,127,2093.2799999999997,1155.72,937.5600000000004,0.4478903921119012
"2025-03-10",2025,1,3,March,Plush,65,971.5599999999998,601.94,369.61999999999995,0.3804397052163531
"2025-03-10",2025,1,3,March,Pretend Play,57,1253.1400000000003,730.8200000000002,522.3199999999999,0.41680897585265797
"2025-03-10",2025,1,3,March,Puzzles,141,2270.18,1204.49,1065.6899999999998,0.46942973684906036
"2025-03-10",2025,1,3,March,STEM Kits,65,1176.76,686.47,490.28999999999996,0.4166440055746286
"2025-03-10",2025,1,3,March,Toy Vehicles,145,2412.8600000000006,1444.3100000000004,968.55,0.4014116028281789
"2025-03-11",2025,1,3,March,Action Figures,121,2623.1299999999987,1452.7499999999995,1170.3799999999997,0.44617689554082346
"2025-03-11",2025,1,3,March,Arts & Crafts,118,1673.6700000000003,1052.4499999999998,621.2199999999997,0.3711723338531488
"2025-03-11",2025,1,3,March,Baby & Toddler,143,2131.0499999999993,1255.05,875.9999999999993,0.411064967973534
"2025-03-11",2025,1,3,March,Board Games,75,1472.94,814.73,658.2099999999999,0.44686816842505456
"2025-03-11",2025,1,3,March,Building Blocks,104,1727.3699999999997,962.4799999999998,764.8899999999999,0.442806115655592
"2025-03-11",2025,1,3,March,Card Games,67,1357.48,695.74,661.74,0.48747679523823556
"2025-03-11",2025,1,3,March,Collectibles,16,310.24,152.32,157.92000000000002,0.5090252707581228
"2025-03-11",2025,1,3,March,Dolls,98,1697.78,913.7700000000001,784.0099999999998,0.4617853903332586
"2025-03-11",2025,1,3,March,Educational,102,1662.09,918.7500000000001,743.3399999999999,0.4472320993448008
"2025-03-11",2025,1,3,March,Model Kits,60,1032.9700000000003,546.0200000000001,486.9499999999999,0.4714076885098306
"2025-03-11",2025,1,3,March,Outdoor Play,124,2175.7,1206.9499999999998,968.7500000000003,0.4452589971043804
"2025-03-11",2025,1,3,March,Plush,61,919.35,543.51,375.84000000000003,0.4088105726872247
"2025-03-11",2025,1,3,March,Pretend Play,79,1654.2100000000005,1018.0699999999999,636.1399999999998,0.38455818789633694
"2025-03-11",2025,1,3,March,Puzzles,101,1985.6699999999998,1023.6400000000001,962.0300000000001,0.4844863446594853
"2025-03-11",2025,1,3,March,STEM Kits,93,1719.4000000000003,951.8699999999998,767.53,0.44639409096196336
"2025-03-11",2025,1,3,March,Toy Vehicles,150,2473.7900000000004,1460.2600000000007,1013.5299999999997,0.4097073720889807
"2025-03-12",2025,1,3,March,Action Figures,128,2769.319999999999,1546.6499999999996,1222.6700000000003,0.4415054959340202
"2025-03-12",2025,1,3,March,Arts & Crafts,133,1642.21,986.67,655.5399999999997,0.3991815906613647
"2025-03-12",2025,1,3,March,Baby & Toddler,141,2138.5,1209.39,929.1099999999997,0.43446808510638285
"2025-03-12",2025,1,3,March,Board Games,119,2062.98,1196.49,866.4899999999997,0.4200186138498675
"2025-03-12",2025,1,3,March,Building Blocks,99,1495.1900000000003,854.3499999999999,640.84,0.4286010473585296
"2025-03-12",2025,1,3,March,Card Games,41,1060.5599999999997,554.0199999999999,506.54000000000013,0.47761559930602726
"2025-03-12",2025,1,3,March,Collectibles,6,116.34,57.12,59.220000000000006,0.5090252707581228
"2025-03-12",2025,1,3,March,Dolls,109,1772.4699999999996,1020.6100000000002,751.8599999999998,0.4241877154479342
"2025-03-12",2025,1,3,March,Educational,98,1819.2599999999998,1009.5799999999998,809.6800000000003,0.44506007937293207
"2025-03-12",2025,1,3,March,Model Kits,58,857.1600000000002,432.40000000000003,424.76000000000005,0.495543422464884
"2025-03-12",2025,1,3,March,Outdoor Play,101,2097.2700000000004,1155.5300000000002,941.7400000000005,0.44903135981537917
"2025-03-12",2025,1,3,March,Plush,103,1690.3799999999999,994.84,695.54,0.4114696103834641
"2025-03-12",2025,1,3,March,Pretend Play,79,1816.3200000000004,1114.9199999999998,701.4,0.3861654334038054
"2025-03-12",2025,1,3,March,Puzzles,105,2093.13,1124.01,969.1199999999999,0.4630003869802639
"2025-03-12",2025,1,3,March,STEM Kits,113,2466.13,1398.0099999999998,1068.1200000000001,0.43311585358436094
"2025-03-12",2025,1,3,March,Toy Vehicles,154,2650.8200000000006,1539.3200000000006,1111.4999999999998,0.4193042152994166
"2025-03-13",2025,1,3,March,Action Figures,123,2106.5299999999993,1219.8,886.7299999999998,0.42094344728059896
"2025-03-13",2025,1,3,March,Arts & Crafts,131,1663.9399999999996,988.51,675.4299999999998,0.4059220885368463
"2025-03-13",2025,1,3,March,Baby & Toddler,99,1656.0599999999995,911.0099999999998,745.0500000000001,0.44989311981449964
"2025-03-13",2025,1,3,March,Board Games,60,1029.0200000000002,543.3000000000001,485.72,0.47202192377213265
"2025-03-13",2025,1,3,March,Building Blocks,73,1245.51,725.8199999999999,519.6899999999999,0.4172507647469711
"2025-03-13",2025,1,3,March,Card Games,89,1995.4299999999998,1036.9099999999999,958.5200000000001,0.4803576171551997
"2025-03-13",2025,1,3,March,Collectibles,2,38.78,19.04,19.740000000000002,0.5090252707581228
"2025-03-13",2025,1,3,March,Dolls,86,1497.6599999999999,835.6000000000003,662.06,0.44206295153773223
"2025-03-13",2025,1,3,March,Educational,115,2379.6599999999994,1293.3200000000004,1086.3400000000001,0.45651059395039645
"2025-03-13",2025,1,3,March,Model Kits,59,1055.2700000000002,610.72,444.5499999999999,0.4212665952789332
"2025-03-13",2025,1,3,March,Outdoor Play,134,2338.2999999999997,1293.9999999999998,1044.3000000000004,0.44660650900226684
"2025-03-13",2025,1,3,March,Plush,67,991.9300000000001,624.7600000000001,367.16999999999996,0.37015716834857293
"2025-03-13",2025,1,3,March,Pretend Play,79,1404.1800000000003,831.2399999999998,572.94,0.40802461222920133
"2025-03-13",2025,1,3,March,Puzzles,129,2454.0699999999997,1291.7500000000002,1162.32,0.47362952157028937
"2025-03-13",2025,1,3,March,STEM Kits,109,2063.2,1137.0299999999997,926.1700000000001,0.4488997673516868
"2025-03-13",2025,1,3,March,Toy Vehicles,108,1880.7600000000004,1113.2100000000005,767.55,0.4081062974542205
"2025-03-14",2025,1,3,March,Action Figures,150,3273.6499999999987,1828.3600000000008,1445.29,0.441491912696837
"2025-03-14",2025,1,3,March,Arts & Crafts,116,1264.3299999999997,765.9300000000001,498.40000000000003,0.39420088109908025
"2025-03-14",2025,1,3,March,Baby & Toddler,122,1777.2800000000002,1001.0099999999998,776.2699999999999,0.43677417176809497
"2025-03-14",2025,1,3,March,Board Games,83,1320.4599999999998,744.26,576.1999999999999,0.4363630855913848
"2025-03-14",2025,1,3,March,Building Blocks,120,1548.0399999999997,920.2899999999998,627.7500000000002,0.4055127774476114
"2025-03-14",2025,1,3,March,Card Games,71,1665.4000000000005,859.0200000000001,806.3800000000001,0.48419598895160315
"2025-03-14",2025,1,3,March,Collectibles,9,174.51,85.67999999999999,88.83000000000001,0.5090252707581229
"2025-03-14",2025,1,3,March,Dolls,101,1847.5700000000002,1020.6100000000001,826.9600000000002,0.447593325286728
"2025-03-14",2025,1,3,March,Educational,124,2349.3599999999983,1312.4999999999995,1036.8599999999997,0.4413372152415979
"2025-03-14",2025,1,3,March,Model Kits,53,866.9000000000002,475.35000000000014,391.54999999999984,0.45166685892259745
"2025-03-14",2025,1,3,March,Outdoor Play,80,1365.66,765.8900000000001,599.7700000000001,0.4391795908205557
"2025-03-14",2025,1,3,March,Plush,74,1047.18,600.2500000000001,446.9300000000002,0.42679386542905723
"2025-03-14",2025,1,3,March,Pretend Play,75,1587.1900000000003,970.0300000000001,617.16,0.388838135320913
"2025-03-14",2025,1,3,March,Puzzles,108,1874.4499999999998,957.8699999999999,916.5800000000002,0.48898610259009323
"2025-03-14",2025,1,3,March,STEM Kits,99,2287.4499999999994,1270.5399999999995,1016.91,0.4445605368423355
"2025-03-14",2025,1,3,March,Toy Vehicles,123,2022.5199999999998,1154.47,868.0499999999998,0.4291922947609912
"2025-03-15",2025,1,3,March,Action Figures,146,3186.169999999999,1804.1899999999998,1381.9800000000002,0.43374333447367863
"2025-03-15",2025,1,3,March,Arts & Crafts,129,1536.54,896.3399999999999,640.2000000000002,0.41665039634503503
"2025-03-15",2025,1,3,March,Baby & Toddler,104,1568.4299999999998,862.34,706.0900000000001,0.4501890425457306
"2025-03-15",2025,1,3,March,Board Games,109,1906.4999999999995,1062.82,843.6800000000001,0.44252819302386587
"2025-03-15",2025,1,3,March,Building Blocks,81,1225.5799999999997,705.4100000000001,520.17,0.4244276179441571
"2025-03-15",2025,1,3,March,Card Games,66,1263.78,658.2900000000002,605.4899999999999,0.4791102881830698
"2025-03-15",2025,1,3,March,Collectibles,2,38.78,19.04,19.740000000000002,0.5090252707581228
"2025-03-15",2025,1,3,March,Dolls,85,1519.3899999999996,824.1800000000001,695.2099999999998,0.45755862550102344
"2025-03-15",2025,1,3,March,Educational,75,1292.5199999999995,710.7399999999998,581.7799999999999,0.4501129576331508
"2025-03-15",2025,1,3,March,Model Kits,37,651.1600000000001,385.8,265.35999999999996,0.4075188893666686
"2025-03-15",2025,1,3,March,Outdoor Play,133,2300.8000000000006,1264.8100000000002,1035.9900000000002,0.4502738178025035
"2025-03-15",2025,1,3,March,Plush,70,1011.0200000000002,578.1800000000001,432.84,0.42812209451840705
"2025-03-15",2025,1,3,March,Pretend Play,85,2009.41,1244.3,765.1099999999998,0.38076350769628886
"2025-03-15",2025,1,3,March,Puzzles,85,1533.6899999999996,808.5999999999999,725.0899999999998,0.47277481107655395
"2025-03-15",2025,1,3,March,STEM Kits,74,1406.0700000000004,800.5100000000001,605.56,0.43067557091752173
"2025-03-15",2025,1,3,March,Toy Vehicles,123,1969.0800000000006,1130.15,838.9299999999997,0.42605176021289104
"2025-03-16",2025,1,3,March,Action Figures,159,3025.8599999999988,1741.749999999999,1284.1099999999997,0.4243785237915833
"2025-03-16",2025,1,3,March,Arts & Crafts,161,2002.3500000000001,1203.6400000000003,798.7100000000004,0.39888630858741
"2025-03-16",2025,1,3,March,Baby & Toddler,175,2312.1899999999996,1337.3999999999994,974.7899999999996,0.4215873263010392
"2025-03-16",2025,1,3,March,Board Games,95,1607.8799999999999,876.21,731.6699999999997,0.4550526158668556
"2025-03-16",2025,1,3,March,Building Blocks,107,1465.2899999999995,857.0300000000001,608.26,0.4151123668352341
"2025-03-16",2025,1,3,March,Card Games,91,2123.12,1096.0900000000004,1027.0300000000002,0.48373619955537145
"2025-03-16",2025,1,3,March,Collectibles,9,174.51,85.67999999999998,88.83000000000001,0.5090252707581229
"2025-03-16",2025,1,3,March,Dolls,85,1695.58,969.4100000000001,726.1700000000001,0.42827233159154987
"2025-03-16",2025,1,3,March,Educational,81,1331.0500000000002,743.8799999999998,587.1699999999997,0.4411329401600238
"2025-03-16",2025,1,3,March,Model Kits,47,769.3200000000002,428.04000000000013,341.28,0.4436125409452502
"2025-03-16",2025,1,3,March,Outdoor Play,112,1903.9,1037.24,866.6600000000003,0.4552024791218028
"2025-03-16",2025,1,3,March,Plush,65,999.8600000000001,587.35,412.51,0.412567759486328
"2025-03-16",2025,1,3,March,Pretend Play,78,1486.08,871.5400000000001,614.5399999999998,0.4135309000861326
"2025-03-16",2025,1,3,March,Puzzles,144,2358.7000000000007,1237.2400000000005,1121.4599999999998,0.475456819434434
"2025-03-16",2025,1,3,March,STEM Kits,116,2353.349999999999,1347.8999999999996,1005.4499999999999,0.4272420166995986
"2025-03-16",2025,1,3,March,Toy Vehicles,166,2911.840000000002,1721.8500000000001,1189.9900000000002,0.40867286664102404
"2025-03-17",2025,1,3,March,Action Figures,160,2914.82,1658.5399999999997,1256.28,0.4309974543882641
"2025-03-17",2025,1,3,March,Arts & Crafts,108,1294.95,772.2500000000001,522.6999999999998,0.4036449283756128
"2025-03-17",2025,1,3,March,Baby & Toddler,115,1917.3799999999997,1097.46,819.9199999999995,0.42762519688324674
"2025-03-17",2025,1,3,March,Board Games,108,1555.6,874.4100000000002,681.1899999999999,0.4378953458472615
"2025-03-17",2025,1,3,March,Building Blocks,100,1517.3799999999999,858.0699999999995,659.3100000000002,0.4345055292675534
"2025-03-17",2025,1,3,March,Card Games,71,1610.4199999999998,840.6100000000001,769.8100000000001,0.4780181567541388
"2025-03-17",2025,1,3,March,Collectibles,6,116.34,57.11999999999999,59.22000000000001,0.5090252707581229
"2025-03-17",2025,1,3,March,Dolls,103,1849.0099999999995,1009.5000000000002,839.51,0.4540321577492822
"2025-03-17",2025,1,3,March,Educational,94,1672.149999999999,973.2899999999996,698.8600000000001,0.4179409741948991
"2025-03-17",2025,1,3,March,Model Kits,55,823.7199999999999,449.1800000000001,374.5399999999999,0.45469334239790216
"2025-03-17",2025,1,3,March,Outdoor Play,76,1446.0999999999997,808.0000000000001,638.1,0.44125579143904303
"2025-03-17",2025,1,3,March,Plush,69,1253.94,799.17,454.7700000000001,0.36267285516053405
"2025-03-17",2025,1,3,March,Pretend Play,59,1384.9100000000003,819.48,565.4299999999998,0.4082792383620594
"2025-03-17",2025,1,3,March,Puzzles,130,2554.7800000000007,1378.8200000000002,1175.9600000000003,0.4602979512913049
"2025-03-17",2025,1,3,March,STEM Kits,79,1670.9900000000005,953.67,717.3199999999998,0.4292784516962996
"2025-03-17",2025,1,3,March,Toy Vehicles,138,2181.760000000001,1329.6800000000007,852.0799999999997,0.3905470812554998
"2025-03-18",2025,1,3,March,Action Figures,131,3090.979999999998,1772.4099999999992,1318.5699999999997,0.42658639007693366
"2025-03-18",2025,1,3,March,Arts & Crafts,135,1676.16,970.28,705.8799999999997,0.42112924780450534
"2025-03-18",2025,1,3,March,Baby & Toddler,172,2430.139999999999,1399.6900000000005,1030.4499999999996,0.4240290682841318
"2025-03-18",2025,1,3,March,Board Games,86,1723.0999999999997,914.9300000000002,808.1700000000001,0.4690209506122687
"2025-03-18",2025,1,3,March,Building Blocks,72,959.2099999999997,566.07,393.14,0.4098581124050001
"2025-03-18",2025,1,3,March,Card Games,66,1548.2900000000002,797.56,750.7299999999999,0.4848768641533562
"2025-03-18",2025,1,3,March,Collectibles,9,174.51000000000002,85.68,88.83000000000001,0.5090252707581228
"2025-03-18",2025,1,3,March,Dolls,83,1389.29,791.68,597.61,0.4301549712443047
"2025-03-18",2025,1,3,March,Educational,101,1859.4099999999992,1058.24,801.1700000000002,0.4308732339828228
"2025-03-18",2025,1,3,March,Model Kits,53,851.56,490.3100000000002,361.24999999999994,0.4242214289069472
"2025-03-18",2025,1,3,March,Outdoor Play,115,1999.09,1125.29,873.8000000000003,0.4370988799903958
"2025-03-18",2025,1,3,March,Plush,100,1668.12,992.7099999999998,675.4100000000002,0.4048929333621084
"2025-03-18",2025,1,3,March,Pretend Play,100,1990.1500000000003,1117.3100000000002,872.8399999999999,0.43858000653217083
"2025-03-18",2025,1,3,March,Puzzles,109,1889.08,1003.51,885.57,0.4687837465856396
"2025-03-18",2025,1,3,March,STEM Kits,80,1583.5800000000002,890.0999999999997,693.4800000000001,0.4379191452279014
"2025-03-18",2025,1,3,March,Toy Vehicles,148,2401.0699999999997,1416.7400000000002,984.33,0.40995472851686965
"2025-03-19",2025,1,3,March,Action Figures,139,2490.179999999999,1420.33,1069.85,0.42962757712293903
"2025-03-19",2025,1,3,March,Arts & Crafts,137,1654.74,981.5899999999999,673.1499999999999,0.40680106844579805
"2025-03-19",2025,1,3,March,Baby & Toddler,145,2241.2,1250.4199999999992,990.7799999999995,0.4420756737462072
"2025-03-19",2025,1,3,March,Board Games,90,1376.2299999999996,766.5200000000002,609.71,0.443029144837709
"2025-03-19",2025,1,3,March,Building Blocks,119,1924.3499999999997,1091.3800000000006,832.97,0.43285784810455485
"2025-03-19",2025,1,3,March,Card Games,69,1639.1200000000008,827.7499999999999,811.3700000000001,0.49500341646737256
"2025-03-19",2025,1,3,March,Collectibles,6,116.34,57.12,59.220000000000006,0.5090252707581228
"2025-03-19",2025,1,3,March,Dolls,95,1616.2299999999996,895.3000000000001,720.93,0.4460565637316472
"2025-03-19",2025,1,3,March,Educational,121,2243.3399999999992,1257.65,985.6899999999999,0.4393850241158274
"2025-03-19",2025,1,3,March,Model Kits,69,1136.4400000000003,626.2800000000001,510.1599999999999,0.4489106332054484
"2025-03-19",2025,1,3,March,Outdoor Play,96,1776.57,968.1999999999999,808.3700000000002,0.4550172523458126
"2025-03-19",2025,1,3,March,Plush,102,1509.8999999999999,870.99,638.9100000000001,0.42314722829326457
"2025-03-19",2025,1,3,March,Pretend Play,88,1839.1400000000006,1130.8799999999999,708.2599999999998,0.3851039072610022
"2025-03-19",2025,1,3,March,Puzzles,114,2111.4399999999996,1095.8299999999997,1015.61,0.4810034857727429
"2025-03-19",2025,1,3,March,STEM Kits,82,1728.06,988.4700000000003,739.5900000000003,0.4279886115065451
"2025-03-19",2025,1,3,March,Toy Vehicles,131,2080.86,1214.0700000000002,866.79,0.4165537325913324
"2025-03-20",2025,1,3,March,Action Figures,199,3247.269999999999,1799.8899999999999,1447.3800000000003,0.445722098870744
"2025-03-20",2025,1,3,March,Arts & Crafts,155,1937.58,1118.24,819.3399999999998,0.42286770094654147
"2025-03-20",2025,1,3,March,Baby & Toddler,93,1536.3699999999994,850.3,686.0699999999999,0.44655258824371746
"2025-03-20",2025,1,3,March,Board Games,86,1499.12,822.2100000000002,676.91,0.45153823576498214
"2025-03-20",2025,1,3,March,Building Blocks,93,1546.5200000000002,866.7299999999999,679.79,0.43956107906784253
"2025-03-20",2025,1,3,March,Card Games,96,2139.6299999999997,1089.4700000000003,1050.1599999999999,0.49081383229810766
"2025-03-20",2025,1,3,March,Collectibles,8,155.12,76.16,78.96000000000001,0.5090252707581228
"2025-03-20",2025,1,3,March,Dolls,83,1466.88,831.4000000000001,635.48,0.4332188045375218
"2025-03-20",2025,1,3,March,Educational,93,1841.6799999999996,1020.9800000000001,820.6999999999998,0.4456257330263672
"2025-03-20",2025,1,3,March,Model Kits,41,610.1400000000001,333.63,276.51000000000005,0.45319107090176025
"2025-03-20",2025,1,3,March,Outdoor Play,123,2287.239999999999,1268.3399999999997,1018.9000000000002,0.44547139784194084
"2025-03-20",2025,1,3,March,Plush,82,1412.57,799.4700000000003,613.1,0.43403158781511714
"2025-03-20",2025,1,3,March,Pretend Play,61,1527.7300000000002,955.63,572.1,0.37447716546772003
"2025-03-20",2025,1,3,March,Puzzles,114,1884.4099999999996,983.5200000000002,900.8900000000002,0.47807536576435083
"2025-03-20",2025,1,3,March,STEM Kits,121,2315.459999999999,1321.33,994.1299999999999,0.4293444931028825
"2025-03-20",2025,1,3,March,Toy Vehicles,117,2028.7900000000004,1205.52,823.2699999999996,0.4057936011119926
"2025-03-21",2025,1,3,March,Action Figures,192,3525.6099999999997,2032.5799999999997,1493.0299999999997,0.42348132663567434
"2025-03-21",2025,1,3,March,Arts & Crafts,180,2369.129999999999,1409.0500000000004,960.0800000000003,0.4052458075327232
"2025-03-21",2025,1,3,March,Baby & Toddler,120,1854.3099999999997,1064.11,790.1999999999997,0.42614233865966306
"2025-03-21",2025,1,3,March,Board Games,84,1308.4799999999998,745.7800000000004,562.7,0.4300409635607729
"2025-03-21",2025,1,3,March,Building Blocks,78,1206.9099999999999,682.7799999999999,524.1300000000001,0.43427430380061494
"2025-03-21",2025,1,3,March,Card Games,59,1121.02,570.3499999999998,550.6700000000001,0.4912222797095503
"2025-03-21",2025,1,3,March,Collectibles,1,19.39,9.52,9.870000000000001,0.5090252707581228
"2025-03-21",2025,1,3,March,Dolls,69,1251.21,675.7600000000001,575.4500000000002,0.459914802471208
"2025-03-21",2025,1,3,March,Educational,100,1710.81,991.5599999999996,719.2499999999998,0.42041489119189146
"2025-03-21",2025,1,3,March,Model Kits,49,768.5300000000001,440.34000000000003,328.18999999999994,0.4270360298231688
"2025-03-21",2025,1,3,March,Outdoor Play,132,2334.9099999999994,1312.8300000000002,1022.0800000000002,0.4377384995567283
"2025-03-21",2025,1,3,March,Plush,91,1412.1700000000003,832.2299999999999,579.9400000000002,0.410672935977963
"2025-03-21",2025,1,3,March,Pretend Play,87,1823.5600000000004,1118.63,704.9299999999997,0.3865680317620476
"2025-03-21",2025,1,3,March,Puzzles,123,2008.6300000000003,1039.4000000000003,969.2300000000001,0.48253287066308875
"2025-03-21",2025,1,3,March,STEM Kits,95,1740.9299999999998,1013.9699999999997,726.9599999999999,0.4175699195257707
"2025-03-21",2025,1,3,March,Toy Vehicles,167,2569.620000000001,1528.1399999999999,1041.4799999999996,0.40530506456207505
"2025-03-22",2025,1,3,March,Action Figures,154,3640.319999999999,2059.2400000000002,1581.0800000000006,0.43432445499296796
"2025-03-22",2025,1,3,March,Arts & Crafts,195,2120.6800000000003,1286.1799999999998,834.5000000000001,0.3935058566120301
"2025-03-22",2025,1,3,March,Baby & Toddler,160,2244.669999999999,1320.12,924.5500000000003,0.41188682523489006
"2025-03-22",2025,1,3,March,Board Games,101,1565.89,862.3699999999999,703.52,0.4492780463506376
"2025-03-22",2025,1,3,March,Building Blocks,77,1183.62,684.2499999999999,499.3699999999999,0.42190060999307205
"2025-03-22",2025,1,3,March,Card Games,67,1420.6899999999998,721.77,698.92,0.4919581330198707
"2025-03-22",2025,1,3,March,Collectibles,2,38.78,19.04,19.740000000000002,0.5090252707581228
"2025-03-22",2025,1,3,March,Dolls,97,1801.99,1001.0999999999999,800.8900000000002,0.4444475274557574
"2025-03-22",2025,1,3,March,Educational,103,2032.7799999999997,1129.2999999999997,903.4800000000001,0.44445537638111365
"2025-03-22",2025,1,3,March,Model Kits,49,739.3200000000002,400.6300000000001,338.6899999999999,0.4581101552778226
"2025-03-22",2025,1,3,March,Outdoor Play,130,2139.8599999999997,1159.2899999999997,980.5700000000004,0.45824025870851387
"2025-03-22",2025,1,3,March,Plush,81,1420.0600000000002,844.4500000000002,575.61,0.40534202780164214
"2025-03-22",2025,1,3,March,Pretend Play,73,1412.9500000000003,855.2199999999999,557.73,0.3947273435011854
"2025-03-22",2025,1,3,March,Puzzles,139,2371.3700000000003,1267.6799999999998,1103.6899999999996,0.46542294116902866
"2025-03-22",2025,1,3,March,STEM Kits,116,2322.43,1312.2099999999998,1010.2199999999997,0.4349840468819296
"2025-03-22",2025,1,3,March,Toy Vehicles,156,2847.59,1606.8500000000006,1240.7399999999998,0.4357158158302283
"2025-03-23",2025,1,3,March,Action Figures,165,3593.7199999999975,2027.1599999999999,1566.56,0.4359159867769334
"2025-03-23",2025,1,3,March,Arts & Crafts,161,1930.3599999999994,1163.4399999999998,766.9199999999997,0.39729376903789965
"2025-03-23",2025,1,3,March,Baby & Toddler,100,1410.4899999999996,806.8799999999999,603.6099999999997,0.42794348063438936
"2025-03-23",2025,1,3,March,Board Games,73,1264.0299999999997,703.5100000000001,560.52,0.4434388424325373
"2025-03-23",2025,1,3,March,Building Blocks,70,1136.9499999999998,635.3999999999999,501.54999999999995,0.44113637363120634
"2025-03-23",2025,1,3,March,Card Games,73,1855.4700000000005,976.18,879.2900000000002,0.47389071232625696
"2025-03-23",2025,1,3,March,Collectibles,8,155.12,76.16,78.96000000000001,0.5090252707581228
"2025-03-23",2025,1,3,March,Dolls,90,1480.5999999999997,819.6100000000001,660.9899999999998,0.4464338781575037
"2025-03-23",2025,1,3,March,Educational,69,1234.2999999999997,693.0799999999997,541.2199999999999,0.4384833508871425
"2025-03-23",2025,1,3,March,Model Kits,69,1172.1,615.79,556.3099999999998,0.47462673833290664
"2025-03-23",2025,1,3,March,Outdoor Play,106,1803.8899999999996,1044.9799999999998,758.9100000000002,0.4207074710763962
"2025-03-23",2025,1,3,March,Plush,98,1726.1199999999997,973.3700000000001,752.7499999999999,0.43609366672073785
"2025-03-23",2025,1,3,March,Pretend Play,59,1381.8000000000004,816.8499999999999,564.9499999999998,0.40885077435229383
"2025-03-23",2025,1,3,March,Puzzles,149,2874.4400000000005,1483.0999999999997,1391.3400000000008,0.48403863013317394
"2025-03-23",2025,1,3,March,STEM Kits,85,1640.6,950.6199999999998,689.98,0.42056564671461666
"2025-03-23",2025,1,3,March,Toy Vehicles,92,1522.3300000000002,904.0200000000001,618.31,0.4061602937602227
"2025-03-24",2025,1,3,March,Action Figures,150,3113.3199999999997,1742.33,1370.99,0.4403626996261226
"2025-03-24",2025,1,3,March,Arts & Crafts,161,2037.6399999999996,1303.4700000000003,734.1700000000001,0.36030407726585667
"2025-03-24",2025,1,3,March,Baby & Toddler,182,2782.1899999999996,1548.9900000000002,1233.2000000000003,0.443247944964219
"2025-03-24",2025,1,3,March,Board Games,101,1724.3000000000002,952.9900000000002,771.3100000000001,0.44731775213129965
"2025-03-24",2025,1,3,March,Building Blocks,86,1129.31,676.42,452.89000000000004,0.40103248886488213
"2025-03-24",2025,1,3,March,Card Games,65,1396.58,712.98,683.5999999999999,0.48948144753612394
"2025-03-24",2025,1,3,March,Collectibles,4,77.56,38.08,39.480000000000004,0.5090252707581228
"2025-03-24",2025,1,3,March,Dolls,103,1928.329999999999,1013.5199999999999,914.81,0.47440531444306755
"2025-03-24",2025,1,3,March,Educational,76,1438.5099999999998,838.9899999999997,599.5199999999996,0.4167645688942028
"2025-03-24",2025,1,3,March,Model Kits,46,806.7600000000001,431.6200000000001,375.13999999999993,0.464995785611582
"2025-03-24",2025,1,3,March,Outdoor Play,111,2098.37,1159.8199999999997,938.5500000000003,0.4472757426002089
"2025-03-24",2025,1,3,March,Plush,72,1180.9599999999998,649.6200000000001,531.3400000000001,0.44992209727679194
"2025-03-24",2025,1,3,March,Pretend Play,79,1315.4900000000002,786.6899999999999,528.7999999999998,0.4019794905320449
"2025-03-24",2025,1,3,March,Puzzles,125,2195.3799999999997,1160.5299999999997,1034.85,0.47137625376927916
"2025-03-24",2025,1,3,March,STEM Kits,63,1356.6600000000003,765.3299999999997,591.3299999999999,0.43587192074653913
"2025-03-24",2025,1,3,March,Toy Vehicles,131,2260.41,1302.6000000000004,957.8099999999998,0.4237328626222676
"2025-03-25",2025,1,3,March,Action Figures,142,3617.909999999999,2017.1499999999992,1600.7599999999998,0.4424543451882441
"2025-03-25",2025,1,3,March,Arts & Crafts,142,1755.0699999999997,1028.0200000000002,727.0499999999997,0.41425698120302884
"2025-03-25",2025,1,3,March,Baby & Toddler,156,2399.85,1377.1199999999997,1022.7299999999996,0.4261641352584535
"2025-03-25",2025,1,3,March,Board Games,137,2273.8799999999997,1296.2700000000007,977.6099999999998,0.42993033933189084
"2025-03-25",2025,1,3,March,Building Blocks,102,1718.1899999999998,951.2800000000001,766.9099999999997,0.4463476099849259
"2025-03-25",2025,1,3,March,Card Games,78,1814.6500000000005,909.27,905.3800000000001,0.49892816796627437
"2025-03-25",2025,1,3,March,Collectibles,5,96.95,47.599999999999994,49.35000000000001,0.5090252707581229
"2025-03-25",2025,1,3,March,Dolls,89,1548.4299999999998,821.08,727.3499999999998,0.4697338594576441
"2025-03-25",2025,1,3,March,Educational,92,1665.46,983.9999999999998,681.4599999999998,0.4091722407022683
"2025-03-25",2025,1,3,March,Model Kits,47,820.4800000000001,483.50000000000006,336.97999999999996,0.4107108034321372
"2025-03-25",2025,1,3,March,Outdoor Play,104,1835.59,1013.7299999999998,821.8600000000005,0.4477361502296267
"2025-03-25",2025,1,3,March,Plush,83,1451.1299999999997,856.0800000000002,595.05,0.41005974654234983
"2025-03-25",2025,1,3,March,Pretend Play,83,1736.0999999999997,1012.3299999999999,723.77,0.41689418812280404
"2025-03-25",2025,1,3,March,Puzzles,86,1461.2199999999998,755.7999999999998,705.4199999999998,0.4827609805504989
"2025-03-25",2025,1,3,March,STEM Kits,99,1947.3999999999999,1075.27,872.13,0.44784327821711
"2025-03-25",2025,1,3,March,Toy Vehicles,161,2601.86,1503.9200000000005,1097.9399999999996,0.4219827354277323
"2025-03-26",2025,1,3,March,Action Figures,154,2572.7899999999995,1491.2299999999996,1081.5600000000004,0.4203840966421669
"2025-03-26",2025,1,3,March,Arts & Crafts,156,2024.929999999999,1179.6000000000001,845.3300000000004,0.4174613443427678
"2025-03-26",2025,1,3,March,Baby & Toddler,163,2191.9499999999994,1229.8499999999995,962.0999999999997,0.43892424553479775
"2025-03-26",2025,1,3,March,Board Games,85,1320.6399999999999,756.45,564.1899999999999,0.4272095347710201
"2025-03-26",2025,1,3,March,Building Blocks,113,1532.3599999999997,914.4099999999999,617.9499999999999,0.40326685635229326
"2025-03-26",2025,1,3,March,Card Games,85,1863.16,952.5400000000001,910.6200000000001,0.4887502951974066
"2025-03-26",2025,1,3,March,Collectibles,3,58.17,28.56,29.610000000000003,0.5090252707581228
"2025-03-26",2025,1,3,March,Dolls,94,1804.59,991.0200000000001,813.57,0.4508337073795156
"2025-03-26",2025,1,3,March,Educational,120,2173.9999999999995,1187.2499999999995,986.7499999999997,0.4538868445262189
"2025-03-26",2025,1,3,March,Model Kits,71,1258.1200000000001,696.3500000000003,561.77,0.4465154357295011
"2025-03-26",2025,1,3,March,Outdoor Play,105,1722.2499999999998,949.6599999999999,772.59,0.44859340978371326
"2025-03-26",2025,1,3,March,Plush,88,1472.8,803.6500000000001,669.15,0.4543386746333514
"2025-03-26",2025,1,3,March,Pretend Play,66,1547.78,945.1500000000001,602.6300000000001,0.38935119978291494
"2025-03-26",2025,1,3,March,Puzzles,104,1866.4199999999996,998.7500000000003,867.6699999999998,0.46488464547100866
"2025-03-26",2025,1,3,March,STEM Kits,105,1989.8100000000002,1099.7399999999998,890.07,0.4473140651620004
"2025-03-26",2025,1,3,March,Toy Vehicles,143,2081.7599999999998,1263.2200000000003,818.54,0.3931961417262317
"2025-03-27",2025,1,3,March,Action Figures,164,3174.1899999999987,1823.37,1350.82,0.42556368711387804
"2025-03-27",2025,1,3,March,Arts & Crafts,210,2664.2000000000003,1629.6500000000003,1034.55,0.3883154417836498
"2025-03-27",2025,1,3,March,Baby & Toddler,147,2327.7699999999995,1277.7,1050.0699999999997,0.45110556455319895
"2025-03-27",2025,1,3,March,Board Games,73,1161.9199999999998,675.03,486.88999999999993,0.4190391765353897
"2025-03-27",2025,1,3,March,Building Blocks,48,787.8900000000001,427.27000000000004,360.62,0.4577034865273071
"2025-03-27",2025,1,3,March,Card Games,73,1589.3799999999999,820.5000000000001,768.8799999999999,0.4837609633945312
"2025-03-27",2025,1,3,March,Collectibles,11,213.29000000000002,104.71999999999998,108.57000000000002,0.5090252707581228
"2025-03-27",2025,1,3,March,Dolls,116,2198.3999999999996,1196.9399999999996,1001.4599999999999,0.45554039301310045
"2025-03-27",2025,1,3,March,Educational,88,1610.8199999999995,888.46,722.3599999999998,0.4484424082144498
"2025-03-27",2025,1,3,March,Model Kits,54,862.79,495.6100000000001,367.1799999999999,0.42557285086753427
"2025-03-27",2025,1,3,March,Outdoor Play,135,2711.6899999999996,1523.2200000000005,1188.4699999999998,0.43827649915735206
"2025-03-27",2025,1,3,March,Plush,94,1475.0900000000001,965.0600000000001,510.03000000000003,0.34576195350792155
"2025-03-27",2025,1,3,March,Pretend Play,69,1251.53,751.0699999999999,500.46,0.3998785486564445
"2025-03-27",2025,1,3,March,Puzzles,100,1824.1000000000004,970.6600000000002,853.44,0.46786908612466416
"2025-03-27",2025,1,3,March,STEM Kits,102,1985.4700000000005,1121.2299999999998,864.2399999999999,0.4352823260991099
"2025-03-27",2025,1,3,March,Toy Vehicles,129,2073.3300000000004,1182.4099999999999,890.9199999999997,0.4297048709081524
"2025-03-28",2025,1,3,March,Action Figures,144,3149.2399999999984,1744.52,1404.7199999999998,0.44605047567032063
"2025-03-28",2025,1,3,March,Arts & Crafts,146,1757.1899999999996,1044.29,712.9,0.40570456239791947
"2025-03-28",2025,1,3,March,Baby & Toddler,152,2441.42,1345.5699999999995,1095.8499999999995,0.4488576320338161
"2025-03-28",2025,1,3,March,Board Games,87,1705.9499999999996,943.7500000000002,762.2,0.4467891790497964
"2025-03-28",2025,1,3,March,Building Blocks,114,1637.2200000000003,962.6300000000002,674.59,0.41203381341542367
"2025-03-28",2025,1,3,March,Card Games,49,1038.7600000000002,531.97,506.7899999999999,0.487879779737379
"2025-03-28",2025,1,3,March,Collectibles,5,96.95,47.599999999999994,49.35000000000001,0.5090252707581229
"2025-03-28",2025,1,3,March,Dolls,86,1314.0099999999998,747.9200000000001,566.09,0.43081102883539707
"2025-03-28",2025,1,3,March,Educational,120,2148.919999999999,1198.0,950.9200000000001,0.44251065651583144
"2025-03-28",2025,1,3,March,Model Kits,45,561.0800000000002,297.1800000000001,263.9,0.47034291010194607
"2025-03-28",2025,1,3,March,Outdoor Play,83,1398.2,759.7700000000001,638.4300000000001,0.4566084966385353
"2025-03-28",2025,1,3,March,Plush,92,1508.5099999999998,815.4899999999999,693.02,0.45940696448813734
"2025-03-28",2025,1,3,March,Pretend Play,96,1928.8100000000002,1166.8,762.0099999999998,0.3950674249926119
"2025-03-28",2025,1,3,March,Puzzles,101,1630.2299999999998,846.7800000000001,783.45,0.4805763603908652
"2025-03-28",2025,1,3,March,STEM Kits,107,1980.77,1140.4700000000003,840.3000000000001,0.424228961464481
"2025-03-28",2025,1,3,March,Toy Vehicles,156,2699.51,1598.9,1100.61,0.4077073246626239
"2025-03-29",2025,1,3,March,Action Figures,155,2527.49,1481.6,1045.8899999999996,0.4138057915164846
"2025-03-29",2025,1,3,March,Arts & Crafts,140,1749.68,1033.17,716.51,0.40950916739060855
"2025-03-29",2025,1,3,March,Baby & Toddler,136,2319.23,1288.0799999999992,1031.1499999999996,0.44460877101451757
"2025-03-29",2025,1,3,March,Board Games,133,2368.2000000000003,1308.7000000000003,1059.4999999999998,0.44738620048982336
"2025-03-29",2025,1,3,March,Building Blocks,95,1582.2699999999995,913.9,668.3700000000001,0.4224121041288783
"2025-03-29",2025,1,3,March,Card Games,93,1854.1400000000006,925.6800000000004,928.4599999999999,0.5007496737031721
"2025-03-29",2025,1,3,March,Collectibles,4,77.56,38.08,39.480000000000004,0.5090252707581228
"2025-03-29",2025,1,3,March,Dolls,86,1492.4799999999993,828.27,664.21,0.44503778945111516
"2025-03-29",2025,1,3,March,Educational,100,2017.1399999999996,1083.1299999999997,934.0099999999996,0.4630367748396243
"2025-03-29",2025,1,3,March,Model Kits,60,849.9100000000002,447.4500000000001,402.45999999999987,0.4735324916755889
"2025-03-29",2025,1,3,March,Outdoor Play,134,2485.0199999999995,1345.36,1139.6600000000003,0.4586120031227115
"2025-03-29",2025,1,3,March,Plush,81,1457.0599999999997,854.5600000000001,602.5,0.4135039051240169
"2025-03-29",2025,1,3,March,Pretend Play,79,1458.3400000000004,849.4899999999999,608.8499999999999,0.41749523430750013
"2025-03-29",2025,1,3,March,Puzzles,141,2102.7799999999997,1092.8400000000004,1009.9400000000003,0.4802879996956412
"2025-03-29",2025,1,3,March,STEM Kits,107,2202.17,1275.05,927.1200000000001,0.42100291984724164
"2025-03-29",2025,1,3,March,Toy Vehicles,138,2417.05,1364.15,1052.8999999999994,0.43561366128131374
"2025-03-30",2025,1,3,March,Action Figures,189,3599.1999999999975,2057.019999999999,1542.1799999999996,0.42847855078906444
"2025-03-30",2025,1,3,March,Arts & Crafts,160,1772.7200000000003,1058.7099999999998,714.0100000000001,0.4027765242113814
"2025-03-30",2025,1,3,March,Baby & Toddler,177,2504.63,1437.1100000000006,1067.5199999999993,0.4262186430730285
"2025-03-30",2025,1,3,March,Board Games,98,1590.0000000000002,862.0900000000005,727.91,0.4578050314465408
"2025-03-30",2025,1,3,March,Building Blocks,68,1025.25,597.03,428.22000000000014,0.41767373811265557
"2025-03-30",2025,1,3,March,Card Games,79,1869.1000000000004,993.22,875.8800000000001,0.4686105612326788
"2025-03-30",2025,1,3,March,Collectibles,7,135.73000000000002,66.63999999999999,69.09,0.5090252707581226
"2025-03-30",2025,1,3,March,Dolls,130,2196.3399999999992,1247.4499999999998,948.8900000000002,0.4320323811431748
"2025-03-30",2025,1,3,March,Educational,133,2468.0000000000005,1354.9999999999998,1113.0,0.4509724473257698
"2025-03-30",2025,1,3,March,Model Kits,51,859.3600000000001,470.38000000000005,388.97999999999996,0.4526391733382982
"2025-03-30",2025,1,3,March,Outdoor Play,111,2003.18,1111.5299999999997,891.6500000000003,0.4451172635509541
"2025-03-30",2025,1,3,March,Plush,79,1395.7999999999997,822.08,573.7199999999999,0.4110330992978937
"2025-03-30",2025,1,3,March,Pretend Play,82,1502.5900000000001,887.8900000000001,614.6999999999999,0.4090936316626624
"2025-03-30",2025,1,3,March,Puzzles,98,1640.2399999999996,848.8,791.4400000000002,0.4825147539384483
"2025-03-30",2025,1,3,March,STEM Kits,89,1973.44,1103.6000000000004,869.84,0.4407734717042322
"2025-03-30",2025,1,3,March,Toy Vehicles,112,1732.3099999999997,1016.6499999999999,715.66,0.4131246716811657
"2025-03-31",2025,1,3,March,Action Figures,160,3651.649999999999,2049.7400000000002,1601.9099999999996,0.4386811441403201
"2025-03-31",2025,1,3,March,Arts & Crafts,157,1934.41,1127.3300000000002,807.08,0.417222822462663
"2025-03-31",2025,1,3,March,Baby & Toddler,109,1864.6499999999994,1035.3999999999999,829.2499999999999,0.4447215295095595
"2025-03-31",2025,1,3,March,Board Games,67,1334.14,760.1600000000001,573.9799999999999,0.43022471404800083
"2025-03-31",2025,1,3,March,Building Blocks,108,1822.7499999999998,1012.9099999999999,809.8399999999999,0.4442957070360719
"2025-03-31",2025,1,3,March,Card Games,92,2248.6200000000003,1171.39,1077.2300000000002,0.4790627140201546
"2025-03-31",2025,1,3,March,Collectibles,15,290.85,142.79999999999998,148.05,0.5090252707581228
"2025-03-31",2025,1,3,March,Dolls,97,1772.2599999999998,935.3500000000001,836.9100000000002,0.4722275512622303
"2025-03-31",2025,1,3,March,Educational,103,1812.3900000000003,975.6899999999998,836.6999999999997,0.461655603926307
"2025-03-31",2025,1,3,March,Model Kits,42,718.0799999999999,398.37,319.71,0.4452289438502674
"2025-03-31",2025,1,3,March,Outdoor Play,141,2672.9399999999996,1453.7499999999995,1219.1900000000007,0.4561232201246571
"2025-03-31",2025,1,3,March,Plush,82,1395.54,847.9900000000001,547.5500000000001,0.3923570804133168
"2025-03-31",2025,1,3,March,Pretend Play,84,1633.5400000000002,1011.3399999999999,622.1999999999999,0.3808905811917675
"2025-03-31",2025,1,3,March,Puzzles,130,2314.3999999999996,1224.7900000000002,1089.61,0.47079588662288285
"2025-03-31",2025,1,3,March,STEM Kits,67,1500.17,826.7399999999997,673.43,0.4489024577214582
"2025-03-31",2025,1,3,March,Toy Vehicles,140,2226.8300000000004,1314.62,912.2099999999997,0.40964510088331824
"2025-04-01",2025,2,4,April,Action Figures,129,2338.8599999999997,1310.8600000000001,1027.9999999999998,0.4395303694962503
"2025-04-01",2025,2,4,April,Arts & Crafts,195,2403.81,1461.2299999999996,942.5799999999997,0.3921191774724291
"2025-04-01",2025,2,4,April,Baby & Toddler,133,1908.4099999999996,1075.05,833.36,0.43667765312485274
"2025-04-01",2025,2,4,April,Board Games,102,1923.7900000000002,1064.8499999999997,858.9400000000002,0.44648324401311995
"2025-04-01",2025,2,4,April,Building Blocks,110,1565.9799999999996,936.2200000000001,629.7599999999999,0.4021507298943793
"2025-04-01",2025,2,4,April,Card Games,50,1107.19,588.1999999999999,518.9900000000002,0.46874520181721313
"2025-04-01",2025,2,4,April,Collectibles,4,77.56,38.08,39.480000000000004,0.5090252707581228
"2025-04-01",2025,2,4,April,Dolls,130,2391.1699999999996,1309.1799999999998,1081.9900000000002,0.4524939673883498
"2025-04-01",2025,2,4,April,Educational,80,1353.43,771.2499999999998,582.18,0.4301515408997879
"2025-04-01",2025,2,4,April,Model Kits,58,948.0300000000001,542.1100000000001,405.9199999999999,0.42817210425830393
"2025-04-01",2025,2,4,April,Outdoor Play,126,2256.1,1231.03,1025.0700000000002,0.454354860156908
"2025-04-01",2025,2,4,April,Plush,97,1381.75,830.4500000000002,551.2999999999998,0.39898679211145277
"2025-04-01",2025,2,4,April,Pretend Play,74,1619.6699999999998,983.8699999999999,635.7999999999998,0.3925490995079244
"2025-04-01",2025,2,4,April,Puzzles,126,2328.619999999999,1207.71,1120.91,0.4813623519509411
"2025-04-01",2025,2,4,April,STEM Kits,103,2077.68,1159.5299999999997,918.1500000000001,0.4419111701513227
"2025-04-01",2025,2,4,April,Toy Vehicles,157,2377.0300000000007,1412.3700000000003,964.6599999999997,0.4058257573526626
"2025-04-02",2025,2,4,April,Action Figures,158,3289.5699999999997,1858.44,1431.13,0.4350507817131115
"2025-04-02",2025,2,4,April,Arts & Crafts,135,1705.1399999999999,1048.1399999999999,657.0000000000001,0.3853056054048349
"2025-04-02",2025,2,4,April,Baby & Toddler,127,2028.9399999999998,1146.4299999999998,882.5099999999998,0.43496111269924187
"2025-04-02",2025,2,4,April,Board Games,98,1729.1600000000003,927.8400000000003,801.32,0.4634157625667954
"2025-04-02",2025,2,4,April,Building Blocks,72,1054.66,589.6899999999999,464.96999999999997,0.4408719397720592
"2025-04-02",2025,2,4,April,Card Games,64,1504.6799999999998,771.72,732.96,0.48712018502272914
"2025-04-02",2025,2,4,April,Collectibles,6,116.34,57.12,59.220000000000006,0.5090252707581228
"2025-04-02",2025,2,4,April,Dolls,76,1409.4699999999998,807.71,601.7600000000002,0.42694062307108366
"2025-04-02",2025,2,4,April,Educational,114,1910.7399999999993,1084.79,825.9499999999996,0.43226707977014134
"2025-04-02",2025,2,4,April,Model Kits,52,918.41,502.81000000000006,415.5999999999999,0.4525212051262507
"2025-04-02",2025,2,4,April,Outdoor Play,76,1385.42,759.5699999999999,625.8500000000003,0.45174026648958454
"2025-04-02",2025,2,4,April,Plush,107,1572.6999999999996,944.7900000000002,627.9100000000001,0.39925605646340706
"2025-04-02",2025,2,4,April,Pretend Play,88,1986.0300000000002,1242.3699999999997,743.6600000000002,0.3744455018302846
"2025-04-02",2025,2,4,April,Puzzles,149,2705.13,1410.8,1294.3299999999995,0.4784723839519725
"2025-04-02",2025,2,4,April,STEM Kits,96,1906.02,1086.5900000000001,819.4300000000001,0.4299167899602313
"2025-04-02",2025,2,4,April,Toy Vehicles,145,2498.4100000000003,1489.1800000000003,1009.2299999999999,0.40394891150771883
"2025-04-03",2025,2,4,April,Action Figures,119,2773.0499999999984,1550.54,1222.5100000000004,0.4408539333946381
"2025-04-03",2025,2,4,April,Arts & Crafts,137,1780.4799999999996,1064.5299999999997,715.9500000000003,0.40211066678648477
"2025-04-03",2025,2,4,April,Baby & Toddler,151,2187.4999999999986,1277.5899999999995,909.9099999999996,0.41595885714285724
"2025-04-03",2025,2,4,April,Board Games,106,2159.47,1188.4300000000003,971.0399999999997,0.449665890241587
"2025-04-03",2025,2,4,April,Building Blocks,85,1375.6900000000003,787.09,588.5999999999999,0.4278580203388843
"2025-04-03",2025,2,4,April,Card Games,69,1725.1,902.4,822.7000000000002,0.4768998898614574
"2025-04-03",2025,2,4,April,Collectibles,5,96.95,47.599999999999994,49.35000000000001,0.5090252707581229
"2025-04-03",2025,2,4,April,Dolls,83,1606.0500000000002,852.2799999999999,753.77,0.46933158992559376
"2025-04-03",2025,2,4,April,Educational,136,2363.029999999999,1342.13,1020.9,0.43203006309695624
"2025-04-03",2025,2,4,April,Model Kits,55,1010.6100000000001,558.0,452.60999999999996,0.44785822424080496
"2025-04-03",2025,2,4,April,Outdoor Play,120,2076.68,1126.13,950.5500000000004,0.45772579309282146
"2025-04-03",2025,2,4,April,Plush,76,1311.6399999999999,707.0500000000002,604.5900000000001,0.46094202677563983
"2025-04-03",2025,2,4,April,Pretend Play,93,1923.6200000000008,1129.4900000000002,794.1299999999999,0.41283101652093424
"2025-04-03",2025,2,4,April,Puzzles,147,2429.2399999999993,1273.3799999999999,1155.86,0.47581136487131787
"2025-04-03",2025,2,4,April,STEM Kits,54,1302.17,730.8700000000001,571.3,0.4387291981845688
"2025-04-03",2025,2,4,April,Toy Vehicles,110,1900.1400000000006,1084.43,815.7099999999998,0.42928942077952126
"2025-04-04",2025,2,4,April,Action Figures,163,2995.2999999999984,1740.07,1255.23,0.41906653757553525
"2025-04-04",2025,2,4,April,Arts & Crafts,171,2237.7299999999996,1359.9700000000003,877.76,0.3922546509185649
"2025-04-04",2025,2,4,April,Baby & Toddler,120,1729.0599999999995,1004.9499999999996,724.1099999999999,0.41878824332296166
"2025-04-04",2025,2,4,April,Board Games,78,1410.6299999999999,815.0499999999998,595.5799999999999,0.4222085167620141
"2025-04-04",2025,2,4,April,Building Blocks,100,1578.9099999999996,893.6899999999996,685.2199999999999,0.43398293759618983
"2025-04-04",2025,2,4,April,Card Games,79,1693.73,843.3199999999998,850.4100000000001,0.5020930136444416
"2025-04-04",2025,2,4,April,Dolls,77,1431.8199999999995,812.2299999999999,619.5899999999999,0.4327289743124137
"2025-04-04",2025,2,4,April,Educational,97,1723.54,998.5099999999998,725.0299999999999,0.4206632860275943
"2025-04-04",2025,2,4,April,Model Kits,59,1106.88,625.0200000000001,481.8599999999999,0.435331743278404
"2025-04-04",2025,2,4,April,Outdoor Play,114,1830.14,1003.8499999999999,826.2900000000001,0.4514900499415345
"2025-04-04",2025,2,4,April,Plush,41,735.15,472.94000000000005,262.21000000000004,0.3566755083996464
"2025-04-04",2025,2,4,April,Pretend Play,84,1715.36,1058.0600000000002,657.2999999999997,0.3831848708142896
"2025-04-04",2025,2,4,April,Puzzles,159,2673.16,1387.95,1285.2099999999998,0.4807830432895898
"2025-04-04",2025,2,4,April,STEM Kits,109,2140.82,1222.2899999999995,918.5299999999997,0.42905522183088707
"2025-04-04",2025,2,4,April,Toy Vehicles,130,2265.189999999999,1340.6300000000006,924.5599999999997,0.408160021896618
"2025-04-05",2025,2,4,April,Action Figures,176,3923.8699999999994,2138.88,1784.9900000000002,0.45490548871394837
"2025-04-05",2025,2,4,April,Arts & Crafts,120,1667.0200000000002,1017.9400000000002,649.0800000000002,0.389365454523641
"2025-04-05",2025,2,4,April,Baby & Toddler,128,1911.7799999999993,1038.4199999999992,873.3599999999999,0.4568308068920065
"2025-04-05",2025,2,4,April,Board Games,140,1987.4799999999996,1123.8600000000001,863.6200000000001,0.43453015879405094
"2025-04-05",2025,2,4,April,Building Blocks,89,1388.3200000000002,790.0100000000003,598.31,0.43095972110176317
"2025-04-05",2025,2,4,April,Card Games,73,1826.98,961.1500000000001,865.8299999999999,0.47391323386134493
"2025-04-05",2025,2,4,April,Collectibles,5,96.95,47.599999999999994,49.35000000000001,0.5090252707581229
"2025-04-05",2025,2,4,April,Dolls,91,1522.1200000000001,880.8400000000003,641.2800000000001,0.4213071242740389
"2025-04-05",2025,2,4,April,Educational,125,2196.0599999999995,1237.98,958.0799999999999,0.43627223299909845
"2025-04-05",2025,2,4,April,Model Kits,51,863.1900000000002,487.68999999999994,375.49999999999994,0.43501430739466385
"2025-04-05",2025,2,4,April,Outdoor Play,100,1701.49,936.65,764.84,0.4495118983949362
"2025-04-05",2025,2,4,April,Plush,86,1564.91,921.0600000000001,643.85,0.4114294112760478
"2025-04-05",2025,2,4,April,Pretend Play,88,1760.7000000000003,1059.49,701.21,0.39825637530527624
"2025-04-05",2025,2,4,April,Puzzles,112,1989.9299999999994,1034.85,955.0799999999997,0.479956581387285
"2025-04-05",2025,2,4,April,STEM Kits,90,1676.1000000000006,980.41,695.69,0.41506473360777985
"2025-04-05",2025,2,4,April,Toy Vehicles,159,2544.700000000001,1450.4,1094.2999999999995,0.4300310449168857
"2025-04-06",2025,2,4,April,Action Figures,132,2681.8699999999985,1518.4199999999998,1163.45,0.4338204312662436
"2025-04-06",2025,2,4,April,Arts & Crafts,134,1687.3099999999995,994.9200000000002,692.39,0.41035138771180174
"2025-04-06",2025,2,4,April,Baby & Toddler,139,2198.1900000000005,1279.7099999999998,918.4799999999997,0.4178346730719362
"2025-04-06",2025,2,4,April,Board Games,75,1231.8799999999999,655.7299999999999,576.1499999999999,0.4676997759522031
"2025-04-06",2025,2,4,April,Building Blocks,85,1313.37,751.31,562.06,0.4279525190921066
"2025-04-06",2025,2,4,April,Card Games,77,1594.4799999999993,814.57,779.9100000000001,0.48913125282223696
"2025-04-06",2025,2,4,April,Collectibles,7,135.73000000000002,66.63999999999999,69.09,0.5090252707581226
"2025-04-06",2025,2,4,April,Dolls,111,1971.5900000000001,1098.2100000000003,873.38,0.4429825673694835
"2025-04-06",2025,2,4,April,Educational,104,1849.05,1031.1699999999996,817.88,0.44232443687298884
"2025-04-06",2025,2,4,April,Model Kits,49,943.39,542.4300000000001,400.9599999999999,0.4250204051346738
"2025-04-06",2025,2,4,April,Outdoor Play,129,2273.7400000000002,1270.1999999999998,1003.5400000000004,0.44136092956978384
"2025-04-06",2025,2,4,April,Plush,72,1219.1,741.1000000000001,478.0,0.3920925272742187
"2025-04-06",2025,2,4,April,Pretend Play,112,2365.3800000000015,1463.5900000000001,901.7899999999997,0.38124529673879004
"2025-04-06",2025,2,4,April,Puzzles,158,2625.3400000000006,1363.6499999999996,1261.6899999999998,0.4805815627690126
"2025-04-06",2025,2,4,April,STEM Kits,84,1952.2800000000002,1105.7999999999997,846.4799999999997,0.43358534636425083
"2025-04-06",2025,2,4,April,Toy Vehicles,147,2462.1400000000003,1443.0900000000001,1019.05,0.4138879186398823
"2025-04-07",2025,2,4,April,Action Figures,136,2443.3399999999992,1363.8000000000004,1079.54,0.44182962665859044
"2025-04-07",2025,2,4,April,Arts & Crafts,162,1877.7999999999995,1089.49,788.3099999999997,0.41980509106401104
"2025-04-07",2025,2,4,April,Baby & Toddler,154,2081.45,1181.7300000000002,899.7199999999999,0.4322563597492133
"2025-04-07",2025,2,4,April,Board Games,80,1482.8499999999995,828.1099999999999,654.74,0.44154162592305374
"2025-04-07",2025,2,4,April,Building Blocks,65,977.8399999999999,570.3599999999999,407.4800000000001,0.41671439090239726
"2025-04-07",2025,2,4,April,Card Games,61,1297.56,684.47,613.0899999999998,0.47249452819137444
"2025-04-07",2025,2,4,April,Collectibles,11,213.29000000000002,104.71999999999998,108.57000000000002,0.5090252707581228
"2025-04-07",2025,2,4,April,Dolls,101,1851.7799999999997,1027.0400000000002,824.74,0.44537688062296826
"2025-04-07",2025,2,4,April,Educational,101,1977.8099999999995,1096.13,881.6799999999998,0.4457859956214197
"2025-04-07",2025,2,4,April,Model Kits,47,868.2400000000001,482.92,385.32,0.4437943425780889
"2025-04-07",2025,2,4,April,Outdoor Play,131,2271.9399999999996,1297.9400000000005,974.0000000000005,0.42870850462600274
"2025-04-07",2025,2,4,April,Plush,90,1277.5300000000002,745.1699999999998,532.36,0.4167103707936408
"2025-04-07",2025,2,4,April,Pretend Play,59,1147.63,671.21,476.41999999999985,0.41513379747828116
"2025-04-07",2025,2,4,April,Puzzles,93,1807.3200000000004,968.25,839.0699999999999,0.4642620011951396
"2025-04-07",2025,2,4,April,STEM Kits,87,1922.7400000000002,1103.76,818.9799999999999,0.4259442254282949
"2025-04-07",2025,2,4,April,Toy Vehicles,129,2177.04,1244.2200000000003,932.8200000000003,0.4284808731121157
"2025-04-08",2025,2,4,April,Action Figures,130,2553.5099999999993,1439.08,1114.4299999999996,0.43643063861116654
"2025-04-08",2025,2,4,April,Arts & Crafts,180,1970.1499999999999,1204.4999999999998,765.65,0.3886252315813517
"2025-04-08",2025,2,4,April,Baby & Toddler,127,1757.3300000000002,1033.6599999999999,723.6699999999995,0.41180085698189833
"2025-04-08",2025,2,4,April,Board Games,104,1586.56,866.2700000000001,720.29,0.45399480637353773
"2025-04-08",2025,2,4,April,Building Blocks,83,1220.2499999999995,712.6899999999999,507.5600000000001,0.41594755173120285
"2025-04-08",2025,2,4,April,Card Games,60,1226.81,613.88,612.9300000000001,0.4996128169806246
"2025-04-08",2025,2,4,April,Collectibles,11,213.29000000000002,104.72,108.57000000000002,0.5090252707581228
"2025-04-08",2025,2,4,April,Dolls,113,1985.5299999999995,1073.25,912.2800000000001,0.45946422365816697
"2025-04-08",2025,2,4,April,Educational,77,1448.5999999999997,832.04,616.56,0.4256247411293663
"2025-04-08",2025,2,4,April,Model Kits,55,776.6800000000001,412.3700000000001,364.31,0.4690606169851161
"2025-04-08",2025,2,4,April,Outdoor Play,113,1866.7999999999997,1043.4200000000003,823.3800000000003,0.441064923934005
"2025-04-08",2025,2,4,April,Plush,77,1408.1500000000003,798.2699999999999,609.8800000000001,0.43310726840180375
"2025-04-08",2025,2,4,April,Pretend Play,129,2368.7800000000007,1379.2499999999998,989.5300000000001,0.4177382450037571
"2025-04-08",2025,2,4,April,Puzzles,87,1552.4099999999999,793.2799999999999,759.1299999999999,0.489000972681186
"2025-04-08",2025,2,4,April,STEM Kits,76,1666.3900000000003,923.11,743.2800000000001,0.4460420429791345
"2025-04-08",2025,2,4,April,Toy Vehicles,125,2213.67,1308.9699999999996,904.6999999999997,0.40868783513351115
"2025-04-09",2025,2,4,April,Action Figures,146,2933.649999999999,1661.0399999999995,1272.6100000000006,0.43379748777120686
"2025-04-09",2025,2,4,April,Arts & Crafts,162,1975.9899999999996,1150.2099999999998,825.7799999999994,0.417906973213427
"2025-04-09",2025,2,4,April,Baby & Toddler,126,2029.3099999999997,1156.0900000000001,873.2199999999999,0.4303038963982832
"2025-04-09",2025,2,4,April,Board Games,81,1204.0599999999997,699.5200000000001,504.54,0.4190322741391626
"2025-04-09",2025,2,4,April,Building Blocks,77,1106.62,635.9499999999999,470.6700000000001,0.42532215213894575
"2025-04-09",2025,2,4,April,Card Games,74,1919.32,1010.03,909.29,0.473756330367005
"2025-04-09",2025,2,4,April,Collectibles,6,116.34,57.12,59.220000000000006,0.5090252707581228
"2025-04-09",2025,2,4,April,Dolls,107,1985.4699999999996,1081.5400000000002,903.9300000000002,0.4552725551128954
"2025-04-09",2025,2,4,April,Educational,116,2237.26,1266.5200000000002,970.7399999999998,0.43389682021758746
"2025-04-09",2025,2,4,April,Model Kits,67,974.72,504.11,470.60999999999996,0.4828155778069599
"2025-04-09",2025,2,4,April,Outdoor Play,122,2229.4299999999994,1228.53,1000.9000000000003,0.44894883445544403
"2025-04-09",2025,2,4,April,Plush,82,1371.36,810.8599999999999,560.5000000000001,0.408718352584296
"2025-04-09",2025,2,4,April,Pretend Play,67,1107.8700000000001,678.7099999999999,429.15999999999997,0.387373969870111
"2025-04-09",2025,2,4,April,Puzzles,104,1692.15,869.9300000000002,822.2200000000001,0.48590255001034194
"2025-04-09",2025,2,4,April,STEM Kits,126,2741.1299999999997,1540.7,1200.4300000000003,0.4379325314742462
"2025-04-09",2025,2,4,April,Toy Vehicles,148,2431.0600000000004,1400.3999999999999,1030.6599999999994,0.42395498260018233
"2025-04-10",2025,2,4,April,Action Figures,143,2716.3899999999985,1553.0599999999995,1163.3299999999997,0.42826324644104874
"2025-04-10",2025,2,4,April,Arts & Crafts,139,1710.28,1078.8899999999999,631.39,0.36917346867179646
"2025-04-10",2025,2,4,April,Baby & Toddler,120,1587.5099999999995,907.6299999999998,679.88,0.42826816838949056
"2025-04-10",2025,2,4,April,Board Games,73,1022.6199999999999,549.5000000000002,473.12,0.4626547495648433
"2025-04-10",2025,2,4,April,Building Blocks,101,1558.5099999999998,892.3599999999998,666.15,0.42742747880988896
"2025-04-10",2025,2,4,April,Card Games,58,1359.6399999999999,712.3,647.3400000000001,0.47611132358565517
"2025-04-10",2025,2,4,April,Collectibles,15,290.85,142.79999999999998,148.05000000000004,0.5090252707581229
"2025-04-10",2025,2,4,April,Dolls,77,1402.61,753.5400000000001,649.07,0.46275871411154923
"2025-04-10",2025,2,4,April,Educational,105,1887.8799999999997,1095.0500000000002,792.8299999999998,0.41995783630315486
"2025-04-10",2025,2,4,April,Model Kits,44,621.2500000000001,343.0100000000001,278.24,0.44787122736418505
"2025-04-10",2025,2,4,April,Outdoor Play,129,2366.2599999999993,1277.4699999999998,1088.7900000000004,0.46013117746993176
"2025-04-10",2025,2,4,April,Plush,69,1024.2600000000002,618.07,406.19,0.3965692304688262
"2025-04-10",2025,2,4,April,Pretend Play,80,1744.8500000000001,1064.3000000000002,680.5499999999997,0.39003352723729817
"2025-04-10",2025,2,4,April,Puzzles,102,1835.9299999999994,1020.2700000000001,815.6599999999997,0.4442761978942552
"2025-04-10",2025,2,4,April,STEM Kits,87,1785.5600000000002,1006.7099999999997,778.8499999999999,0.43619368713456835
"2025-04-10",2025,2,4,April,Toy Vehicles,169,2827.7600000000007,1649.5600000000002,1178.1999999999998,0.4166548787733045
"2025-04-11",2025,2,4,April,Action Figures,104,1809.4499999999998,1044.1100000000001,765.3399999999999,0.42296830528613666
"2025-04-11",2025,2,4,April,Arts & Crafts,135,1790.4500000000005,1095.9499999999996,694.5,0.38789131223993956
"2025-04-11",2025,2,4,April,Baby & Toddler,128,1968.37,1110.3999999999999,857.9699999999996,0.43587841716750386
"2025-04-11",2025,2,4,April,Board Games,139,2533.1099999999997,1385.6699999999998,1147.44,0.45297677558416344
"2025-04-11",2025,2,4,April,Building Blocks,112,1850.72,1057.7399999999996,792.9799999999997,0.42847108152502794
"2025-04-11",2025,2,4,April,Card Games,49,1208.7900000000004,613.5499999999998,595.24,0.49242631060812864
"2025-04-11",2025,2,4,April,Collectibles,7,135.73000000000002,66.64,69.09,0.5090252707581226
"2025-04-11",2025,2,4,April,Dolls,70,1172.55,661.27,511.28,0.43604110698904097
"2025-04-11",2025,2,4,April,Educational,103,1961.4800000000002,1090.5899999999997,870.8899999999999,0.4439963700878927
"2025-04-11",2025,2,4,April,Model Kits,39,659.2800000000001,372.3800000000001,286.9,0.4351717024632932
"2025-04-11",2025,2,4,April,Outdoor Play,113,1992.6399999999999,1119.5,873.1400000000003,0.4381825116428459
"2025-04-11",2025,2,4,April,Plush,81,1369.7,806.6899999999999,563.01,0.41104621449952544
"2025-04-11",2025,2,4,April,Pretend Play,98,1674.63,1028.8899999999996,645.7399999999998,0.3856015955763361
"2025-04-11",2025,2,4,April,Puzzles,116,2144.4999999999995,1106.5499999999997,1037.95,0.4840055957099558
"2025-04-11",2025,2,4,April,STEM Kits,59,1229.77,691.6999999999998,538.0699999999999,0.4375371004334143
"2025-04-11",2025,2,4,April,Toy Vehicles,162,2638.04,1569.2300000000002,1068.8099999999997,0.4051530681869872
"2025-04-12",2025,2,4,April,Action Figures,136,3043.0499999999997,1707.82,1335.2299999999996,0.43878017120980584
"2025-04-12",2025,2,4,April,Arts & Crafts,139,1763.04,1083.9799999999998,679.06,0.3851642617297395
"2025-04-12",2025,2,4,April,Baby & Toddler,137,1911.09,1111.0499999999995,800.0399999999996,0.4186302057987848
"2025-04-12",2025,2,4,April,Board Games,86,1492.4099999999999,826.5099999999999,665.9000000000002,0.4461910600974265
"2025-04-12",2025,2,4,April,Building Blocks,80,1318.1299999999997,727.0000000000002,591.1300000000001,0.448461077435458
"2025-04-12",2025,2,4,April,Card Games,116,2640.4100000000003,1314.490000000001,1325.9199999999998,0.5021644365837122
"2025-04-12",2025,2,4,April,Collectibles,12,232.68000000000004,114.24000000000001,118.44,0.5090252707581226
"2025-04-12",2025,2,4,April,Dolls,123,2294.1000000000004,1259.48,1034.62,0.45099167429493037
"2025-04-12",2025,2,4,April,Educational,79,1422.29,844.9499999999999,577.3399999999999,0.40592284273952567
"2025-04-12",2025,2,4,April,Model Kits,44,752.3500000000001,425.69000000000005,326.65999999999997,0.43418621652156564
"2025-04-12",2025,2,4,April,Outdoor Play,148,2643.9099999999994,1429.6399999999996,1214.2700000000007,0.4592705500565454
"2025-04-12",2025,2,4,April,Plush,59,864.9300000000003,497.15000000000003,367.7800000000001,0.4252136011006671
"2025-04-12",2025,2,4,April,Pretend Play,71,1621.64,992.22,629.4199999999998,0.38813793443674294
"2025-04-12",2025,2,4,April,Puzzles,132,2405.9899999999993,1289.34,1116.6499999999999,0.4641124859205567
"2025-04-12",2025,2,4,April,STEM Kits,74,1634.5400000000002,911.88,722.6599999999999,0.4421182718073585
"2025-04-12",2025,2,4,April,Toy Vehicles,126,2168.2100000000005,1290.5600000000004,877.6499999999995,0.4047809022188807
"2025-04-13",2025,2,4,April,Action Figures,100,1829.85,1092.8700000000003,736.98,0.4027543241249283
"2025-04-13",2025,2,4,April,Arts & Crafts,149,1910.6599999999992,1143.53,767.13,0.40150000523379376
"2025-04-13",2025,2,4,April,Baby & Toddler,124,1575.89,902.2899999999995,673.6000000000001,0.42744100159275084
"2025-04-13",2025,2,4,April,Board Games,86,1214.4199999999996,686.1,528.3199999999999,0.43503894863391585
"2025-04-13",2025,2,4,April,Building Blocks,53,722.46,435.02000000000004,287.44,0.3978628574592365
"2025-04-13",2025,2,4,April,Card Games,66,1675.73,882.0099999999999,793.72,0.4736562572729497
"2025-04-13",2025,2,4,April,Collectibles,3,58.17,28.56,29.610000000000003,0.5090252707581228
"2025-04-13",2025,2,4,April,Dolls,61,976.7099999999998,523.8900000000001,452.81999999999994,0.4636176551893602
"2025-04-13",2025,2,4,April,Educational,87,1528.3299999999997,914.38,613.9499999999999,0.40171298083529083
"2025-04-13",2025,2,4,April,Model Kits,76,1120.32,600.15,520.1699999999997,0.4643048414738644
"2025-04-13",2025,2,4,April,Outdoor Play,85,1636.22,887.1399999999999,749.0800000000002,0.4578112967693832
"2025-04-13",2025,2,4,April,Plush,60,1052.26,628.44,423.82000000000005,0.4027711782259138
"2025-04-13",2025,2,4,April,Pretend Play,51,816.6599999999999,472.15,344.51,0.4218524232850881
"2025-04-13",2025,2,4,April,Puzzles,118,2087.7,1138.9000000000003,948.7999999999996,0.4544714278871484
"2025-04-13",2025,2,4,April,STEM Kits,120,2384.38,1363.2099999999998,1021.1699999999998,0.4282748555179962
"2025-04-13",2025,2,4,April,Toy Vehicles,132,2231.3000000000006,1338.3700000000006,892.9299999999996,0.400183749383767
"2025-04-14",2025,2,4,April,Action Figures,164,3132.879999999999,1757.5199999999998,1375.3600000000001,0.4390081969306199
"2025-04-14",2025,2,4,April,Arts & Crafts,188,2628.0699999999997,1584.8299999999995,1043.2399999999998,0.39696050714022074
"2025-04-14",2025,2,4,April,Baby & Toddler,126,2075.37,1170.84,904.5299999999999,0.43584035617745265
"2025-04-14",2025,2,4,April,Board Games,87,1318.1199999999997,759.1100000000002,559.0099999999998,0.4240964403847904
"2025-04-14",2025,2,4,April,Building Blocks,136,1898.27,1137.1600000000003,761.1099999999998,0.40094928540197117
"2025-04-14",2025,2,4,April,Card Games,70,1470.2400000000002,769.2500000000001,700.9900000000002,0.47678610294917845
"2025-04-14",2025,2,4,April,Collectibles,6,116.34,57.12,59.220000000000006,0.5090252707581228
"2025-04-14",2025,2,4,April,Dolls,105,1830.0699999999997,1028.1700000000005,801.9,0.4381799603293864
"2025-04-14",2025,2,4,April,Educational,98,1676.1399999999999,964.5099999999996,711.63,0.42456477382557545
"2025-04-14",2025,2,4,April,Model Kits,44,682.8299999999999,374.31000000000006,308.52,0.45182549097139846
"2025-04-14",2025,2,4,April,Outdoor Play,126,2141.6499999999996,1165.63,976.0199999999998,0.45573272943758314
"2025-04-14",2025,2,4,April,Plush,51,802.6100000000002,490.51000000000005,312.1,0.3888563561380994
"2025-04-14",2025,2,4,April,Pretend Play,60,1302.5900000000006,792.7900000000001,509.79999999999984,0.39137410850689747
"2025-04-14",2025,2,4,April,Puzzles,125,2046.92,1061.68,985.2399999999999,0.48132804408574825
"2025-04-14",2025,2,4,April,STEM Kits,63,1334.15,757.2999999999996,576.8500000000001,0.4323726717385602
"2025-04-14",2025,2,4,April,Toy Vehicles,133,2500.5900000000006,1432.3000000000004,1068.2899999999997,0.4272151772181763
"2025-04-15",2025,2,4,April,Action Figures,137,2646.329999999999,1479.7999999999997,1166.53,0.44081048093019404
"2025-04-15",2025,2,4,April,Arts & Crafts,190,2467.8500000000013,1504.87,962.9799999999999,0.3902101019105697
"2025-04-15",2025,2,4,April,Baby & Toddler,121,1848.3300000000002,1027.2999999999997,821.0299999999997,0.4442009814264767
"2025-04-15",2025,2,4,April,Board Games,99,1718.2299999999996,991.8299999999999,726.3999999999999,0.42276063158017263
"2025-04-15",2025,2,4,April,Building Blocks,69,1075.54,603.1400000000001,472.40000000000003,0.439221228406196
"2025-04-15",2025,2,4,April,Card Games,65,1653.29,847.9400000000002,805.35,0.48711962208686926
"2025-04-15",2025,2,4,April,Collectibles,8,155.12,76.16,78.96000000000001,0.5090252707581228
"2025-04-15",2025,2,4,April,Dolls,82,1444.32,833.0500000000001,611.27,0.4232233853993575
"2025-04-15",2025,2,4,April,Educational,107,1912.9,1113.3499999999997,799.55,0.41797793925453497
"2025-04-15",2025,2,4,April,Model Kits,68,1086.3999999999999,618.8100000000001,467.58999999999986,0.4304031664212076
"2025-04-15",2025,2,4,April,Outdoor Play,122,1916.2699999999995,1046.56,869.7100000000002,0.4538556675207567
"2025-04-15",2025,2,4,April,Plush,76,1373.5900000000004,809.9100000000001,563.6800000000001,0.41036990659512657
"2025-04-15",2025,2,4,April,Pretend Play,88,1945.3900000000003,1165.1000000000001,780.29,0.4010969522820616
"2025-04-15",2025,2,4,April,Puzzles,113,1940.2700000000002,1011.5999999999998,928.6699999999997,0.4786292629376322
"2025-04-15",2025,2,4,April,STEM Kits,74,1585.32,920.5399999999998,664.7799999999999,0.41933489768627147
"2025-04-15",2025,2,4,April,Toy Vehicles,118,1995.7700000000002,1151.43,844.3399999999998,0.42306478201395936
"2025-04-16",2025,2,4,April,Action Figures,154,3159.3199999999993,1744.31,1415.01,0.4478843548611728
"2025-04-16",2025,2,4,April,Arts & Crafts,141,1870.0099999999998,1119.44,750.5700000000002,0.40137218517548046
"2025-04-16",2025,2,4,April,Baby & Toddler,137,2375.129999999999,1322.3700000000001,1052.7599999999995,0.4432431066931073
"2025-04-16",2025,2,4,April,Board Games,84,1441.6699999999998,758.11,683.5600000000002,0.47414456845186503
"2025-04-16",2025,2,4,April,Building Blocks,92,1535.2999999999997,858.75,676.55,0.44066306259363
"2025-04-16",2025,2,4,April,Card Games,75,1734.6500000000005,872.2699999999999,862.3799999999999,0.4971492808347503
"2025-04-16",2025,2,4,April,Collectibles,11,213.29000000000002,104.72,108.57000000000001,0.5090252707581228
"2025-04-16",2025,2,4,April,Dolls,132,2443.4299999999994,1365.2899999999997,1078.14,0.4412403874880804
"2025-04-16",2025,2,4,April,Educational,101,1656.4799999999998,957.08,699.4000000000001,0.4222206123828843
"2025-04-16",2025,2,4,April,Model Kits,74,1227.33,676.4300000000002,550.8999999999999,0.44886053465653075
"2025-04-16",2025,2,4,April,Outdoor Play,111,2115.99,1191.4599999999996,924.5300000000001,0.43692550531902336
"2025-04-16",2025,2,4,April,Plush,93,1349.17,787.2800000000001,561.89,0.4164708672739536
"2025-04-16",2025,2,4,April,Pretend Play,87,1592.1700000000003,918.4599999999999,673.7099999999997,0.42313948887367525
"2025-04-16",2025,2,4,April,Puzzles,112,2259.84,1171.97,1087.8700000000001,0.48139248796374967
"2025-04-16",2025,2,4,April,STEM Kits,102,2144.5400000000004,1231.9599999999996,912.5800000000002,0.42553647868540573
"2025-04-16",2025,2,4,April,Toy Vehicles,144,2419.8200000000006,1415.8100000000002,1004.0100000000002,0.4149110264399831
"2025-04-17",2025,2,4,April,Action Figures,159,3198.3899999999994,1750.57,1447.8200000000002,0.45267150034861303
"2025-04-17",2025,2,4,April,Arts & Crafts,131,1490.8,854.9699999999998,635.8299999999999,0.4265025489669976
"2025-04-17",2025,2,4,April,Baby & Toddler,120,1636.76,942.3299999999997,694.4299999999997,0.4242711209951366
"2025-04-17",2025,2,4,April,Board Games,96,1885.31,1015.12,870.1899999999998,0.46156335032434975
"2025-04-17",2025,2,4,April,Building Blocks,98,1541.66,895.57,646.0899999999999,0.4190872176744547
"2025-04-17",2025,2,4,April,Card Games,87,1992.45,1029.94,962.5099999999999,0.48307862179728467
"2025-04-17",2025,2,4,April,Collectibles,8,155.12,76.16,78.96000000000001,0.5090252707581228
"2025-04-17",2025,2,4,April,Dolls,75,1407.53,740.17,667.3599999999999,0.47413554240406947
"2025-04-17",2025,2,4,April,Educational,121,1896.4799999999996,1059.2600000000002,837.2200000000003,0.441459967940606
"2025-04-17",2025,2,4,April,Model Kits,61,1069.05,614.6900000000002,454.35999999999984,0.4250128618867217
"2025-04-17",2025,2,4,April,Outdoor Play,123,2055.47,1130.1599999999999,925.3100000000001,0.45016954759738653
"2025-04-17",2025,2,4,April,Plush,68,1076.09,632.8000000000002,443.29,0.41194509752901715
"2025-04-17",2025,2,4,April,Pretend Play,80,1409.03,858.4899999999999,550.5400000000001,0.39072269575523594
"2025-04-17",2025,2,4,April,Puzzles,92,1591.5400000000002,851.0700000000004,740.47,0.46525377935835727
"2025-04-17",2025,2,4,April,STEM Kits,86,1811.3500000000004,1021.2899999999998,790.06,0.43617191597427324
"2025-04-17",2025,2,4,April,Toy Vehicles,130,2041.67,1221.99,819.6799999999998,0.4014752628975299
"2025-04-18",2025,2,4,April,Action Figures,124,2445.62,1376.36,1069.2599999999995,0.43721428513015087
"2025-04-18",2025,2,4,April,Arts & Crafts,181,2240.2600000000007,1302.9599999999994,937.3000000000002,0.4183889369983841
"2025-04-18",2025,2,4,April,Baby & Toddler,132,2097.5099999999998,1182.6099999999994,914.8999999999999,0.43618385609603766
"2025-04-18",2025,2,4,April,Board Games,110,1879.9099999999994,1031.8700000000006,848.04,0.45110670191658125
"2025-04-18",2025,2,4,April,Building Blocks,120,2061.0799999999995,1174.1599999999996,886.9199999999998,0.4303180856638268
"2025-04-18",2025,2,4,April,Card Games,53,991.8899999999998,521.87,470.02000000000015,0.47386302916654094
"2025-04-18",2025,2,4,April,Collectibles,3,58.17,28.56,29.610000000000003,0.5090252707581228
"2025-04-18",2025,2,4,April,Dolls,63,1049.4599999999998,592.5899999999999,456.87000000000006,0.4353381739180151
"2025-04-18",2025,2,4,April,Educational,93,1592.8499999999997,886.0400000000002,706.8100000000001,0.4437392095928683
"2025-04-18",2025,2,4,April,Model Kits,55,845.23,456.49,388.73999999999984,0.4599221513670833
"2025-04-18",2025,2,4,April,Outdoor Play,117,2033.7899999999997,1169.11,864.6800000000003,0.4251569729421427
"2025-04-18",2025,2,4,April,Plush,72,1115.29,705.0399999999998,410.25,0.36784154793820445
"2025-04-18",2025,2,4,April,Pretend Play,106,1881.5500000000009,1066.6399999999999,814.9099999999999,0.4331056841433921
"2025-04-18",2025,2,4,April,Puzzles,90,1596.4799999999996,832.7600000000002,763.7199999999999,0.47837743034676294
"2025-04-18",2025,2,4,April,STEM Kits,85,1641.0500000000002,937.5999999999999,703.4499999999999,0.42865848085067476
"2025-04-18",2025,2,4,April,Toy Vehicles,80,1405.0400000000002,862.2200000000001,542.8199999999997,0.3863377555087397
"2025-04-19",2025,2,4,April,Action Figures,151,2943.6299999999987,1657.9899999999996,1285.6399999999999,0.43675326043014934
"2025-04-19",2025,2,4,April,Arts & Crafts,127,1734.2000000000003,1058.8700000000001,675.3299999999997,0.3894187521623801
"2025-04-19",2025,2,4,April,Baby & Toddler,117,1619.2199999999996,927.8999999999999,691.3199999999997,0.42694630748137985
"2025-04-19",2025,2,4,April,Board Games,85,1232.49,718.74,513.75,0.41683908185867635
"2025-04-19",2025,2,4,April,Building Blocks,77,1091.11,616.9699999999998,474.13999999999993,0.4345483040206762
"2025-04-19",2025,2,4,April,Card Games,78,1963.43,1002.3299999999999,961.1000000000004,0.4895005169524762
"2025-04-19",2025,2,4,April,Collectibles,12,232.68,114.23999999999998,118.44000000000001,0.5090252707581228
"2025-04-19",2025,2,4,April,Dolls,98,1775.8399999999997,971.4600000000003,804.3800000000001,0.4529574736462746
"2025-04-19",2025,2,4,April,Educational,118,2312.3399999999992,1291.4399999999998,1020.9,0.4415008173538495
"2025-04-19",2025,2,4,April,Model Kits,60,880.51,481.25000000000006,399.25999999999993,0.4534417553463333
"2025-04-19",2025,2,4,April,Outdoor Play,131,2539.4100000000003,1416.0799999999997,1123.3300000000004,0.4423586581134989
"2025-04-19",2025,2,4,April,Plush,89,1477.24,870.0699999999999,607.1700000000001,0.4110164902114755
"2025-04-19",2025,2,4,April,Pretend Play,45,803.16,497.04999999999995,306.10999999999996,0.38113202848747446
"2025-04-19",2025,2,4,April,Puzzles,126,1799.9399999999996,934.85,865.0899999999999,0.48062157627476476
"2025-04-19",2025,2,4,April,STEM Kits,70,1537.63,862.0999999999998,675.5300000000001,0.43933195892379834
"2025-04-19",2025,2,4,April,Toy Vehicles,114,1872.4000000000005,1114.4199999999996,757.9799999999998,0.40481734672078595
"2025-04-20",2025,2,4,April,Action Figures,170,2696.119999999999,1583.1900000000005,1112.93,0.412789490082044
"2025-04-20",2025,2,4,April,Arts & Crafts,197,2293.0199999999995,1357.8700000000003,935.1500000000002,0.4078246155724766
"2025-04-20",2025,2,4,April,Baby & Toddler,151,2249.2,1284.6199999999994,964.5799999999997,0.428854703894718
"2025-04-20",2025,2,4,April,Board Games,86,1712.4399999999996,948.8599999999999,763.58,0.44590175422204587
"2025-04-20",2025,2,4,April,Building Blocks,97,1298.96,784.63,514.3299999999999,0.3959552257190367
"2025-04-20",2025,2,4,April,Card Games,104,2280.070000000001,1158.1100000000001,1121.96,0.49207261180577766
"2025-04-20",2025,2,4,April,Collectibles,2,38.78,19.04,19.740000000000002,0.5090252707581228
"2025-04-20",2025,2,4,April,Dolls,96,1727.49,923.7000000000003,803.7900000000001,0.46529357622909545
"2025-04-20",2025,2,4,April,Educational,112,2058.4499999999994,1200.94,857.51,0.41658043673637946
"2025-04-20",2025,2,4,April,Model Kits,65,996.4500000000003,529.2000000000002,467.24999999999983,0.4689146469968385
"2025-04-20",2025,2,4,April,Outdoor Play,106,1952.4,1070.6200000000001,881.78,0.451639008399918
"2025-04-20",2025,2,4,April,Plush,95,1551.1399999999996,927.99,623.15,0.4017367871372024
"2025-04-20",2025,2,4,April,Pretend Play,58,1153.54,687.7299999999999,465.80999999999995,0.40380914402621493
"2025-04-20",2025,2,4,April,Puzzles,111,2060.9999999999995,1055.5799999999997,1005.4200000000001,0.48783114992721993
"2025-04-20",2025,2,4,April,STEM Kits,101,2153.57,1232.2699999999998,921.3,0.4278012788068184
"2025-04-20",2025,2,4,April,Toy Vehicles,90,1604.28,947.2399999999999,657.04,0.40955444186800305
"2025-04-21",2025,2,4,April,Action Figures,129,2313.0299999999984,1353.43,959.5999999999997,0.41486707911267917
"2025-04-21",2025,2,4,April,Arts & Crafts,147,1814.749999999999,1084.7800000000002,729.9699999999997,0.40224273315883735
"2025-04-21",2025,2,4,April,Baby & Toddler,196,3117.5899999999983,1769.9099999999999,1347.6799999999994,0.4322826285688625
"2025-04-21",2025,2,4,April,Board Games,113,1932.3999999999994,1073.3700000000003,859.0299999999997,0.4445404678120472
"2025-04-21",2025,2,4,April,Building Blocks,78,1133.53,654.0799999999999,479.44999999999993,0.42297071978686046
"2025-04-21",2025,2,4,April,Card Games,68,1544.0700000000002,784.5099999999999,759.5599999999998,0.49192070307693286
"2025-04-21",2025,2,4,April,Collectibles,6,116.34,57.12,59.220000000000006,0.5090252707581228
"2025-04-21",2025,2,4,April,Dolls,80,1456.35,788.5599999999998,667.79,0.45853675284100665
"2025-04-21",2025,2,4,April,Educational,103,1848.1899999999998,1065.8599999999997,782.3300000000002,0.42329522397589003
"2025-04-21",2025,2,4,April,Model Kits,70,1104.4699999999998,585.33,519.1399999999999,0.4700354015953353
"2025-04-21",2025,2,4,April,Outdoor Play,124,2116.3099999999995,1155.3100000000004,961.0000000000006,0.4540922643658069
"2025-04-21",2025,2,4,April,Plush,64,1006.95,607.4499999999999,399.5,0.39674263866130394
"2025-04-21",2025,2,4,April,Pretend Play,73,1500.6500000000003,889.1899999999999,611.4599999999998,0.40746343251257766
"2025-04-21",2025,2,4,April,Puzzles,124,1905.9999999999995,1017.81,888.1899999999997,0.46599685204617
"2025-04-21",2025,2,4,April,STEM Kits,81,1724.9000000000005,960.3699999999998,764.53,0.443231491680677
"2025-04-21",2025,2,4,April,Toy Vehicles,97,1463.9200000000003,857.8200000000002,606.0999999999999,0.41402535657686196
"2025-04-22",2025,2,4,April,Action Figures,135,2706.8399999999997,1564.28,1142.5600000000002,0.4221010477161562
"2025-04-22",2025,2,4,April,Arts & Crafts,125,1515.0199999999995,882.17,632.8499999999996,0.4177172578579819
"2025-04-22",2025,2,4,April,Baby & Toddler,165,2286.8599999999997,1290.4699999999996,996.3899999999998,0.4357022292575846
"2025-04-22",2025,2,4,April,Board Games,99,1791.7800000000002,954.7199999999998,837.0600000000001,0.46716672805813214
"2025-04-22",2025,2,4,April,Building Blocks,83,1493.1599999999999,817.6300000000001,675.5300000000001,0.45241635189798823
"2025-04-22",2025,2,4,April,Card Games,84,1921.4499999999998,960.18,961.2700000000002,0.5002836399594058
"2025-04-22",2025,2,4,April,Collectibles,2,38.78,19.04,19.740000000000002,0.5090252707581228
"2025-04-22",2025,2,4,April,Dolls,76,1310.3099999999997,735.3199999999998,574.9899999999999,0.4388198212636704
"2025-04-22",2025,2,4,April,Educational,120,2215.7999999999997,1213.7899999999997,1002.0099999999999,0.4522113909197581
"2025-04-22",2025,2,4,April,Model Kits,69,1246.8300000000002,666.9900000000002,579.84,0.4650513702750174
"2025-04-22",2025,2,4,April,Outdoor Play,140,2477.7,1348.4899999999996,1129.2100000000003,0.45574928360979955
"2025-04-22",2025,2,4,April,Plush,122,2130.6500000000005,1275.3600000000004,855.2900000000001,0.40142210123671174
"2025-04-22",2025,2,4,April,Pretend Play,60,1691.7200000000003,1012.6500000000001,679.07,0.4014080344265008
"2025-04-22",2025,2,4,April,Puzzles,119,2275.7000000000003,1167.2,1108.5000000000002,0.4871028694467637
"2025-04-22",2025,2,4,April,STEM Kits,96,1988.2800000000002,1141.52,846.7599999999999,0.425875631198825
"2025-04-22",2025,2,4,April,Toy Vehicles,114,1893.6300000000006,1087.0199999999998,806.6099999999999,0.4259596647708368
"2025-04-23",2025,2,4,April,Action Figures,137,2765.5899999999997,1572.7899999999993,1192.8000000000004,0.43130037351885153
"2025-04-23",2025,2,4,April,Arts & Crafts,115,1327.3399999999997,811.5000000000001,515.84,0.38862687781578203
"2025-04-23",2025,2,4,April,Baby & Toddler,133,2150.7999999999997,1190.3599999999997,960.4399999999998,0.446550120885252
"2025-04-23",2025,2,4,April,Board Games,100,1608.37,885.49,722.8799999999999,0.44944882085589755
"2025-04-23",2025,2,4,April,Building Blocks,103,1625.8999999999996,914.6000000000001,711.2999999999997,0.43748077987576106
"2025-04-23",2025,2,4,April,Card Games,72,1575.3500000000004,804.1700000000001,771.1800000000001,0.48952931094677365
"2025-04-23",2025,2,4,April,Collectibles,3,58.17,28.56,29.610000000000003,0.5090252707581228
"2025-04-23",2025,2,4,April,Dolls,79,1416.04,756.2200000000001,659.8199999999999,0.4659614135193921
"2025-04-23",2025,2,4,April,Educational,96,1875.4899999999998,1062.66,812.8299999999997,0.43339607249305506
"2025-04-23",2025,2,4,April,Model Kits,30,551.5500000000001,320.88000000000005,230.66999999999996,0.41822137612183835
"2025-04-23",2025,2,4,April,Outdoor Play,95,1622.7200000000003,881.91,740.81,0.4565236146716623
"2025-04-23",2025,2,4,April,Plush,62,1001.7099999999999,555.79,445.91999999999996,0.44515877848878416
"2025-04-23",2025,2,4,April,Pretend Play,88,1719.4000000000005,1007.6299999999999,711.7699999999999,0.4139641735489122
"2025-04-23",2025,2,4,April,Puzzles,124,2164.6500000000005,1124.74,1039.91,0.4804056082969532
"2025-04-23",2025,2,4,April,STEM Kits,83,1747.83,1002.9999999999997,744.8299999999998,0.42614556335570386
"2025-04-23",2025,2,4,April,Toy Vehicles,126,2193.0500000000006,1326.1600000000003,866.8899999999999,0.3952896650783154
"2025-04-24",2025,2,4,April,Action Figures,145,3350.4800000000005,1872.1199999999997,1478.3600000000001,0.4412382703373845
"2025-04-24",2025,2,4,April,Arts & Crafts,148,2016.1899999999991,1210.2699999999998,805.9200000000002,0.39972423233921434
"2025-04-24",2025,2,4,April,Baby & Toddler,125,1861.54,1064.42,797.1199999999997,0.42820460478958267
"2025-04-24",2025,2,4,April,Board Games,89,1587.7799999999997,895.3400000000003,692.4399999999998,0.43610575772462173
"2025-04-24",2025,2,4,April,Building Blocks,83,1648.4300000000003,892.1700000000001,756.26,0.4587759261843086
"2025-04-24",2025,2,4,April,Card Games,63,1548.7099999999998,781.3599999999999,767.35,0.4954768807588252
"2025-04-24",2025,2,4,April,Collectibles,6,116.34,57.12,59.220000000000006,0.5090252707581228
"2025-04-24",2025,2,4,April,Dolls,90,1620.6399999999999,900.51,720.1300000000001,0.4443491460163887
"2025-04-24",2025,2,4,April,Educational,136,2449.0099999999993,1327.96,1121.0499999999997,0.4577563995247059
"2025-04-24",2025,2,4,April,Model Kits,61,1132.9799999999998,649.32,483.65999999999997,0.42689191336122445
"2025-04-24",2025,2,4,April,Outdoor Play,89,1609.6399999999994,897.9399999999999,711.7000000000003,0.4421485549563881
"2025-04-24",2025,2,4,April,Plush,78,1158.18,720.1,438.0799999999999,0.3782486314735187
"2025-04-24",2025,2,4,April,Pretend Play,116,2291.0700000000006,1367.1499999999999,923.9199999999997,0.4032700877755806
"2025-04-24",2025,2,4,April,Puzzles,122,1850.4399999999998,959.9600000000002,890.4799999999999,0.48122608676855233
"2025-04-24",2025,2,4,April,STEM Kits,75,1409.1100000000004,801.4899999999998,607.62,0.4312083513707233
"2025-04-24",2025,2,4,April,Toy Vehicles,133,2427.1600000000008,1417.0400000000002,1010.12,0.41617363503024096
"2025-04-25",2025,2,4,April,Action Figures,115,2254.72,1274.5099999999998,980.2099999999999,0.43473690746522853
"2025-04-25",2025,2,4,April,Arts & Crafts,174,2088.8500000000004,1254.1699999999998,834.68,0.39958829020753034
"2025-04-25",2025,2,4,April,Baby & Toddler,119,1732.97,986.3499999999999,746.6199999999999,0.43083261683699076
"2025-04-25",2025,2,4,April,Board Games,97,1497.7999999999995,837.8400000000001,659.96,0.4406195753772201
"2025-04-25",2025,2,4,April,Building Blocks,77,1272.1799999999998,686.2299999999999,585.95,0.4605873382697418
"2025-04-25",2025,2,4,April,Card Games,56,1279.08,668.72,610.36,0.4771867279607218
"2025-04-25",2025,2,4,April,Collectibles,5,96.95,47.599999999999994,49.35000000000001,0.5090252707581229
"2025-04-25",2025,2,4,April,Dolls,74,1407.1299999999997,762.3100000000001,644.82,0.4582519028092644
"2025-04-25",2025,2,4,April,Educational,70,1246.9099999999996,677.6599999999999,569.25,0.45652853854728903
"2025-04-25",2025,2,4,April,Model Kits,71,1042.53,567.9900000000002,474.5399999999999,0.4551811458663059
"2025-04-25",2025,2,4,April,Outdoor Play,115,1907.7799999999997,1047.28,860.5000000000001,0.45104781473754846
"2025-04-25",2025,2,4,April,Plush,92,1569.1399999999999,897.91,671.23,0.4277693513644417
"2025-04-25",2025,2,4,April,Pretend Play,74,1618.8100000000004,1019.2000000000002,599.6099999999999,0.37040171483991313
"2025-04-25",2025,2,4,April,Puzzles,177,3270.879999999999,1715.6699999999998,1555.2100000000003,0.47547143276427156
"2025-04-25",2025,2,4,April,STEM Kits,87,1928.8000000000004,1117.2799999999997,811.5199999999999,0.42073828287017817
"2025-04-25",2025,2,4,April,Toy Vehicles,89,1491.47,835.5499999999998,655.9199999999997,0.43978088731251697
"2025-04-26",2025,2,4,April,Action Figures,130,3167.1499999999987,1772.6,1394.5499999999997,0.4403170042467203
"2025-04-26",2025,2,4,April,Arts & Crafts,143,1825.29,1100.78,724.5099999999998,0.3969287072191267
"2025-04-26",2025,2,4,April,Baby & Toddler,89,1288.3,725.4999999999999,562.8000000000001,0.43685476985174265
"2025-04-26",2025,2,4,April,Board Games,83,1389.2700000000004,763.22,626.05,0.4506323464841246
"2025-04-26",2025,2,4,April,Building Blocks,81,1483.17,786.4700000000004,696.7,0.4697371171207616
"2025-04-26",2025,2,4,April,Card Games,84,2038.3400000000001,1069.8799999999999,968.46,0.47512191292914824
"2025-04-26",2025,2,4,April,Collectibles,2,38.78,19.04,19.740000000000002,0.5090252707581228
"2025-04-26",2025,2,4,April,Dolls,82,1529.9799999999993,853.0200000000001,676.9600000000002,0.44246330017385876
"2025-04-26",2025,2,4,April,Educational,131,2338.3,1380.1799999999998,958.1199999999997,0.40975067356626593
"2025-04-26",2025,2,4,April,Model Kits,44,650.0400000000001,353.61000000000007,296.43,0.456018091194388
"2025-04-26",2025,2,4,April,Outdoor Play,97,1741.06,952.3899999999999,788.6700000000003,0.4529826657323701
"2025-04-26",2025,2,4,April,Plush,96,1463.44,795.3900000000001,668.0500000000001,0.45649292078937304
"2025-04-26",2025,2,4,April,Pretend Play,85,1981.2800000000009,1217.89,763.3899999999996,0.38530142130339945
"2025-04-26",2025,2,4,April,Puzzles,119,1849.4999999999998,976.9799999999997,872.5199999999996,0.4717599351175992
"2025-04-26",2025,2,4,April,STEM Kits,139,2822.509999999998,1612.5899999999997,1209.92,0.42866810037874126
"2025-04-26",2025,2,4,April,Toy Vehicles,147,2454.6900000000005,1418.8400000000004,1035.85,0.42198811255189034
"2025-04-27",2025,2,4,April,Action Figures,135,2301.7000000000003,1337.5400000000004,964.16,0.41889038536733714
"2025-04-27",2025,2,4,April,Arts & Crafts,150,1863.5999999999995,1124.11,739.49,0.39680725477570306
"2025-04-27",2025,2,4,April,Baby & Toddler,140,2139.7,1209.3399999999995,930.3599999999997,0.4348086180305649
"2025-04-27",2025,2,4,April,Board Games,121,2004.1200000000001,1136.57,867.5500000000003,0.4328832604834043
"2025-04-27",2025,2,4,April,Building Blocks,81,1287.2600000000002,704.2999999999997,582.96,0.4528688842968786
"2025-04-27",2025,2,4,April,Card Games,59,1340.4899999999998,691.7199999999999,648.7700000000002,0.48397973875224753
"2025-04-27",2025,2,4,April,Collectibles,9,174.51,85.67999999999999,88.83000000000001,0.5090252707581229
"2025-04-27",2025,2,4,April,Dolls,66,1225.21,662.9499999999999,562.2600000000001,0.45890908497318833
"2025-04-27",2025,2,4,April,Educational,80,1272.55,677.4899999999999,595.06,0.46761227456681465
"2025-04-27",2025,2,4,April,Model Kits,58,916.4200000000001,517.97,398.4499999999999,0.434789725235154
"2025-04-27",2025,2,4,April,Outdoor Play,116,1928.8099999999997,1039.3499999999997,889.4600000000004,0.4611444362067806
"2025-04-27",2025,2,4,April,Plush,75,1017.2999999999997,595.37,421.93000000000006,0.4147547429470168
"2025-04-27",2025,2,4,April,Pretend Play,69,1343.8900000000006,791.6599999999999,552.23,0.41091904843402344
"2025-04-27",2025,2,4,April,Puzzles,134,2557.1599999999994,1337.0900000000004,1220.0699999999997,0.47711914780459574
"2025-04-27",2025,2,4,April,STEM Kits,86,1789.48,1062.04,727.4399999999999,0.40650915349710526
"2025-04-27",2025,2,4,April,Toy Vehicles,143,2463.2000000000003,1428.0400000000004,1035.1599999999999,0.42025008119519314
"2025-04-28",2025,2,4,April,Action Figures,144,3163.22,1772.9199999999998,1390.2999999999997,0.43952048861603044
"2025-04-28",2025,2,4,April,Arts & Crafts,169,1964.6499999999996,1169.16,795.4900000000001,0.4049016364237906
"2025-04-28",2025,2,4,April,Baby & Toddler,127,2064.2999999999997,1155.49,908.8100000000001,0.4402509325194982
"2025-04-28",2025,2,4,April,Board Games,97,1979.21,1084.04,895.17,0.4522865183583349
"2025-04-28",2025,2,4,April,Building Blocks,101,1430.29,821.6400000000001,608.6499999999999,0.42554307168476313
"2025-04-28",2025,2,4,April,Card Games,89,2101.29,1099.5899999999997,1001.7,0.47670716559827536
"2025-04-28",2025,2,4,April,Collectibles,8,155.12,76.15999999999998,78.96000000000001,0.5090252707581228
"2025-04-28",2025,2,4,April,Dolls,96,1804.4699999999998,954.14,850.33,0.4712353211746386
"2025-04-28",2025,2,4,April,Educational,92,1852.3199999999997,1047.95,804.3699999999999,0.4342500215945409
"2025-04-28",2025,2,4,April,Model Kits,27,539.37,299.26000000000005,240.11,0.44516751024343215
"2025-04-28",2025,2,4,April,Outdoor Play,111,1720.45,949.6199999999999,770.8300000000003,0.44803975704030935
"2025-04-28",2025,2,4,April,Plush,60,981.8099999999997,549.06,432.7500000000001,0.4407675619519054
"2025-04-28",2025,2,4,April,Pretend Play,86,1900.3000000000006,1150.4099999999996,749.8899999999998,0.3946166394779769
"2025-04-28",2025,2,4,April,Puzzles,144,2713.8799999999997,1412.3,1301.5799999999997,0.47960116143676207
"2025-04-28",2025,2,4,April,STEM Kits,69,1415.0300000000004,801.2000000000002,613.8299999999999,0.4337929231182376
"2025-04-28",2025,2,4,April,Toy Vehicles,133,2183.6600000000003,1306.2700000000007,877.3899999999996,0.401797898940311
"2025-04-29",2025,2,4,April,Action Figures,131,2861.2599999999998,1644.4700000000005,1216.7899999999997,0.4252636950154826
"2025-04-29",2025,2,4,April,Arts & Crafts,165,1931.309999999999,1120.9399999999996,810.3699999999998,0.4195960254956481
"2025-04-29",2025,2,4,April,Baby & Toddler,132,1899.1800000000003,1080.8999999999996,818.2799999999996,0.43085963415789946
"2025-04-29",2025,2,4,April,Board Games,64,1292.31,745.4400000000002,546.8699999999999,0.42317245862060954
"2025-04-29",2025,2,4,April,Building Blocks,96,1579.6799999999998,896.0899999999999,683.59,0.4327395421857592
"2025-04-29",2025,2,4,April,Card Games,72,1580.69,832.4,748.2900000000001,0.47339453023679534
"2025-04-29",2025,2,4,April,Collectibles,9,174.51000000000002,85.68,88.83000000000001,0.5090252707581228
"2025-04-29",2025,2,4,April,Dolls,102,1835.7300000000002,1028.84,806.8900000000001,0.4395472101017034
"2025-04-29",2025,2,4,April,Educational,89,1604.2699999999998,922.1600000000002,682.1099999999997,0.42518404009300165
"2025-04-29",2025,2,4,April,Model Kits,61,908.95,507.9900000000001,400.9599999999999,0.441124374278013
"2025-04-29",2025,2,4,April,Outdoor Play,109,1850.3400000000001,1022.6800000000001,827.6599999999997,0.4473015770074687
"2025-04-29",2025,2,4,April,Plush,101,1573.2899999999995,963.5700000000003,609.72,0.3875445722022006
"2025-04-29",2025,2,4,April,Pretend Play,68,1464.2800000000004,894.61,569.6699999999998,0.38904444505149266
"2025-04-29",2025,2,4,April,Puzzles,130,2181.2099999999996,1121.76,1059.45,0.48571664351437976
"2025-04-29",2025,2,4,April,STEM Kits,78,1742.6000000000004,1002.7399999999996,739.86,0.4245724779065763
"2025-04-29",2025,2,4,April,Toy Vehicles,157,2488.8300000000004,1477.2999999999995,1011.5299999999995,0.4064279199463199
"2025-04-30",2025,2,4,April,Action Figures,159,2754.0899999999997,1540.4800000000002,1213.6100000000001,0.4406573496145733
"2025-04-30",2025,2,4,April,Arts & Crafts,133,1627.28,965.4000000000004,661.88,0.40674008160857383
"2025-04-30",2025,2,4,April,Baby & Toddler,130,1824.3799999999999,1051.1699999999994,773.2100000000002,0.42382069524989324
"2025-04-30",2025,2,4,April,Board Games,101,1839.7699999999993,1026.58,813.1900000000003,0.44200633774874065
"2025-04-30",2025,2,4,April,Building Blocks,85,1413.16,785.3299999999999,627.8299999999999,0.4442738260352684
"2025-04-30",2025,2,4,April,Card Games,73,1981.2899999999997,1026.3200000000002,954.9700000000001,0.481994054378713
"2025-04-30",2025,2,4,April,Collectibles,6,116.34,57.12,59.220000000000006,0.5090252707581228
"2025-04-30",2025,2,4,April,Dolls,105,1694.5999999999992,990.26,704.3400000000001,0.41563790865100936
"2025-04-30",2025,2,4,April,Educational,89,1723.0699999999995,972.19,750.8800000000001,0.4357803223316524
"2025-04-30",2025,2,4,April,Model Kits,60,1055.2,579.6700000000001,475.5299999999999,0.45065390447308556
"2025-04-30",2025,2,4,April,Outdoor Play,134,2208.8799999999997,1186.29,1022.5900000000006,0.46294502191155734
"2025-04-30",2025,2,4,April,Plush,79,1283.4199999999996,697.4500000000002,585.97,0.45656916675756976
"2025-04-30",2025,2,4,April,Pretend Play,57,1394.9200000000003,826.7799999999997,568.1399999999999,0.4072921744616177
"2025-04-30",2025,2,4,April,Puzzles,120,2134.3699999999994,1120.1099999999997,1014.2599999999999,0.4752034558206872
"2025-04-30",2025,2,4,April,STEM Kits,77,1612.6699999999998,907.8200000000002,704.85,0.43707020035097083
"2025-04-30",2025,2,4,April,Toy Vehicles,113,1788.5200000000004,1017.2299999999999,771.2899999999997,0.4312448281260481
"2025-05-01",2025,2,5,May,Action Figures,122,2693.599999999999,1488.0299999999995,1205.57,0.4475683100683102
"2025-05-01",2025,2,5,May,Arts & Crafts,124,1519.5200000000002,899.5200000000001,620.0,0.40802358639570385
"2025-05-01",2025,2,5,May,Baby & Toddler,114,1770.57,994.92,775.6499999999999,0.43807926261034574
"2025-05-01",2025,2,5,May,Board Games,94,1691.5699999999997,954.62,736.95,0.4356603628581733
"2025-05-01",2025,2,5,May,Building Blocks,74,1079.2500000000002,607.5399999999997,471.71000000000004,0.43707204076905254
"2025-05-01",2025,2,5,May,Card Games,82,1792.9300000000003,946.6199999999999,846.3100000000001,0.4720262363840194
"2025-05-01",2025,2,5,May,Collectibles,8,155.12,76.15999999999998,78.96000000000001,0.5090252707581228
"2025-05-01",2025,2,5,May,Dolls,125,2080.709999999999,1154.6799999999998,926.0299999999999,0.4450548130205556
"2025-05-01",2025,2,5,May,Educational,122,2114.27,1272.1799999999996,842.0899999999999,0.39828877106519034
"2025-05-01",2025,2,5,May,Model Kits,41,782.0500000000001,424.71000000000015,357.34,0.4569273064382072
"2025-05-01",2025,2,5,May,Outdoor Play,112,1992.2099999999996,1115.0900000000001,877.1200000000001,0.44027487062106924
"2025-05-01",2025,2,5,May,Plush,87,1306.86,730.1700000000001,576.6899999999999,0.4412790964602176
"2025-05-01",2025,2,5,May,Pretend Play,68,1187.1899999999998,760.9599999999998,426.2299999999999,0.35902425054119386
"2025-05-01",2025,2,5,May,Puzzles,139,2922.9700000000003,1510.66,1412.3099999999995,0.4831763582931058
"2025-05-01",2025,2,5,May,STEM Kits,78,1684.53,953.5299999999997,730.9999999999999,0.43394893531133305
"2025-05-01",2025,2,5,May,Toy Vehicles,121,1904.3500000000008,1124.41,779.9399999999997,0.40955706671567693
"2025-05-02",2025,2,5,May,Action Figures,159,3371.8099999999995,1865.6,1506.2099999999994,0.44670666496629396
"2025-05-02",2025,2,5,May,Arts & Crafts,167,1969.4699999999993,1197.6299999999997,771.84,0.39190238998309207
"2025-05-02",2025,2,5,May,Baby & Toddler,123,1977.3099999999997,1106.4499999999998,870.8599999999999,0.44042664023344846
"2025-05-02",2025,2,5,May,Board Games,115,2196.4100000000003,1136.8400000000004,1059.5700000000002,0.4824099325717876
"2025-05-02",2025,2,5,May,Building Blocks,97,1349.4400000000003,794.0799999999998,555.36,0.4115484941901825
"2025-05-02",2025,2,5,May,Card Games,66,1521.6599999999996,789.29,732.37,0.48129674171628367
"2025-05-02",2025,2,5,May,Collectibles,6,116.34,57.11999999999999,59.22000000000001,0.5090252707581229
"2025-05-02",2025,2,5,May,Dolls,89,1572.0199999999998,865.1100000000001,706.9100000000001,0.4496825740130534
"2025-05-02",2025,2,5,May,Educational,118,2185.2899999999995,1283.0,902.2899999999998,0.4128925680344485
"2025-05-02",2025,2,5,May,Model Kits,55,790.9,427.65999999999997,363.2399999999999,0.4592742445315462
"2025-05-02",2025,2,5,May,Outdoor Play,116,1967.12,1065.8200000000002,901.3000000000003,0.4581825206393104
"2025-05-02",2025,2,5,May,Plush,64,1013.2,561.45,451.75,0.4458645874457165
"2025-05-02",2025,2,5,May,Pretend Play,96,1857.6000000000006,1149.1199999999997,708.4799999999998,0.38139534883720905
"2025-05-02",2025,2,5,May,Puzzles,136,2731.7099999999996,1433.1299999999999,1298.58,0.4753725688305128
"2025-05-02",2025,2,5,May,STEM Kits,76,1726.2300000000002,972.92,753.3100000000002,0.4363902840293588
"2025-05-02",2025,2,5,May,Toy Vehicles,161,2675.1700000000005,1548.5900000000008,1126.5799999999997,0.4211246388080008
"2025-05-03",2025,2,5,May,Action Figures,151,2940.259999999999,1660.68,1279.5800000000002,0.43519280607837424
"2025-05-03",2025,2,5,May,Arts & Crafts,147,1902.8999999999999,1107.7500000000002,795.1499999999997,0.41786221031057846
"2025-05-03",2025,2,5,May,Baby & Toddler,138,2004.9899999999998,1173.0399999999997,831.9499999999997,0.41493972538516394
"2025-05-03",2025,2,5,May,Board Games,103,1810.6900000000003,1003.4000000000001,807.29,0.4458466109604625
"2025-05-03",2025,2,5,May,Building Blocks,101,1449.5900000000006,845.41,604.18,0.41679371408467203
"2025-05-03",2025,2,5,May,Card Games,48,1292.1299999999997,677.4399999999998,614.6900000000002,0.4757183874687534
"2025-05-03",2025,2,5,May,Collectibles,4,77.56,38.08,39.480000000000004,0.5090252707581228
"2025-05-03",2025,2,5,May,Dolls,82,1561.3600000000001,806.6399999999998,754.7200000000001,0.4833734692831891
"2025-05-03",2025,2,5,May,Educational,93,1544.7700000000002,867.52,677.2499999999998,0.4384147801938151
"2025-05-03",2025,2,5,May,Model Kits,47,843.6599999999997,475.08000000000004,368.5799999999999,0.43688215631889626
"2025-05-03",2025,2,5,May,Outdoor Play,126,2246.7000000000003,1244.3500000000001,1002.3500000000003,0.4461432322962568
"2025-05-03",2025,2,5,May,Plush,61,1185.2,683.8499999999999,501.3500000000001,0.4230087748903139
"2025-05-03",2025,2,5,May,Pretend Play,60,1108.2000000000003,673.4,434.79999999999995,0.39234795163327907
"2025-05-03",2025,2,5,May,Puzzles,160,2766.7799999999984,1459.45,1307.33,0.47250955984935583
"2025-05-03",2025,2,5,May,STEM Kits,107,2289.61,1267.4199999999996,1022.1899999999998,0.4464472115338419
"2025-05-03",2025,2,5,May,Toy Vehicles,150,2553.6800000000003,1514.2599999999998,1039.4199999999998,0.40702828858745016
"2025-05-04",2025,2,5,May,Action Figures,123,2500.03,1399.0900000000006,1100.94,0.4403707155514134
"2025-05-04",2025,2,5,May,Arts & Crafts,165,1815.2399999999993,1128.4600000000003,686.7800000000003,0.37834115599039275
"2025-05-04",2025,2,5,May,Baby & Toddler,133,2198.039999999999,1225.5800000000002,972.4599999999998,0.442421430001274
"2025-05-04",2025,2,5,May,Board Games,94,1684.9099999999999,948.1499999999999,736.76,0.4372696464499588
"2025-05-04",2025,2,5,May,Building Blocks,84,1570.6,859.1999999999999,711.4000000000001,0.4529479179931237
"2025-05-04",2025,2,5,May,Card Games,51,1160.6400000000003,593.8199999999999,566.82,0.48836848635235725
"2025-05-04",2025,2,5,May,Collectibles,7,135.73000000000002,66.64,69.09,0.5090252707581226
"2025-05-04",2025,2,5,May,Dolls,89,1296.62,723.03,573.59,0.4423732473662292
"2025-05-04",2025,2,5,May,Educational,100,1677.2300000000005,1019.8499999999999,657.38,0.391943859816483
"2025-05-04",2025,2,5,May,Model Kits,47,795.91,458.31,337.5999999999999,0.4241685617720596
"2025-05-04",2025,2,5,May,Outdoor Play,109,2029.4099999999999,1108.8200000000002,920.59,0.4536244524270601
"2025-05-04",2025,2,5,May,Plush,82,1466.6400000000003,862.56,604.08,0.41188021600392727
"2025-05-04",2025,2,5,May,Pretend Play,102,1792.3700000000003,1050.6799999999998,741.6899999999998,0.4138040694722628
"2025-05-04",2025,2,5,May,Puzzles,108,1862.3399999999995,981.3500000000003,880.9899999999996,0.4730554034172062
"2025-05-04",2025,2,5,May,STEM Kits,88,1679.48,933.9499999999998,745.5299999999999,0.4439052563888822
"2025-05-04",2025,2,5,May,Toy Vehicles,158,2403.5,1452.8400000000004,950.6599999999996,0.39553151653838137
"2025-05-05",2025,2,5,May,Action Figures,136,2877.7299999999996,1620.7099999999996,1257.0199999999998,0.4368095686530703
"2025-05-05",2025,2,5,May,Arts & Crafts,141,1837.8599999999994,1098.83,739.0299999999999,0.4021144156791051
"2025-05-05",2025,2,5,May,Baby & Toddler,114,1669.3800000000003,976.5699999999999,692.8099999999998,0.4150103631288261
"2025-05-05",2025,2,5,May,Board Games,91,1290.3500000000001,687.8100000000001,602.5399999999998,0.4669585771302358
"2025-05-05",2025,2,5,May,Building Blocks,90,1385.3299999999997,777.8799999999999,607.45,0.43848758057646925
"2025-05-05",2025,2,5,May,Card Games,78,2074.25,1059.8400000000001,1014.4100000000001,0.48904905387489456
"2025-05-05",2025,2,5,May,Collectibles,9,174.51000000000002,85.67999999999998,88.83000000000001,0.5090252707581228
"2025-05-05",2025,2,5,May,Dolls,87,1488.5000000000005,842.8999999999999,645.5999999999999,0.433725226738327
"2025-05-05",2025,2,5,May,Educational,68,1164.5099999999998,656.01,508.49999999999994,0.4366643480949069
"2025-05-05",2025,2,5,May,Model Kits,36,673.4500000000002,380.21000000000004,293.23999999999995,0.43542950478877407
"2025-05-05",2025,2,5,May,Outdoor Play,85,1436.9499999999996,806.0699999999999,630.8800000000001,0.4390410243919415
"2025-05-05",2025,2,5,May,Plush,90,1393.24,806.1000000000001,587.1399999999999,0.4214205736269414
"2025-05-05",2025,2,5,May,Pretend Play,77,1484.5900000000001,914.5999999999999,569.9899999999998,0.38393765281997033
"2025-05-05",2025,2,5,May,Puzzles,150,2601.870000000001,1387.89,1213.9800000000005,0.4665798060625627
"2025-05-05",2025,2,5,May,STEM Kits,91,1878.4399999999998,1065.31,813.1300000000002,0.43287515172164154
"2025-05-05",2025,2,5,May,Toy Vehicles,142,2292.09,1317.8700000000003,974.2199999999998,0.4250356661387641
"2025-05-06",2025,2,5,May,Action Figures,103,2300.87,1285.9699999999993,1014.8999999999999,0.44109402095729006
"2025-05-06",2025,2,5,May,Arts & Crafts,143,1818.7999999999993,1055.61,763.1899999999999,0.4196118319771279
"2025-05-06",2025,2,5,May,Baby & Toddler,170,2533.39,1458.52,1074.8699999999997,0.42428129897094397
"2025-05-06",2025,2,5,May,Board Games,111,1860.9199999999994,1061.4800000000002,799.4399999999997,0.4295939642757346
"2025-05-06",2025,2,5,May,Building Blocks,101,1383.49,832.6000000000001,550.89,0.3981886388770428
"2025-05-06",2025,2,5,May,Card Games,41,1142.49,586.4999999999999,555.9900000000001,0.48664758553685383
"2025-05-06",2025,2,5,May,Collectibles,5,96.95,47.599999999999994,49.35000000000001,0.5090252707581229
"2025-05-06",2025,2,5,May,Dolls,91,1656.9799999999998,887.7299999999999,769.2500000000001,0.46424821060000737
"2025-05-06",2025,2,5,May,Educational,98,1862.8799999999994,1062.1299999999999,800.75,0.4298451859486388
"2025-05-06",2025,2,5,May,Model Kits,51,809.62,461.21000000000004,348.40999999999997,0.4303376892863318
"2025-05-06",2025,2,5,May,Outdoor Play,111,2213.9799999999996,1207.2800000000004,1006.7000000000002,0.4547014878183183
"2025-05-06",2025,2,5,May,Plush,123,1916.4400000000005,1149.9900000000005,766.45,0.3999342530942789
"2025-05-06",2025,2,5,May,Pretend Play,78,1408.3700000000001,899.8000000000001,508.5699999999999,0.3611053913389236
"2025-05-06",2025,2,5,May,Puzzles,106,1875.7299999999998,991.04,884.6899999999999,0.47165103719618495
"2025-05-06",2025,2,5,May,STEM Kits,94,2020.9600000000005,1152.9099999999996,868.05,0.42952359274800084
"2025-05-06",2025,2,5,May,Toy Vehicles,135,2053.8,1235.4700000000005,818.3299999999999,0.39844678157561586
"2025-05-07",2025,2,5,May,Action Figures,141,3025.2399999999993,1719.7000000000005,1305.5400000000004,0.43154923245759036
"2025-05-07",2025,2,5,May,Arts & Crafts,175,2022.8999999999996,1169.5800000000002,853.3199999999999,0.4218300459736023
"2025-05-07",2025,2,5,May,Baby & Toddler,151,2180.6999999999994,1210.2399999999993,970.4599999999997,0.4450222405649562
"2025-05-07",2025,2,5,May,Board Games,101,1457.4199999999998,832.3700000000001,625.05,0.4288743121406321
"2025-05-07",2025,2,5,May,Building Blocks,78,1046.9899999999998,589.1399999999999,457.84999999999997,0.4373012158664362
"2025-05-07",2025,2,5,May,Card Games,79,1676.96,862.0,814.96,0.4859746207422956
"2025-05-07",2025,2,5,May,Collectibles,4,77.56,38.08,39.480000000000004,0.5090252707581228
"2025-05-07",2025,2,5,May,Dolls,72,1317.12,755.0900000000001,562.0300000000001,0.42671130952380965
"2025-05-07",2025,2,5,May,Educational,118,1906.9399999999994,1083.5599999999997,823.3800000000001,0.431780758702424
"2025-05-07",2025,2,5,May,Model Kits,62,948.8800000000001,535.0800000000003,413.7999999999999,0.43609307815529874
"2025-05-07",2025,2,5,May,Outdoor Play,156,2759.040000000001,1536.5099999999993,1222.5300000000007,0.44309977383437726
"2025-05-07",2025,2,5,May,Plush,91,1430.1499999999996,868.04,562.11,0.393042687829948
"2025-05-07",2025,2,5,May,Pretend Play,82,1779.3400000000004,1064.52,714.8199999999998,0.4017332269268379
"2025-05-07",2025,2,5,May,Puzzles,122,2040.4499999999998,1048.7,991.7499999999999,0.48604474503173317
"2025-05-07",2025,2,5,May,STEM Kits,90,1809.8000000000002,1048.7099999999998,761.0899999999999,0.42053818101447665
"2025-05-07",2025,2,5,May,Toy Vehicles,109,1827.6900000000005,1079.3400000000004,748.3499999999997,0.4094512745596898
"2025-05-08",2025,2,5,May,Action Figures,122,2854.949999999999,1659.8600000000001,1195.0900000000004,0.41860277763183273
"2025-05-08",2025,2,5,May,Arts & Crafts,173,2218.5899999999997,1340.6599999999999,877.9300000000002,0.3957152966523784
"2025-05-08",2025,2,5,May,Baby & Toddler,175,2867.31,1617.32,1249.99,0.43594518904478413
"2025-05-08",2025,2,5,May,Board Games,75,1302.3999999999999,714.3800000000002,588.02,0.4514895577395578
"2025-05-08",2025,2,5,May,Building Blocks,88,1475.57,838.4100000000001,637.1599999999999,0.43180601394715257
"2025-05-08",2025,2,5,May,Card Games,73,1639.3400000000001,866.3599999999998,772.9799999999999,0.4715190259494674
"2025-05-08",2025,2,5,May,Collectibles,6,116.34,57.12,59.220000000000006,0.5090252707581228
"2025-05-08",2025,2,5,May,Dolls,74,1461.07,790.2300000000001,670.8400000000001,0.45914295687407186
"2025-05-08",2025,2,5,May,Educational,83,1410.8999999999996,809.7299999999997,601.17,0.4260897299596003
"2025-05-08",2025,2,5,May,Model Kits,60,1022.7200000000003,588.16,434.55999999999995,0.4249061326658321
"2025-05-08",2025,2,5,May,Outdoor Play,93,1788.8699999999997,1003.0400000000002,785.8300000000002,0.43928848938156506
"2025-05-08",2025,2,5,May,Plush,118,2028.3199999999997,1203.8300000000002,824.4899999999999,0.40648911414372485
"2025-05-08",2025,2,5,May,Pretend Play,80,1779.4800000000002,1095.1200000000001,684.3599999999998,0.38458426057050354
"2025-05-08",2025,2,5,May,Puzzles,84,1469.2600000000002,752.9900000000004,716.27,0.48750391353470446
"2025-05-08",2025,2,5,May,STEM Kits,79,1685.3000000000004,986.6999999999996,698.6,0.4145256037500741
"2025-05-08",2025,2,5,May,Toy Vehicles,128,2038.82,1172.6799999999998,866.1399999999998,0.4248241629962428
"2025-05-09",2025,2,5,May,Action Figures,119,2949.3099999999995,1590.1899999999998,1359.12,0.46082643058884964
"2025-05-09",2025,2,5,May,Arts & Crafts,137,1754.2999999999997,1074.7400000000002,679.56,0.387368181040871
"2025-05-09",2025,2,5,May,Baby & Toddler,121,1819.6199999999997,1024.8499999999997,794.7699999999999,0.4367780085952012
"2025-05-09",2025,2,5,May,Board Games,83,1902.83,968.21,934.62,0.49117367289773656
"2025-05-09",2025,2,5,May,Building Blocks,85,1361.04,757.7800000000001,603.2599999999999,0.44323458531711035
"2025-05-09",2025,2,5,May,Card Games,68,1403.84,710.92,692.92,0.4935890129929337
"2025-05-09",2025,2,5,May,Collectibles,9,174.51000000000002,85.68,88.83000000000001,0.5090252707581228
"2025-05-09",2025,2,5,May,Dolls,65,1312.62,685.63,626.99,0.4776629946214442
"2025-05-09",2025,2,5,May,Educational,61,1173.2199999999998,613.0599999999998,560.1599999999999,0.4774552087417534
"2025-05-09",2025,2,5,May,Model Kits,40,567.0400000000001,297.19000000000005,269.85,0.47589235327313767
"2025-05-09",2025,2,5,May,Outdoor Play,95,1761.25,954.08,807.1700000000002,0.45829382540809094
"2025-05-09",2025,2,5,May,Plush,73,1285.96,743.18,542.7800000000001,0.4220815577467418
"2025-05-09",2025,2,5,May,Pretend Play,87,1810.9700000000005,1071.91,739.06,0.4081017355339955
"2025-05-09",2025,2,5,May,Puzzles,101,1885.38,1035.6699999999998,849.7099999999999,0.45068368180419854
"2025-05-09",2025,2,5,May,STEM Kits,103,2226.8900000000003,1231.9099999999999,994.9799999999999,0.44680249136688377
"2025-05-09",2025,2,5,May,Toy Vehicles,114,1912.3100000000006,1120.88,791.4299999999996,0.4138607234182739
"2025-05-10",2025,2,5,May,Action Figures,152,2962.059999999999,1677.3699999999994,1284.69,0.43371504966138447
"2025-05-10",2025,2,5,May,Arts & Crafts,152,1992.7999999999995,1217.5999999999992,775.1999999999998,0.38900040144520276
"2025-05-10",2025,2,5,May,Baby & Toddler,118,1826.2999999999995,1011.17,815.1299999999995,0.4463286426107429
"2025-05-10",2025,2,5,May,Board Games,72,1388.62,789.26,599.36,0.43162276216675555
"2025-05-10",2025,2,5,May,Building Blocks,97,1467.3700000000001,820.06,647.31,0.4411361824216114
"2025-05-10",2025,2,5,May,Card Games,65,1565.2799999999995,819.53,745.7500000000005,0.4764323315956255
"2025-05-10",2025,2,5,May,Collectibles,1,19.39,9.52,9.870000000000001,0.5090252707581228
"2025-05-10",2025,2,5,May,Dolls,101,1754.2799999999997,996.4000000000001,757.8800000000001,0.4320176938687098
"2025-05-10",2025,2,5,May,Educational,99,1691.2299999999996,973.2899999999997,717.9399999999997,0.4245076068896601
"2025-05-10",2025,2,5,May,Model Kits,35,499.90000000000015,270.89,229.00999999999996,0.4581116223244647
"2025-05-10",2025,2,5,May,Outdoor Play,75,1290.59,715.5699999999998,575.0200000000001,0.4455481601438103
"2025-05-10",2025,2,5,May,Plush,94,1755.0800000000002,1062.1299999999999,692.95,0.3948253071085079
"2025-05-10",2025,2,5,May,Pretend Play,52,1083.5299999999997,652.4699999999999,431.05999999999995,0.3978293171393501
"2025-05-10",2025,2,5,May,Puzzles,137,2445.12,1322.45,1122.6699999999998,0.45914719931946074
"2025-05-10",2025,2,5,May,STEM Kits,88,1862.2800000000007,1058.6699999999996,803.61,0.43151942779818275
"2025-05-10",2025,2,5,May,Toy Vehicles,119,1907.7100000000003,1117.11,790.5999999999998,0.41442357591038453
"2025-05-11",2025,2,5,May,Action Figures,133,2859.119999999999,1597.1,1262.02,0.441401550127312
"2025-05-11",2025,2,5,May,Arts & Crafts,169,2232.28,1391.8700000000003,840.41,0.3764805490350672
"2025-05-11",2025,2,5,May,Baby & Toddler,145,2145.2599999999993,1194.0099999999995,951.2499999999994,0.443419445661598
"2025-05-11",2025,2,5,May,Board Games,79,1357.9999999999998,757.6600000000003,600.3399999999999,0.44207658321060384
"2025-05-11",2025,2,5,May,Building Blocks,98,1618.15,930.17,687.9800000000002,0.42516453975218627
"2025-05-11",2025,2,5,May,Card Games,55,1367.0700000000002,700.83,666.2400000000001,0.4873488555816454
"2025-05-11",2025,2,5,May,Collectibles,8,155.12,76.16,78.96000000000001,0.5090252707581228
"2025-05-11",2025,2,5,May,Dolls,87,1641.0799999999995,926.6200000000002,714.46,0.43535964121188503
"2025-05-11",2025,2,5,May,Educational,96,1747.6399999999999,1021.1099999999998,726.5300000000001,0.4157206289624866
"2025-05-11",2025,2,5,May,Model Kits,51,1042.94,569.52,473.41999999999996,0.4539283180240473
"2025-05-11",2025,2,5,May,Outdoor Play,120,2013.9199999999996,1106.7,907.2200000000003,0.45047469611503954
"2025-05-11",2025,2,5,May,Plush,50,844.1800000000002,499.27,344.90999999999997,0.4085740008055153
"2025-05-11",2025,2,5,May,Pretend Play,106,1895.16,1100.1200000000001,795.04,0.4195107537094493
"2025-05-11",2025,2,5,May,Puzzles,119,1877.0799999999995,991.9199999999998,885.16,0.47156221365098994
"2025-05-11",2025,2,5,May,STEM Kits,74,1615.3799999999997,920.1899999999998,695.19,0.43035694387698264
"2025-05-11",2025,2,5,May,Toy Vehicles,154,2611.5600000000004,1510.3300000000002,1101.2299999999998,0.421675167332935
"2025-05-12",2025,2,5,May,Action Figures,170,2799.4799999999996,1601.1899999999996,1198.29,0.4280402074671011
"2025-05-12",2025,2,5,May,Arts & Crafts,139,1699.8800000000003,1023.3699999999999,676.5100000000001,0.3979751511871426
"2025-05-12",2025,2,5,May,Baby & Toddler,137,2145.09,1198.0099999999998,947.0799999999998,0.4415106126083287
"2025-05-12",2025,2,5,May,Board Games,128,2229.939999999999,1197.4500000000007,1032.4900000000002,0.4630124577342891
"2025-05-12",2025,2,5,May,Building Blocks,99,1524.37,885.4600000000002,638.91,0.419130526053386
"2025-05-12",2025,2,5,May,Card Games,63,1800.11,930.6599999999997,869.4500000000004,0.4829982612173703
"2025-05-12",2025,2,5,May,Collectibles,17,329.63,161.84,167.79000000000002,0.5090252707581228
"2025-05-12",2025,2,5,May,Dolls,98,1760.3000000000002,973.5400000000001,786.76,0.4469465432028631
"2025-05-12",2025,2,5,May,Educational,85,1716.2599999999998,947.8700000000001,768.3899999999999,0.4477118851456073
"2025-05-12",2025,2,5,May,Model Kits,65,1003.8300000000002,517.2800000000001,486.5499999999999,0.48469362342229244
"2025-05-12",2025,2,5,May,Outdoor Play,106,1744.6499999999999,996.9999999999998,747.6500000000003,0.4285386753790161
"2025-05-12",2025,2,5,May,Plush,89,1655.4699999999998,972.44,683.03,0.41258977812947384
"2025-05-12",2025,2,5,May,Pretend Play,102,2000.3900000000006,1181.77,818.6199999999998,0.40923020011097816
"2025-05-12",2025,2,5,May,Puzzles,104,1836.4499999999996,979.3099999999997,857.1400000000001,0.46673745541670086
"2025-05-12",2025,2,5,May,STEM Kits,74,1419.34,825.9699999999999,593.37,0.41806050699620956
"2025-05-12",2025,2,5,May,Toy Vehicles,139,2156.4800000000005,1260.41,896.0699999999998,0.4155243730523815
"2025-05-13",2025,2,5,May,Action Figures,166,3879.1799999999976,2210.7399999999993,1668.4400000000003,0.43010120695610965
"2025-05-13",2025,2,5,May,Arts & Crafts,136,1609.4099999999992,965.1099999999998,644.3,0.40033304130084957
"2025-05-13",2025,2,5,May,Baby & Toddler,136,2249.869999999999,1282.2700000000002,967.6000000000003,0.4300692928924785
"2025-05-13",2025,2,5,May,Board Games,92,1874.4299999999998,1036.42,838.01,0.4470745773381775
"2025-05-13",2025,2,5,May,Building Blocks,119,1807.9199999999998,1026.0600000000002,781.8599999999999,0.43246382583300147
"2025-05-13",2025,2,5,May,Card Games,84,2063.0299999999997,1044.11,1018.9200000000003,0.49389490215847587
"2025-05-13",2025,2,5,May,Collectibles,16,310.24,152.32,157.92000000000002,0.5090252707581228
"2025-05-13",2025,2,5,May,Dolls,108,2091.79,1098.0600000000002,993.7300000000001,0.4750620282150695
"2025-05-13",2025,2,5,May,Educational,128,2401.8899999999994,1377.5699999999997,1024.32,0.42646415947441396
"2025-05-13",2025,2,5,May,Model Kits,61,921.38,513.71,407.66999999999985,0.4424558813952982
"2025-05-13",2025,2,5,May,Outdoor Play,96,1622.59,902.9800000000002,719.6100000000001,0.4434946597723394
"2025-05-13",2025,2,5,May,Plush,83,1469.0399999999993,863.44,605.6,0.41224200838642944
"2025-05-13",2025,2,5,May,Pretend Play,83,1540.5999999999995,951.3399999999999,589.2599999999999,0.3824873425937947
"2025-05-13",2025,2,5,May,Puzzles,92,1809.2099999999998,980.39,828.8199999999998,0.4581115514506331
"2025-05-13",2025,2,5,May,STEM Kits,91,1651.5499999999997,945.1699999999998,706.3800000000001,0.4277073052586965
"2025-05-13",2025,2,5,May,Toy Vehicles,135,2191.4,1328.9299999999996,862.47,0.39357032034315964
"2025-05-14",2025,2,5,May,Action Figures,122,2288.7599999999993,1327.3600000000006,961.3999999999999,0.42005277967108834
"2025-05-14",2025,2,5,May,Arts & Crafts,201,2502.7799999999993,1513.0599999999995,989.7199999999998,0.39544826153317514
"2025-05-14",2025,2,5,May,Baby & Toddler,118,1919.6299999999997,1065.1999999999994,854.4299999999996,0.44510139974890983
"2025-05-14",2025,2,5,May,Board Games,75,1542.7400000000002,850.68,692.0600000000002,0.44859146712991177
"2025-05-14",2025,2,5,May,Building Blocks,108,1555.1499999999994,894.45,660.7,0.4248464778317206
"2025-05-14",2025,2,5,May,Card Games,56,1146.8999999999999,591.6299999999999,555.27,0.48414857441799636
"2025-05-14",2025,2,5,May,Collectibles,2,38.78,19.04,19.740000000000002,0.5090252707581228
"2025-05-14",2025,2,5,May,Dolls,81,1435.8799999999997,801.8000000000001,634.0799999999999,0.44159679081817427
"2025-05-14",2025,2,5,May,Educational,98,1659.5399999999997,932.7299999999999,726.8100000000001,0.437958711450161
"2025-05-14",2025,2,5,May,Model Kits,57,1026.18,550.0800000000002,476.09999999999997,0.4639536923346781
"2025-05-14",2025,2,5,May,Outdoor Play,111,1793.21,995.2800000000001,797.9300000000001,0.4449729814132199
"2025-05-14",2025,2,5,May,Plush,83,1385.81,829.6300000000002,556.1800000000002,0.40133928893571286
"2025-05-14",2025,2,5,May,Pretend Play,79,1500.3100000000006,900.5199999999999,599.7899999999998,0.39977737934160246
"2025-05-14",2025,2,5,May,Puzzles,125,2418.58,1287.3599999999997,1131.22,0.46772072869204245
"2025-05-14",2025,2,5,May,STEM Kits,78,1530.5300000000002,874.6199999999999,655.91,0.4285508941347114
"2025-05-14",2025,2,5,May,Toy Vehicles,150,2234.840000000001,1332.4699999999998,902.3699999999998,0.403773871955039
"2025-05-15",2025,2,5,May,Action Figures,131,2462.889999999999,1408.5399999999995,1054.35,0.42809463678848847
"2025-05-15",2025,2,5,May,Arts & Crafts,112,1248.96,757.91,491.04999999999995,0.39316711503971297
"2025-05-15",2025,2,5,May,Baby & Toddler,142,1945.2699999999998,1103.4299999999994,841.8399999999999,0.43276254710143064
"2025-05-15",2025,2,5,May,Board Games,98,1596.1999999999998,890.2400000000001,705.9600000000002,0.4422754040847013
"2025-05-15",2025,2,5,May,Building Blocks,108,1806.1799999999998,1011.9499999999999,794.2300000000002,0.43972915213323166
"2025-05-15",2025,2,5,May,Card Games,84,1840.1399999999996,925.3800000000002,914.7600000000001,0.49711434999510923
"2025-05-15",2025,2,5,May,Collectibles,2,38.78,19.04,19.740000000000002,0.5090252707581228
"2025-05-15",2025,2,5,May,Dolls,97,1867.7699999999998,1036.63,831.14,0.4449905502283472
"2025-05-15",2025,2,5,May,Educational,96,1621.6099999999997,914.0800000000002,707.5299999999997,0.43631329357860393
"2025-05-15",2025,2,5,May,Model Kits,53,974.4800000000001,535.5600000000001,438.91999999999985,0.45041458008373675
"2025-05-15",2025,2,5,May,Outdoor Play,110,1931.3699999999997,1108.39,822.9800000000001,0.4261120344625837
"2025-05-15",2025,2,5,May,Plush,79,1232.3499999999995,739.8100000000002,492.5399999999999,0.3996754168864366
"2025-05-15",2025,2,5,May,Pretend Play,69,1452.52,873.0299999999999,579.49,0.39895491972571806
"2025-05-15",2025,2,5,May,Puzzles,127,2289.7700000000004,1213.3900000000008,1076.38,0.4700821479886626
"2025-05-15",2025,2,5,May,STEM Kits,118,2427.98,1348.3199999999995,1079.6599999999999,0.44467417359286315
"2025-05-15",2025,2,5,May,Toy Vehicles,146,2292.8900000000003,1330.4300000000005,962.4599999999998,0.4197584707508863
"2025-05-16",2025,2,5,May,Action Figures,161,2988.1699999999996,1726.4599999999998,1261.71,0.42223501340285197
"2025-05-16",2025,2,5,May,Arts & Crafts,168,1946.44,1161.8899999999999,784.55,0.40306919298822463
"2025-05-16",2025,2,5,May,Baby & Toddler,132,2186.5699999999997,1238.2399999999996,948.3299999999992,0.43370667300841015
"2025-05-16",2025,2,5,May,Board Games,65,1085.61,590.39,495.2199999999999,0.4561675002993708
"2025-05-16",2025,2,5,May,Building Blocks,77,1097.4699999999998,637.49,459.98,0.4191276299124351
"2025-05-16",2025,2,5,May,Card Games,65,1629.7799999999997,867.0999999999997,762.6800000000003,0.46796500141123365
"2025-05-16",2025,2,5,May,Dolls,112,2084.7599999999998,1099.93,984.83,0.4723949039697616
"2025-05-16",2025,2,5,May,Educational,132,2174.4500000000003,1299.8899999999999,874.5599999999997,0.40219825703051326
"2025-05-16",2025,2,5,May,Model Kits,43,744.6600000000001,434.88000000000017,309.78,0.41600193376843114
"2025-05-16",2025,2,5,May,Outdoor Play,93,1580.55,900.6200000000001,679.9300000000002,0.43018569485305763
"2025-05-16",2025,2,5,May,Plush,75,1200.7599999999998,710.44,490.32,0.40834138379026624
"2025-05-16",2025,2,5,May,Pretend Play,74,1532.2599999999998,924.5700000000002,607.6899999999999,0.3965971832456633
"2025-05-16",2025,2,5,May,Puzzles,126,1994.59,1063.2300000000002,931.3599999999998,0.4669430810341974
"2025-05-16",2025,2,5,May,STEM Kits,90,2032.68,1134.3199999999995,898.3599999999997,0.4419583997481156
"2025-05-16",2025,2,5,May,Toy Vehicles,148,2489.4700000000003,1435.6300000000003,1053.8399999999995,0.4233190197110226
"2025-05-17",2025,2,5,May,Action Figures,134,2468.0899999999992,1421.2299999999993,1046.86,0.4241579521006123
"2025-05-17",2025,2,5,May,Arts & Crafts,156,1886.6099999999997,1150.2299999999996,736.3800000000001,0.3903191438612115
"2025-05-17",2025,2,5,May,Baby & Toddler,176,2627.0,1527.3899999999994,1099.6099999999994,0.4185801294251996
"2025-05-17",2025,2,5,May,Board Games,106,1829.6600000000003,992.5300000000003,837.1300000000001,0.457533093580228
"2025-05-17",2025,2,5,May,Building Blocks,87,1308.2000000000003,765.4099999999999,542.79,0.4149136217703714
"2025-05-17",2025,2,5,May,Card Games,81,1842.38,955.69,886.6899999999998,0.48127422138755294
"2025-05-17",2025,2,5,May,Collectibles,5,96.95,47.599999999999994,49.35000000000001,0.5090252707581229
"2025-05-17",2025,2,5,May,Dolls,93,1748.0099999999993,987.92,760.0899999999999,0.43483160851482555
"2025-05-17",2025,2,5,May,Educational,91,1636.6799999999996,919.9899999999999,716.6899999999999,0.4378925629933769
"2025-05-17",2025,2,5,May,Model Kits,36,670.2200000000001,357.57000000000005,312.65000000000003,0.4664886156784339
"2025-05-17",2025,2,5,May,Outdoor Play,149,2560.559999999999,1425.65,1134.9099999999999,0.4432272627862656
"2025-05-17",2025,2,5,May,Plush,81,1176.1100000000004,679.4699999999999,496.6400000000001,0.42227342680531577
"2025-05-17",2025,2,5,May,Pretend Play,95,1698.7700000000004,1013.25,685.5199999999998,0.40353903118138396
"2025-05-17",2025,2,5,May,Puzzles,116,2375.389999999999,1283.3499999999997,1092.0400000000004,0.4597308231490412
"2025-05-17",2025,2,5,May,STEM Kits,79,1882.28,1047.1499999999999,835.1299999999999,0.44368000510019756
"2025-05-17",2025,2,5,May,Toy Vehicles,122,1960.9,1144.5299999999997,816.3699999999997,0.4163241368759241
"2025-05-18",2025,2,5,May,Action Figures,156,2829.39,1581.6699999999994,1247.7199999999998,0.44098551277837267
"2025-05-18",2025,2,5,May,Arts & Crafts,171,2080.459999999999,1191.0600000000006,889.4000000000003,0.4275016102208169
"2025-05-18",2025,2,5,May,Baby & Toddler,149,2454.1799999999985,1390.72,1063.4599999999998,0.43332599890798573
"2025-05-18",2025,2,5,May,Board Games,97,2041.82,1117.1400000000003,924.6799999999997,0.4528704782987725
"2025-05-18",2025,2,5,May,Building Blocks,99,1638.1499999999994,951.3299999999998,686.82,0.41926563501510866
"2025-05-18",2025,2,5,May,Card Games,73,1703.94,900.6199999999999,803.3200000000003,0.4714485251828118
"2025-05-18",2025,2,5,May,Collectibles,9,174.51,85.67999999999999,88.83000000000001,0.5090252707581229
"2025-05-18",2025,2,5,May,Dolls,61,1093.0499999999997,618.24,474.81,0.43439000960614804
"2025-05-18",2025,2,5,May,Educational,107,1928.04,1088.44,839.5999999999996,0.4354681438144435
"2025-05-18",2025,2,5,May,Model Kits,46,775.7299999999999,446.34000000000003,329.39,0.42461939076740624
"2025-05-18",2025,2,5,May,Outdoor Play,136,2169.96,1201.7900000000002,968.1700000000004,0.4461695146454314
"2025-05-18",2025,2,5,May,Plush,107,1538.98,926.3700000000001,612.61,0.39806235298704334
"2025-05-18",2025,2,5,May,Pretend Play,61,1359.3100000000002,817.2799999999999,542.0299999999999,0.39875377949106516
"2025-05-18",2025,2,5,May,Puzzles,122,2138.0700000000006,1133.54,1004.53,0.4698302674842263
"2025-05-18",2025,2,5,May,STEM Kits,83,1791.2499999999998,1017.3599999999997,773.89,0.4320390788555479
"2025-05-18",2025,2,5,May,Toy Vehicles,126,2117.4300000000007,1241.4299999999998,875.9999999999999,0.4137090718465307
"2025-05-19",2025,2,5,May,Action Figures,147,3146.199999999999,1785.0400000000002,1361.1599999999996,0.4326361960460238
"2025-05-19",2025,2,5,May,Arts & Crafts,132,1931.7700000000004,1110.6599999999999,821.1099999999998,0.4250557778617535
"2025-05-19",2025,2,5,May,Baby & Toddler,107,1730.1799999999992,942.1499999999996,788.0299999999996,0.4554612814851634
"2025-05-19",2025,2,5,May,Board Games,96,1525.6999999999994,848.35,677.3500000000001,0.44396014943960177
"2025-05-19",2025,2,5,May,Building Blocks,87,1496.0500000000002,856.7099999999998,639.3399999999999,0.4273520270044449
"2025-05-19",2025,2,5,May,Card Games,91,1995.67,1014.7500000000001,980.9200000000002,0.49152414978428305
"2025-05-19",2025,2,5,May,Collectibles,5,96.95,47.599999999999994,49.35000000000001,0.5090252707581229
"2025-05-19",2025,2,5,May,Dolls,95,1631.3099999999993,918.8900000000003,712.42,0.43671650391403244
"2025-05-19",2025,2,5,May,Educational,112,1997.7599999999998,1173.6599999999996,824.0999999999997,0.41251201345506955
"2025-05-19",2025,2,5,May,Model Kits,58,1045.1899999999998,594.1200000000001,451.0699999999999,0.43156746620231723
"2025-05-19",2025,2,5,May,Outdoor Play,89,1625.6599999999999,882.9300000000002,742.7300000000001,0.4568790522003372
"2025-05-19",2025,2,5,May,Plush,65,897.1000000000003,542.98,354.12000000000006,0.39473860216252366
"2025-05-19",2025,2,5,May,Pretend Play,85,1677.2900000000002,1020.3399999999999,656.9499999999999,0.39167347328130486
"2025-05-19",2025,2,5,May,Puzzles,137,2536.6099999999983,1343.5400000000004,1193.0699999999997,0.47034033611788983
"2025-05-19",2025,2,5,May,STEM Kits,80,1364.8399999999997,777.4799999999999,587.3599999999999,0.43035081035139655
"2025-05-19",2025,2,5,May,Toy Vehicles,112,1899.5500000000004,1119.43,780.1199999999999,0.4106867415966938
"2025-05-20",2025,2,5,May,Action Figures,163,2922.2899999999986,1608.3700000000001,1313.9199999999998,0.44961998980251805
"2025-05-20",2025,2,5,May,Arts & Crafts,136,1761.4999999999998,1078.7900000000002,682.71,0.3875730911155266
"2025-05-20",2025,2,5,May,Baby & Toddler,146,2204.97,1208.9199999999998,996.0499999999995,0.451729501988689
"2025-05-20",2025,2,5,May,Board Games,104,1600.969999999999,873.5000000000002,727.47,0.4543932740775908
"2025-05-20",2025,2,5,May,Building Blocks,93,1542.27,863.4500000000003,678.8199999999997,0.4401434249515323
"2025-05-20",2025,2,5,May,Card Games,42,976.41,490.36999999999995,486.0400000000001,0.49778269374545536
"2025-05-20",2025,2,5,May,Collectibles,4,77.56,38.08,39.480000000000004,0.5090252707581228
"2025-05-20",2025,2,5,May,Dolls,97,1606.2099999999991,870.52,735.69,0.4580285267804337
"2025-05-20",2025,2,5,May,Educational,102,1814.7099999999996,1062.9099999999994,751.7999999999997,0.41428106970259704
"2025-05-20",2025,2,5,May,Model Kits,71,1090.03,588.35,501.68000000000006,0.4602442134620149
"2025-05-20",2025,2,5,May,Outdoor Play,95,1485.6100000000001,798.2299999999999,687.3800000000003,0.4626920928103609
"2025-05-20",2025,2,5,May,Plush,97,1473.6499999999999,814.8800000000002,658.7699999999999,0.44703287754894305
"2025-05-20",2025,2,5,May,Pretend Play,67,1250.6999999999998,724.4499999999999,526.2499999999999,0.420764371951707
"2025-05-20",2025,2,5,May,Puzzles,117,2151.189999999999,1098.5200000000007,1052.67,0.48934310776825873
"2025-05-20",2025,2,5,May,STEM Kits,64,1272.6100000000004,729.0799999999997,543.5299999999999,0.42709863980323876
"2025-05-20",2025,2,5,May,Toy Vehicles,168,2583.070000000001,1522.7400000000002,1060.3299999999992,0.41049216629824153
"2025-05-21",2025,2,5,May,Action Figures,157,3024.939999999999,1675.2300000000002,1349.71,0.4461939740953541
"2025-05-21",2025,2,5,May,Arts & Crafts,112,1319.7,764.46,555.2400000000001,0.42073198454194144
"2025-05-21",2025,2,5,May,Baby & Toddler,120,1643.65,916.5799999999998,727.0699999999999,0.44235086545189056
"2025-05-21",2025,2,5,May,Board Games,85,1235.1199999999997,690.5,544.6199999999999,0.44094500939180004
"2025-05-21",2025,2,5,May,Building Blocks,86,1282.9099999999994,762.2499999999997,520.6600000000001,0.40584296638111816
"2025-05-21",2025,2,5,May,Card Games,39,1031.3100000000004,525.82,505.48999999999995,0.4901436037660837
"2025-05-21",2025,2,5,May,Collectibles,2,38.78,19.04,19.740000000000002,0.5090252707581228
"2025-05-21",2025,2,5,May,Dolls,124,2209.97,1226.94,983.0300000000002,0.44481599297728036
"2025-05-21",2025,2,5,May,Educational,107,2043.76,1150.12,893.6399999999999,0.43725290640779735
"2025-05-21",2025,2,5,May,Model Kits,37,772.99,434.46000000000004,338.53000000000003,0.4379487444856984
"2025-05-21",2025,2,5,May,Outdoor Play,132,2273.219999999999,1251.2599999999998,1021.9600000000002,0.4495649343222392
"2025-05-21",2025,2,5,May,Plush,73,1391.0100000000002,772.8999999999999,618.11,0.4443605725336266
"2025-05-21",2025,2,5,May,Pretend Play,101,1535.3100000000004,916.1599999999999,619.15,0.4032736059818537
"2025-05-21",2025,2,5,May,Puzzles,112,2045.3099999999995,1060.47,984.8400000000001,0.48151136013611645
"2025-05-21",2025,2,5,May,STEM Kits,85,1847.1400000000003,1038.8399999999997,808.2999999999998,0.4375954177810018
"2025-05-21",2025,2,5,May,Toy Vehicles,171,2762.4000000000005,1591.8000000000002,1170.6,0.4237619461337966
"2025-05-22",2025,2,5,May,Action Figures,202,3748.6100000000006,2083.4999999999995,1665.1100000000004,0.4441939812357114
"2025-05-22",2025,2,5,May,Arts & Crafts,165,1913.1499999999999,1150.63,762.5200000000001,0.39856780701983646
"2025-05-22",2025,2,5,May,Baby & Toddler,136,2261.639999999999,1276.8899999999996,984.7499999999992,0.43541412426380843
"2025-05-22",2025,2,5,May,Board Games,96,1682.8999999999996,929.1399999999999,753.7599999999996,0.44789351714302683
"2025-05-22",2025,2,5,May,Building Blocks,100,1675.6499999999996,935.02,740.63,0.44199564348163406
"2025-05-22",2025,2,5,May,Card Games,85,2040.6699999999994,1082.68,957.9900000000004,0.46944875947605474
"2025-05-22",2025,2,5,May,Collectibles,8,155.12,76.16,78.96000000000001,0.5090252707581228
"2025-05-22",2025,2,5,May,Dolls,90,1626.4299999999998,902.3499999999999,724.08,0.44519591989818197
"2025-05-22",2025,2,5,May,Educational,115,2097.689999999999,1208.3399999999997,889.3499999999997,0.42396636299929924
"2025-05-22",2025,2,5,May,Model Kits,50,811.57,421.23999999999995,390.32999999999987,0.4809566642433799
"2025-05-22",2025,2,5,May,Outdoor Play,113,1874.8599999999997,1046.1399999999999,828.7199999999999,0.44201700393629395
"2025-05-22",2025,2,5,May,Plush,78,1505.9400000000003,917.37,588.5699999999999,0.3908323040758595
"2025-05-22",2025,2,5,May,Pretend Play,80,1421.94,882.3199999999999,539.62,0.3794956186618282
"2025-05-22",2025,2,5,May,Puzzles,144,2655.8199999999997,1377.2799999999993,1278.5399999999997,0.48141063776912585
"2025-05-22",2025,2,5,May,STEM Kits,110,2192.730000000001,1230.63,962.0999999999999,0.43876811098493634
"2025-05-22",2025,2,5,May,Toy Vehicles,125,2139.09,1237.2800000000004,901.8099999999996,0.42158581452860777
"2025-05-23",2025,2,5,May,Action Figures,131,2605.679999999999,1504.74,1100.9399999999991,0.42251542783457663
"2025-05-23",2025,2,5,May,Arts & Crafts,127,1510.44,932.1800000000001,578.2600000000002,0.38284208574984785
"2025-05-23",2025,2,5,May,Baby & Toddler,130,1990.7899999999995,1105.4299999999996,885.3599999999998,0.44472797231249905
"2025-05-23",2025,2,5,May,Board Games,91,1652.1699999999998,923.6200000000001,728.55,0.440965518076227
"2025-05-23",2025,2,5,May,Building Blocks,111,1366.3999999999999,793.2399999999999,573.1600000000001,0.4194672131147542
"2025-05-23",2025,2,5,May,Card Games,71,1432.2200000000003,729.3100000000001,702.91,0.49078353884179793
"2025-05-23",2025,2,5,May,Collectibles,10,193.9,95.19999999999999,98.70000000000002,0.5090252707581229
"2025-05-23",2025,2,5,May,Dolls,91,1496.9299999999998,881.6,615.3300000000002,0.4110613054718659
"2025-05-23",2025,2,5,May,Educational,128,2158.05,1254.7699999999998,903.2799999999996,0.41856305460948523
"2025-05-23",2025,2,5,May,Model Kits,36,633.9,375.8,258.09999999999997,0.40716201293579424
"2025-05-23",2025,2,5,May,Outdoor Play,91,1619.5899999999995,900.1300000000003,719.4600000000002,0.44422353805592796
"2025-05-23",2025,2,5,May,Plush,104,1660.9399999999998,971.2500000000003,689.6899999999999,0.4152407672763616
"2025-05-23",2025,2,5,May,Pretend Play,127,2224.78,1353.31,871.4699999999997,0.3917106410521488
"2025-05-23",2025,2,5,May,Puzzles,108,2152.29,1121.59,1030.7000000000003,0.47888528032932376
"2025-05-23",2025,2,5,May,STEM Kits,77,1639.9800000000002,920.7599999999999,719.22,0.43855412870888666
"2025-05-23",2025,2,5,May,Toy Vehicles,126,2001.2899999999997,1163.6000000000001,837.6899999999998,0.4185750191126723
"2025-05-24",2025,2,5,May,Action Figures,160,3317.609999999999,1863.3700000000001,1454.2400000000002,0.43833964812018306
"2025-05-24",2025,2,5,May,Arts & Crafts,190,2190.6899999999996,1325.1100000000001,865.5799999999997,0.3951175200507602
"2025-05-24",2025,2,5,May,Baby & Toddler,127,2201.2599999999998,1189.84,1011.4199999999998,0.45947321079745235
"2025-05-24",2025,2,5,May,Board Games,88,1577.2699999999998,885.2500000000001,692.02,0.4387454272255226
"2025-05-24",2025,2,5,May,Building Blocks,110,1548.22,897.1999999999998,651.02,0.42049579517122887
"2025-05-24",2025,2,5,May,Card Games,94,2211.98,1117.2800000000002,1094.7,0.49489597555131604
"2025-05-24",2025,2,5,May,Collectibles,10,193.90000000000003,95.2,98.70000000000002,0.5090252707581228
"2025-05-24",2025,2,5,May,Dolls,98,1760.1399999999999,979.8499999999998,780.2900000000002,0.44331132750803925
"2025-05-24",2025,2,5,May,Educational,109,2032.4999999999998,1143.5899999999997,888.9100000000001,0.4373480934809349
"2025-05-24",2025,2,5,May,Model Kits,57,1004.18,574.2700000000001,429.90999999999985,0.42812045649186387
"2025-05-24",2025,2,5,May,Outdoor Play,115,2121.4699999999993,1167.4999999999998,953.9700000000004,0.4496740467694573
"2025-05-24",2025,2,5,May,Plush,104,1662.61,960.5600000000001,702.0500000000002,0.4222577754253855
"2025-05-24",2025,2,5,May,Pretend Play,79,1723.1700000000008,1050.02,673.1499999999999,0.3906463088377813
"2025-05-24",2025,2,5,May,Puzzles,155,2655.199999999999,1387.3400000000001,1267.8599999999994,0.4775007532389274
"2025-05-24",2025,2,5,May,STEM Kits,107,2086.8,1178.2599999999993,908.54,0.43537473643856617
"2025-05-24",2025,2,5,May,Toy Vehicles,143,2475.9700000000007,1472.97,1002.9999999999994,0.405093761232971
"2025-05-25",2025,2,5,May,Action Figures,131,2553.799999999999,1449.9999999999998,1103.8000000000002,0.4322186545539982
"2025-05-25",2025,2,5,May,Arts & Crafts,137,1720.59,1049.0100000000002,671.58,0.39031959967220553
"2025-05-25",2025,2,5,May,Baby & Toddler,126,1884.4500000000003,1074.52,809.9299999999997,0.4297964923452464
"2025-05-25",2025,2,5,May,Board Games,78,1419.97,782.5800000000002,637.39,0.4488756804721226
"2025-05-25",2025,2,5,May,Building Blocks,106,1632.7499999999995,918.6399999999999,714.1099999999998,0.4373664063696218
"2025-05-25",2025,2,5,May,Card Games,67,1589.3400000000001,822.33,767.0099999999999,0.4825965495111177
"2025-05-25",2025,2,5,May,Collectibles,11,213.29000000000002,104.71999999999998,108.57000000000002,0.5090252707581228
"2025-05-25",2025,2,5,May,Dolls,71,1205.8899999999996,650.87,555.02,0.4602575690983424
"2025-05-25",2025,2,5,May,Educational,103,1919.72,1067.6899999999998,852.03,0.4438303502594128
"2025-05-25",2025,2,5,May,Model Kits,55,858.3500000000003,459.90000000000003,398.4499999999999,0.46420457855187247
"2025-05-25",2025,2,5,May,Outdoor Play,104,1847.45,1006.95,840.5000000000003,0.4549514195242092
"2025-05-25",2025,2,5,May,Plush,68,1067.1699999999998,641.1899999999998,425.98000000000013,0.39916789265065566
"2025-05-25",2025,2,5,May,Pretend Play,71,1555.3899999999999,950.57,604.8199999999999,0.3888542423443638
"2025-05-25",2025,2,5,May,Puzzles,126,2737.48,1450.86,1286.6199999999994,0.4700016073176788
"2025-05-25",2025,2,5,May,STEM Kits,109,1980.1500000000003,1101.7899999999997,878.3599999999999,0.44358255687700415
"2025-05-25",2025,2,5,May,Toy Vehicles,142,2442.940000000001,1410.5100000000007,1032.43,0.4226178293367826
"2025-05-26",2025,2,5,May,Action Figures,165,3265.9199999999983,1831.5399999999993,1434.38,0.43919630609445454
"2025-05-26",2025,2,5,May,Arts & Crafts,152,1700.1699999999994,1026.0900000000004,674.0800000000002,0.3964779992588979
"2025-05-26",2025,2,5,May,Baby & Toddler,105,1751.629999999999,1009.88,741.7499999999998,0.4234627175830513
"2025-05-26",2025,2,5,May,Board Games,83,1691.62,916.1700000000003,775.4499999999999,0.4584067343729679
"2025-05-26",2025,2,5,May,Building Blocks,86,1012.2399999999999,616.4299999999998,395.8099999999999,0.39102386785742504
"2025-05-26",2025,2,5,May,Card Games,66,1905.01,987.5699999999997,917.44,0.48159327247626
"2025-05-26",2025,2,5,May,Collectibles,4,77.56,38.08,39.480000000000004,0.5090252707581228
"2025-05-26",2025,2,5,May,Dolls,99,1766.329999999999,989.2000000000002,777.13,0.43996874876155667
"2025-05-26",2025,2,5,May,Educational,109,2078.3699999999994,1128.2299999999998,950.1399999999999,0.4571563292387785
"2025-05-26",2025,2,5,May,Model Kits,42,691.05,379.76,311.29,0.45045944577092834
"2025-05-26",2025,2,5,May,Outdoor Play,103,1897.9099999999999,1064.4299999999998,833.48,0.4391567566428335
"2025-05-26",2025,2,5,May,Plush,77,1229.8499999999995,764.8800000000001,464.96999999999997,0.3780704964020004
"2025-05-26",2025,2,5,May,Pretend Play,122,1992.1299999999999,1180.39,811.7400000000002,0.40747340785992897
"2025-05-26",2025,2,5,May,Puzzles,131,2439.4900000000007,1297.9200000000005,1141.5700000000002,0.46795436751124203
"2025-05-26",2025,2,5,May,STEM Kits,135,2796.5099999999993,1596.8799999999997,1199.6299999999997,0.42897397112829916
"2025-05-26",2025,2,5,May,Toy Vehicles,115,1903.6000000000008,1109.9399999999996,793.6599999999996,0.41692582475309903
"2025-05-27",2025,2,5,May,Action Figures,152,3252.269999999999,1797.3000000000002,1454.9700000000007,0.4473706057615146
"2025-05-27",2025,2,5,May,Arts & Crafts,145,1742.18,1024.4,717.7800000000002,0.4120010561480445
"2025-05-27",2025,2,5,May,Baby & Toddler,123,1842.9599999999998,1057.8999999999996,785.0599999999998,0.4259777748838824
"2025-05-27",2025,2,5,May,Board Games,100,1768.53,966.72,801.8100000000002,0.4533765330528745
"2025-05-27",2025,2,5,May,Building Blocks,65,1022.9500000000002,583.5,439.45000000000005,0.42959088909526366
"2025-05-27",2025,2,5,May,Card Games,73,1636.1399999999996,830.0199999999999,806.1199999999999,0.49269622403950764
"2025-05-27",2025,2,5,May,Collectibles,10,193.9,95.19999999999999,98.70000000000002,0.5090252707581229
"2025-05-27",2025,2,5,May,Dolls,92,1562.71,911.5000000000001,651.2099999999999,0.4167183930479743
"2025-05-27",2025,2,5,May,Educational,84,1529.4399999999998,856.04,673.4,0.4402918715346794
"2025-05-27",2025,2,5,May,Model Kits,57,1173.8699999999997,682.45,491.41999999999985,0.41863238689122306
"2025-05-27",2025,2,5,May,Outdoor Play,103,1855.38,1029.8200000000002,825.5600000000002,0.44495467235822317
"2025-05-27",2025,2,5,May,Plush,56,826.6099999999997,501.31999999999994,325.28999999999996,0.393522943104971
"2025-05-27",2025,2,5,May,Pretend Play,62,935.2900000000002,579.0799999999998,356.21,0.38085513584022057
"2025-05-27",2025,2,5,May,Puzzles,133,2090.16,1117.1700000000003,972.99,0.4655098174302446
"2025-05-27",2025,2,5,May,STEM Kits,90,1839.7900000000004,1019.5899999999995,820.1999999999998,0.4458117502541049
"2025-05-27",2025,2,5,May,Toy Vehicles,95,1619.2400000000005,932.7899999999998,686.4499999999999,0.4239334502606159
"2025-05-28",2025,2,5,May,Action Figures,174,3969.9300000000003,2230.3100000000004,1739.6200000000001,0.4381991622018524
"2025-05-28",2025,2,5,May,Arts & Crafts,180,2207.95,1307.5600000000002,900.39,0.4077945605652302
"2025-05-28",2025,2,5,May,Baby & Toddler,114,1692.9699999999993,926.9299999999997,766.0399999999996,0.4524829146411336
"2025-05-28",2025,2,5,May,Board Games,109,1904.98,1029.4700000000003,875.51,0.45959012693046647
"2025-05-28",2025,2,5,May,Building Blocks,86,1222.5199999999998,698.8100000000002,523.71,0.4283856296829501
"2025-05-28",2025,2,5,May,Card Games,54,1321.6700000000003,680.43,641.24,0.4851740600906428
"2025-05-28",2025,2,5,May,Collectibles,10,193.9,95.19999999999999,98.70000000000002,0.5090252707581229
"2025-05-28",2025,2,5,May,Dolls,66,1280.3399999999997,706.8400000000003,573.4999999999999,0.4479278941531156
"2025-05-28",2025,2,5,May,Educational,111,2042.6299999999999,1144.7799999999997,897.8499999999999,0.43955586670126257
"2025-05-28",2025,2,5,May,Model Kits,40,683.11,381.98,301.13000000000005,0.4408221223521835
"2025-05-28",2025,2,5,May,Outdoor Play,129,2128.32,1161.1699999999998,967.1500000000001,0.45441944820327773
"2025-05-28",2025,2,5,May,Plush,65,1083.2500000000002,598.1600000000001,485.0900000000001,0.44780983152550197
"2025-05-28",2025,2,5,May,Pretend Play,107,2142.6800000000003,1284.1799999999994,858.4999999999999,0.400666455093621
"2025-05-28",2025,2,5,May,Puzzles,103,1626.7600000000002,841.5600000000002,785.2000000000003,0.48267722343799957
"2025-05-28",2025,2,5,May,STEM Kits,81,1592.27,935.7799999999997,656.4900000000001,0.41229816551213055
"2025-05-28",2025,2,5,May,Toy Vehicles,174,2615.01,1519.9699999999996,1095.0399999999995,0.41875174473520155
"2025-05-29",2025,2,5,May,Action Figures,145,3623.9199999999996,2021.5600000000004,1602.3599999999992,0.4421620786330822
"2025-05-29",2025,2,5,May,Arts & Crafts,178,2079.3099999999995,1261.1200000000001,818.1899999999997,0.3934911100316932
"2025-05-29",2025,2,5,May,Baby & Toddler,162,2283.689999999999,1316.29,967.3999999999997,0.4236126619637517
"2025-05-29",2025,2,5,May,Board Games,88,1751.1700000000003,1002.6700000000001,748.4999999999999,0.42742851921857944
"2025-05-29",2025,2,5,May,Building Blocks,89,1464.4700000000003,825.45,639.02,0.43634898632269686
"2025-05-29",2025,2,5,May,Card Games,121,2605.2599999999998,1301.7900000000002,1303.4700000000003,0.5003224246332422
"2025-05-29",2025,2,5,May,Collectibles,17,329.63,161.83999999999997,167.79000000000002,0.5090252707581228
"2025-05-29",2025,2,5,May,Dolls,91,1524.35,872.1299999999999,652.2199999999999,0.4278676157050546
"2025-05-29",2025,2,5,May,Educational,67,1218.0399999999997,699.26,518.78,0.4259137630948081
"2025-05-29",2025,2,5,May,Model Kits,40,683.47,375.83,307.64,0.4501148550777649
"2025-05-29",2025,2,5,May,Outdoor Play,107,1636.8599999999997,898.7300000000001,738.1300000000002,0.4509426585046982
"2025-05-29",2025,2,5,May,Plush,69,1172.01,667.06,504.95000000000005,0.4308410337795753
"2025-05-29",2025,2,5,May,Pretend Play,51,1163.4299999999998,683.96,479.4699999999999,0.41211761773377
"2025-05-29",2025,2,5,May,Puzzles,134,2093.47,1093.6000000000001,999.8699999999999,0.47761372267097213
"2025-05-29",2025,2,5,May,STEM Kits,87,1714.1999999999998,952.7999999999996,761.3999999999999,0.4441722086104305
"2025-05-29",2025,2,5,May,Toy Vehicles,109,1820.6600000000003,1029.4599999999998,791.1999999999996,0.4345676842463719
"2025-05-30",2025,2,5,May,Action Figures,145,3137.43,1791.7500000000007,1345.6799999999998,0.4289115613734808
"2025-05-30",2025,2,5,May,Arts & Crafts,132,1752.1199999999997,1085.56,666.5600000000002,0.3804305641166132
"2025-05-30",2025,2,5,May,Baby & Toddler,101,1481.7799999999997,876.5899999999998,605.1899999999998,0.4084209531779346
"2025-05-30",2025,2,5,May,Board Games,100,1393.65,776.8600000000001,616.79,0.4425716643346607
"2025-05-30",2025,2,5,May,Building Blocks,101,1486.9899999999998,840.98,646.0100000000001,0.43444138830792417
"2025-05-30",2025,2,5,May,Card Games,87,2151.96,1110.22,1041.7400000000002,0.48408892358594036
"2025-05-30",2025,2,5,May,Collectibles,5,96.95,47.599999999999994,49.35000000000001,0.5090252707581229
"2025-05-30",2025,2,5,May,Dolls,70,1248.08,707.9100000000002,540.1699999999998,0.4328007820011537
"2025-05-30",2025,2,5,May,Educational,96,1831.1999999999998,984.3200000000002,846.8799999999999,0.4624726955002184
"2025-05-30",2025,2,5,May,Model Kits,62,941.4500000000002,476.66000000000014,464.78999999999996,0.49369589463062286
"2025-05-30",2025,2,5,May,Outdoor Play,104,1962.9499999999998,1104.6500000000003,858.3000000000002,0.43725005731169936
"2025-05-30",2025,2,5,May,Plush,71,1277.96,738.2700000000001,539.69,0.4223058624683089
"2025-05-30",2025,2,5,May,Pretend Play,109,2319.4800000000005,1424.5399999999997,894.9399999999996,0.3858364805904769
"2025-05-30",2025,2,5,May,Puzzles,125,2182.67,1125.8700000000003,1056.8000000000002,0.48417763564808247
"2025-05-30",2025,2,5,May,STEM Kits,116,2302.9599999999996,1318.57,984.39,0.4274455483377914
"2025-05-30",2025,2,5,May,Toy Vehicles,96,1424.57,819.3400000000001,605.2299999999998,0.4248510076724905
"2025-05-31",2025,2,5,May,Action Figures,180,3877.1899999999987,2170.2699999999995,1706.9199999999996,0.4402466734929163
"2025-05-31",2025,2,5,May,Arts & Crafts,111,1368.03,857.0699999999999,510.96,0.37350058112760687
"2025-05-31",2025,2,5,May,Baby & Toddler,129,2002.1899999999996,1129.5399999999997,872.6499999999999,0.43584774671734455
"2025-05-31",2025,2,5,May,Board Games,111,1876.18,1066.8700000000001,809.31,0.43136053043951
"2025-05-31",2025,2,5,May,Building Blocks,89,1191.09,705.8799999999999,485.21000000000004,0.40736636190380243
"2025-05-31",2025,2,5,May,Card Games,90,2143.09,1093.61,1049.48,0.4897041188190883
"2025-05-31",2025,2,5,May,Collectibles,3,58.17,28.56,29.610000000000003,0.5090252707581228
"2025-05-31",2025,2,5,May,Dolls,63,1049.8199999999997,597.8399999999998,451.98,0.4305309481625423
"2025-05-31",2025,2,5,May,Educational,81,1404.57,784.2199999999999,620.3499999999999,0.44166542073374765
"2025-05-31",2025,2,5,May,Model Kits,39,626.1100000000001,346.81000000000006,279.29999999999995,0.446087748159269
"2025-05-31",2025,2,5,May,Outdoor Play,124,2261.6099999999997,1246.56,1015.0500000000004,0.44881743536684066
"2025-05-31",2025,2,5,May,Plush,73,1199.9699999999998,746.79,453.18,0.3776594414860372
"2025-05-31",2025,2,5,May,Pretend Play,102,1850.6100000000004,1127.9999999999998,722.6099999999999,0.39047125002026345
"2025-05-31",2025,2,5,May,Puzzles,144,2424.42,1265.7299999999996,1158.6899999999994,0.4779246170218029
"2025-05-31",2025,2,5,May,STEM Kits,92,1773.5800000000002,1001.4399999999994,772.1399999999999,0.4353567360930997
"2025-05-31",2025,2,5,May,Toy Vehicles,127,2311.8400000000006,1344.8000000000002,967.04,0.41829884421067187
"2025-06-01",2025,2,6,June,Action Figures,138,3186.609999999999,1802.3899999999996,1384.2199999999996,0.4343863855319603
"2025-06-01",2025,2,6,June,Arts & Crafts,161,2000.36,1182.4300000000003,817.9300000000003,0.4088913995480815
"2025-06-01",2025,2,6,June,Baby & Toddler,125,2152.5499999999997,1169.7099999999998,982.8399999999997,0.456593342779494
"2025-06-01",2025,2,6,June,Board Games,91,1933.31,1084.8500000000001,848.4599999999999,0.43886391732314006
"2025-06-01",2025,2,6,June,Building Blocks,90,1445.7599999999998,813.3,632.46,0.43745849933598946
"2025-06-01",2025,2,6,June,Card Games,64,1387.54,688.2600000000001,699.2800000000002,0.5039710566902578
"2025-06-01",2025,2,6,June,Collectibles,2,38.78,19.04,19.740000000000002,0.5090252707581228
"2025-06-01",2025,2,6,June,Dolls,121,2105.289999999999,1210.61,894.6800000000004,0.42496758166333415
"2025-06-01",2025,2,6,June,Educational,81,1369.78,789.92,579.8599999999999,0.42332345340127603
"2025-06-01",2025,2,6,June,Model Kits,54,978.3900000000002,561.3500000000001,417.0399999999999,0.4262512903852245
"2025-06-01",2025,2,6,June,Outdoor Play,107,1920.8700000000001,1045.45,875.4200000000004,0.4557414088407859
"2025-06-01",2025,2,6,June,Plush,97,1681.5599999999997,953.9900000000002,727.57,0.43267561074240596
"2025-06-01",2025,2,6,June,Pretend Play,115,2027.0800000000006,1231.8299999999992,795.2499999999995,0.3923130808848192
"2025-06-01",2025,2,6,June,Puzzles,129,2146.4099999999994,1106.42,1039.9899999999998,0.4845253236800052
"2025-06-01",2025,2,6,June,STEM Kits,87,1848.4199999999998,1065.2099999999998,783.2099999999998,0.42371863537507704
"2025-06-01",2025,2,6,June,Toy Vehicles,158,2541.33,1491.1500000000003,1050.18,0.4132403111756443
"2025-06-02",2025,2,6,June,Action Figures,140,2949.4,1634.7199999999998,1314.6799999999998,0.4457448972672407
"2025-06-02",2025,2,6,June,Arts & Crafts,174,2182.22,1346.3699999999994,835.8499999999999,0.38302737579162505
"2025-06-02",2025,2,6,June,Baby & Toddler,128,1907.4799999999998,1088.1399999999996,819.3399999999998,0.42954054564136973
"2025-06-02",2025,2,6,June,Board Games,104,1803.1399999999999,982.4700000000004,820.6699999999996,0.4551338221103185
"2025-06-02",2025,2,6,June,Building Blocks,90,1443.1299999999999,804.0199999999998,639.1100000000001,0.44286377526626164
"2025-06-02",2025,2,6,June,Card Games,66,1482.6100000000001,765.99,716.6200000000001,0.48335030790295497
"2025-06-02",2025,2,6,June,Collectibles,8,155.12,76.16,78.96000000000001,0.5090252707581228
"2025-06-02",2025,2,6,June,Dolls,111,1812.0299999999995,1023.05,788.9799999999999,0.4354122172370215
"2025-06-02",2025,2,6,June,Educational,89,1544.6399999999996,853.9900000000001,690.65,0.44712683861611774
"2025-06-02",2025,2,6,June,Model Kits,59,1068.29,582.6700000000002,485.61999999999995,0.45457694071834426
"2025-06-02",2025,2,6,June,Outdoor Play,114,2075.7999999999997,1174.8600000000001,900.94,0.4340206185567011
"2025-06-02",2025,2,6,June,Plush,75,1282.2299999999998,734.49,547.74,0.42717765143539
"2025-06-02",2025,2,6,June,Pretend Play,85,1805.6100000000001,1031.87,773.74,0.42852000155072245
"2025-06-02",2025,2,6,June,Puzzles,121,2123.55,1096.6100000000001,1026.94,0.4835958654140472
"2025-06-02",2025,2,6,June,STEM Kits,94,1942.7900000000002,1078.5299999999997,864.26,0.44485507955054326
"2025-06-02",2025,2,6,June,Toy Vehicles,141,2052.8500000000004,1214.3600000000004,838.4899999999998,0.40845166475874983
"2025-06-03",2025,2,6,June,Action Figures,128,2954.98,1632.3899999999992,1322.5900000000001,0.4475800174620472
"2025-06-03",2025,2,6,June,Arts & Crafts,138,1681.5000000000005,1014.1600000000002,667.3400000000001,0.3968718406184954
"2025-06-03",2025,2,6,June,Baby & Toddler,131,1751.1399999999994,1058.7800000000002,692.3599999999999,0.39537672601847945
"2025-06-03",2025,2,6,June,Board Games,107,2001.2399999999998,1101.1000000000004,900.14,0.44979112949971023
"2025-06-03",2025,2,6,June,Building Blocks,90,1445.8899999999999,825.3299999999999,620.5600000000001,0.4291889424506706
"2025-06-03",2025,2,6,June,Card Games,76,1833.2400000000002,941.3899999999999,891.85,0.4864884030459732
"2025-06-03",2025,2,6,June,Collectibles,10,193.90000000000003,95.19999999999999,98.7,0.5090252707581226
"2025-06-03",2025,2,6,June,Dolls,83,1527.85,809.93,717.9200000000001,0.4698890597899009
"2025-06-03",2025,2,6,June,Educational,132,2404.1899999999996,1285.6799999999996,1118.5099999999998,0.46523361298399873
"2025-06-03",2025,2,6,June,Model Kits,62,962.35,534.3000000000001,428.0499999999998,0.4447965916766247
"2025-06-03",2025,2,6,June,Outdoor Play,119,2223.37,1228.27,995.1000000000005,0.44756383328011107
"2025-06-03",2025,2,6,June,Plush,77,1262.5900000000001,780.4799999999999,482.11,0.3818420865047244
"2025-06-03",2025,2,6,June,Pretend Play,54,1361.4199999999998,824.9100000000001,536.51,0.3940811799444698
"2025-06-03",2025,2,6,June,Puzzles,120,1929.1099999999994,1001.7800000000002,927.33,0.48070353686414996
"2025-06-03",2025,2,6,June,STEM Kits,83,1619.5500000000004,913.6599999999995,705.8899999999998,0.4358556389120432
"2025-06-03",2025,2,6,June,Toy Vehicles,134,2127.5500000000006,1245.15,882.3999999999999,0.4147493595920188
"2025-06-04",2025,2,6,June,Action Figures,140,2849.0399999999986,1647.94,1201.1,0.4215806025889424
"2025-06-04",2025,2,6,June,Arts & Crafts,109,1469.1199999999997,905.7299999999998,563.3900000000001,0.3834880744935745
"2025-06-04",2025,2,6,June,Baby & Toddler,173,2758.169999999999,1576.0799999999992,1182.0899999999992,0.4285776438725675
"2025-06-04",2025,2,6,June,Board Games,107,1817.1999999999996,977.2900000000001,839.9100000000001,0.4622000880475458
"2025-06-04",2025,2,6,June,Building Blocks,112,2060.13,1134.4399999999996,925.6899999999999,0.44933572153213625
"2025-06-04",2025,2,6,June,Card Games,69,1591.28,809.2500000000001,782.03,0.49144713689608366
"2025-06-04",2025,2,6,June,Collectibles,8,155.12,76.16,78.96000000000001,0.5090252707581228
"2025-06-04",2025,2,6,June,Dolls,83,1601.1299999999997,870.6800000000002,730.4499999999999,0.45620905235677306
"2025-06-04",2025,2,6,June,Educational,85,1620.4799999999998,937.0099999999999,683.4699999999999,0.42177009281200634
"2025-06-04",2025,2,6,June,Model Kits,52,780.8400000000001,433.06,347.78,0.44539214179601444
"2025-06-04",2025,2,6,June,Outdoor Play,154,2618.07,1477.5,1140.5700000000004,0.43565298101273087
"2025-06-04",2025,2,6,June,Plush,78,1206.4099999999999,690.63,515.7800000000001,0.4275329282747989
"2025-06-04",2025,2,6,June,Pretend Play,65,1365.95,854.1099999999998,511.8399999999998,0.37471356931073596
"2025-06-04",2025,2,6,June,Puzzles,154,2574.2599999999998,1352.36,1221.8999999999996,0.47466067918547455
"2025-06-04",2025,2,6,June,STEM Kits,95,1666.71,963.3099999999997,703.3999999999999,0.4220290272452915
"2025-06-04",2025,2,6,June,Toy Vehicles,132,2184.100000000001,1241.5199999999998,942.5799999999999,0.43156448880545745
"2025-06-05",2025,2,6,June,Action Figures,134,2410.2099999999996,1381.9200000000003,1028.29,0.42663917252023686
"2025-06-05",2025,2,6,June,Arts & Crafts,164,1950.1399999999999,1179.2199999999998,770.9200000000001,0.3953152081389029
"2025-06-05",2025,2,6,June,Baby & Toddler,129,1963.3299999999995,1073.4899999999998,889.8399999999999,0.45322997152796535
"2025-06-05",2025,2,6,June,Board Games,108,1663.2199999999996,895.7700000000002,767.45,0.4614242252979162
"2025-06-05",2025,2,6,June,Building Blocks,96,1554.29,886.75,667.54,0.429482271648148
"2025-06-05",2025,2,6,June,Card Games,83,1682.3899999999999,850.5399999999998,831.8500000000003,0.4944454020768076
"2025-06-05",2025,2,6,June,Collectibles,5,96.95,47.599999999999994,49.35000000000001,0.5090252707581229
"2025-06-05",2025,2,6,June,Dolls,77,1275.0599999999997,719.19,555.8699999999999,0.43595595501388174
"2025-06-05",2025,2,6,June,Educational,88,1721.0499999999995,925.0799999999997,795.9699999999999,0.46249092123994084
"2025-06-05",2025,2,6,June,Model Kits,64,985.5400000000001,552.52,433.0199999999998,0.43937333847433874
"2025-06-05",2025,2,6,June,Outdoor Play,105,2142.3999999999996,1201.3,941.1000000000001,0.43927371172516816
"2025-06-05",2025,2,6,June,Plush,81,1293.0099999999998,747.0600000000001,545.95,0.4222318466214493
"2025-06-05",2025,2,6,June,Pretend Play,83,1915.9700000000003,1128.16,787.8099999999998,0.4111807596152339
"2025-06-05",2025,2,6,June,Puzzles,105,1675.3899999999999,889.7100000000005,785.6799999999995,0.4689534973946362
"2025-06-05",2025,2,6,June,STEM Kits,78,1528.11,884.54,643.5699999999999,0.4211542362788019
"2025-06-05",2025,2,6,June,Toy Vehicles,148,2678.9600000000005,1567.4100000000008,1111.55,0.41491847582644004
"2025-06-06",2025,2,6,June,Action Figures,151,2540.94,1458.7299999999998,1082.21,0.4259093091533055
"2025-06-06",2025,2,6,June,Arts & Crafts,130,1609.51,950.22,659.29,0.40962156184180276
"2025-06-06",2025,2,6,June,Baby & Toddler,158,2430.559999999999,1382.7299999999993,1047.8299999999995,0.43110641169113284
"2025-06-06",2025,2,6,June,Board Games,77,1265.8999999999996,698.3100000000001,567.59,0.44836874950628025
"2025-06-06",2025,2,6,June,Building Blocks,106,1733.9000000000003,991.6400000000002,742.2600000000003,0.42808697156698783
"2025-06-06",2025,2,6,June,Card Games,77,1705.67,845.9,859.7700000000001,0.5040658509559294
"2025-06-06",2025,2,6,June,Collectibles,2,38.78,19.04,19.740000000000002,0.5090252707581228
"2025-06-06",2025,2,6,June,Dolls,93,1548.25,875.8999999999999,672.35,0.43426449216857743
"2025-06-06",2025,2,6,June,Educational,102,1962.8400000000001,1103.8799999999999,858.9599999999997,0.4376108088280245
"2025-06-06",2025,2,6,June,Model Kits,66,1043.71,574.9100000000001,468.79999999999995,0.4491669141811422
"2025-06-06",2025,2,6,June,Outdoor Play,139,2455.34,1360.3100000000002,1095.0299999999997,0.44597896828952394
"2025-06-06",2025,2,6,June,Plush,79,1298.6799999999998,778.3999999999999,520.28,0.40062217020359137
"2025-06-06",2025,2,6,June,Pretend Play,67,1330.13,827.3699999999999,502.76,0.3779780923669115
"2025-06-06",2025,2,6,June,Puzzles,120,2185.929999999999,1156.1700000000003,1029.76,0.4710855333885351
"2025-06-06",2025,2,6,June,STEM Kits,97,1776.6500000000003,987.4599999999997,789.1899999999999,0.44420116511411917
"2025-06-06",2025,2,6,June,Toy Vehicles,123,2258.51,1257.8600000000006,1000.6499999999996,0.4430575910666765
"2025-06-07",2025,2,6,June,Action Figures,143,3031.8199999999993,1683.13,1348.6899999999998,0.4448450105876999
"2025-06-07",2025,2,6,June,Arts & Crafts,161,1969.9899999999998,1151.9699999999998,818.0200000000002,0.41524068650094687
"2025-06-07",2025,2,6,June,Baby & Toddler,141,2323.3099999999995,1300.519999999999,1022.7899999999995,0.4402296723209558
"2025-06-07",2025,2,6,June,Board Games,112,1961.759999999999,1171.1200000000003,790.6399999999999,0.4030258543348831
"2025-06-07",2025,2,6,June,Building Blocks,107,1489.92,898.41,591.51,0.39700789304123707
"2025-06-07",2025,2,6,June,Card Games,63,1602.1200000000001,817.29,784.8299999999999,0.489869672683694
"2025-06-07",2025,2,6,June,Collectibles,4,77.56,38.08,39.480000000000004,0.5090252707581228
"2025-06-07",2025,2,6,June,Dolls,87,1615.0400000000002,903.5,711.5400000000002,0.4405711313651675
"2025-06-07",2025,2,6,June,Educational,71,1275.12,723.2900000000001,551.8299999999998,0.43276711211493807
"2025-06-07",2025,2,6,June,Model Kits,69,1042.0600000000002,566.3100000000001,475.7499999999999,0.4565476076233612
"2025-06-07",2025,2,6,June,Outdoor Play,100,1782.7599999999998,989.28,793.48,0.4450851488702911
"2025-06-07",2025,2,6,June,Plush,75,1323.5500000000002,780.1900000000002,543.3600000000001,0.41053228060896835
"2025-06-07",2025,2,6,June,Pretend Play,83,1527.91,916.92,610.9899999999999,0.3998861189467965
"2025-06-07",2025,2,6,June,Puzzles,118,1917.8399999999995,1004.0100000000002,913.8299999999997,0.4764891753222375
"2025-06-07",2025,2,6,June,STEM Kits,70,1242.6400000000003,707.2100000000002,535.4300000000001,0.43088102748986024
"2025-06-07",2025,2,6,June,Toy Vehicles,168,2693.2900000000004,1579.2400000000002,1114.0499999999993,0.4136390808267951
"2025-06-08",2025,2,6,June,Action Figures,106,2158.2499999999995,1203.06,955.19,0.4425761612417469
"2025-06-08",2025,2,6,June,Arts & Crafts,191,2558.239999999999,1504.51,1053.7299999999998,0.41189646006629566
"2025-06-08",2025,2,6,June,Baby & Toddler,101,1358.8200000000002,803.0399999999997,555.78,0.40901664679648514
"2025-06-08",2025,2,6,June,Board Games,101,1679.7199999999998,960.1400000000002,719.5800000000002,0.4283928273759914
"2025-06-08",2025,2,6,June,Building Blocks,107,1783.9700000000003,1024.7399999999998,759.2299999999999,0.42558451095029615
"2025-06-08",2025,2,6,June,Card Games,64,1633.5099999999998,833.25,800.2600000000001,0.4899021126286342
"2025-06-08",2025,2,6,June,Collectibles,1,19.39,9.52,9.870000000000001,0.5090252707581228
"2025-06-08",2025,2,6,June,Dolls,124,2063.7799999999997,1141.2,922.5800000000002,0.447034083090252
"2025-06-08",2025,2,6,June,Educational,108,1831.24,1043.66,787.5799999999999,0.4300801642602826
"2025-06-08",2025,2,6,June,Model Kits,57,1040.78,588.1600000000002,452.61999999999995,0.4348853744307154
"2025-06-08",2025,2,6,June,Outdoor Play,151,2563.8399999999997,1379.0100000000002,1184.8300000000004,0.4621310222166752
"2025-06-08",2025,2,6,June,Plush,73,1381.4799999999998,796.0500000000001,585.4300000000003,0.42377015953904534
"2025-06-08",2025,2,6,June,Pretend Play,67,1544.1500000000003,915.1000000000001,629.0500000000001,0.40737622640287535
"2025-06-08",2025,2,6,June,Puzzles,103,2080.32,1150.6999999999998,929.62,0.446863944008614
"2025-06-08",2025,2,6,June,STEM Kits,99,1950.1800000000007,1079.2499999999998,870.9299999999997,0.44658954558040764
"2025-06-08",2025,2,6,June,Toy Vehicles,113,2022.3700000000006,1158.8300000000002,863.54,0.426994071312371
"2025-06-09",2025,2,6,June,Action Figures,114,2309.199999999999,1343.15,966.0499999999998,0.4183483457474451
"2025-06-09",2025,2,6,June,Arts & Crafts,143,1774.44,1052.51,721.9299999999998,0.4068494849079145
"2025-06-09",2025,2,6,June,Baby & Toddler,154,2235.7799999999993,1289.2199999999991,946.5599999999996,0.4233690255749671
"2025-06-09",2025,2,6,June,Board Games,87,1623.4299999999998,898.72,724.7099999999998,0.4464066821482909
"2025-06-09",2025,2,6,June,Building Blocks,76,1392.0999999999997,784.0399999999998,608.0600000000001,0.4367933338122263
"2025-06-09",2025,2,6,June,Card Games,60,1613.28,848.0999999999999,765.18,0.47430080333234154
"2025-06-09",2025,2,6,June,Collectibles,10,193.90000000000003,95.19999999999999,98.7,0.5090252707581226
"2025-06-09",2025,2,6,June,Dolls,138,2369.78,1333.01,1036.7700000000002,0.4374963076741301
"2025-06-09",2025,2,6,June,Educational,105,2000.3200000000002,1105.3899999999999,894.9299999999998,0.44739341705327135
"2025-06-09",2025,2,6,June,Model Kits,56,846.9799999999998,473.05999999999995,373.9199999999999,0.4414744149802829
"2025-06-09",2025,2,6,June,Outdoor Play,119,2504.4900000000002,1377.96,1126.5300000000004,0.4498041517434689
"2025-06-09",2025,2,6,June,Plush,68,1302.7799999999997,731.4000000000001,571.3799999999998,0.4385851793856214
"2025-06-09",2025,2,6,June,Pretend Play,85,1883.8000000000006,1117.7900000000002,766.0099999999998,0.40663021552181733
"2025-06-09",2025,2,6,June,Puzzles,111,1990.6299999999992,1039.6299999999999,950.9999999999999,0.47773820348331947
"2025-06-09",2025,2,6,June,STEM Kits,89,1857.03,1044.6100000000001,812.4200000000003,0.4374835086132159
"2025-06-09",2025,2,6,June,Toy Vehicles,122,2098.95,1222.3800000000003,876.5699999999998,0.41762309726291713
"2025-06-10",2025,2,6,June,Action Figures,131,2921.45,1641.08,1280.3700000000003,0.4382652449982031
"2025-06-10",2025,2,6,June,Arts & Crafts,117,1652.1299999999994,957.76,694.3700000000002,0.420287749753349
"2025-06-10",2025,2,6,June,Baby & Toddler,110,1612.8899999999996,929.58,683.3099999999997,0.42365567397652654
"2025-06-10",2025,2,6,June,Board Games,94,1392.09,762.5100000000001,629.5800000000002,0.45225524211796664
"2025-06-10",2025,2,6,June,Building Blocks,70,1327.9999999999995,730.5499999999998,597.45,0.44988704819277126
"2025-06-10",2025,2,6,June,Card Games,59,1388.28,725.6899999999999,662.59,0.4772740369377936
"2025-06-10",2025,2,6,June,Dolls,101,1780.3999999999999,1013.1699999999998,767.2300000000002,0.430931251404179
"2025-06-10",2025,2,6,June,Educational,114,2041.3299999999997,1155.76,885.5699999999995,0.43382010747894734
"2025-06-10",2025,2,6,June,Model Kits,52,846.28,444.06,402.21999999999997,0.47528004915630756
"2025-06-10",2025,2,6,June,Outdoor Play,97,1996.8999999999999,1133.61,863.29,0.43231508838699984
"2025-06-10",2025,2,6,June,Plush,85,1423.46,821.2000000000004,602.2600000000001,0.4230958369044442
"2025-06-10",2025,2,6,June,Pretend Play,74,1381.4700000000003,857.6800000000001,523.79,0.3791540894843897
"2025-06-10",2025,2,6,June,Puzzles,135,2365.52,1238.3799999999999,1127.1399999999996,0.47648719943183726
"2025-06-10",2025,2,6,June,STEM Kits,87,1760.31,1017.5899999999996,742.7199999999999,0.42192568354437565
"2025-06-10",2025,2,6,June,Toy Vehicles,129,2099.3500000000004,1219.5600000000004,879.7899999999997,0.4190773334603566
"2025-06-11",2025,2,6,June,Action Figures,139,2440.61,1364.4000000000003,1076.2099999999998,0.44095943227307915
"2025-06-11",2025,2,6,June,Arts & Crafts,179,2287.97,1360.3799999999994,927.59,0.40542052561878
"2025-06-11",2025,2,6,June,Baby & Toddler,120,2062.7000000000003,1162.05,900.6499999999995,0.43663644737479973
"2025-06-11",2025,2,6,June,Board Games,86,1811.82,976.7700000000003,835.0500000000001,0.4608901546511243
"2025-06-11",2025,2,6,June,Building Blocks,99,1489.1799999999998,845.6600000000001,643.5200000000002,0.4321304341986867
"2025-06-11",2025,2,6,June,Card Games,68,1400.16,706.92,693.2400000000001,0.49511484401782657
"2025-06-11",2025,2,6,June,Collectibles,2,38.78,19.04,19.740000000000002,0.5090252707581228
"2025-06-11",2025,2,6,June,Dolls,94,1612.1999999999996,867.9,744.3000000000002,0.4616672869371048
"2025-06-11",2025,2,6,June,Educational,132,2304.9100000000003,1309.8600000000004,995.0499999999995,0.43170883027970697
"2025-06-11",2025,2,6,June,Model Kits,73,1221.89,695.8000000000002,526.09,0.43055430521569044
"2025-06-11",2025,2,6,June,Outdoor Play,147,2780.0199999999995,1508.12,1271.9000000000003,0.4575146941388913
"2025-06-11",2025,2,6,June,Plush,69,1235.34,694.3099999999997,541.03,0.4379603995661114
"2025-06-11",2025,2,6,June,Pretend Play,78,1554.02,947.0599999999998,606.9599999999998,0.39057412388514934
"2025-06-11",2025,2,6,June,Puzzles,89,1612.0699999999995,814.6400000000001,797.4300000000001,0.4946621424627965
"2025-06-11",2025,2,6,June,STEM Kits,82,1503.7100000000005,864.93,638.78,0.42480265476720896
"2025-06-11",2025,2,6,June,Toy Vehicles,103,1848.4000000000005,1058.6699999999998,789.7299999999998,0.4272505951092835
"2025-06-12",2025,2,6,June,Action Figures,146,2962.39,1688.8499999999997,1273.5400000000004,0.4299028824698978
"2025-06-12",2025,2,6,June,Arts & Crafts,151,1954.7899999999995,1145.98,808.8100000000003,0.41375799958051784
"2025-06-12",2025,2,6,June,Baby & Toddler,129,1731.5699999999995,963.9299999999998,767.64,0.44332022384310205
"2025-06-12",2025,2,6,June,Board Games,107,1519.4100000000003,863.3000000000001,656.11,0.4318189297161397
"2025-06-12",2025,2,6,June,Building Blocks,142,2212.99,1259.0300000000002,953.96,0.43107289233119
"2025-06-12",2025,2,6,June,Card Games,51,1334.3999999999999,678.3,656.1,0.4916816546762591
"2025-06-12",2025,2,6,June,Dolls,98,1757.7599999999993,960.9100000000001,796.8500000000003,0.4533326506462774
"2025-06-12",2025,2,6,June,Educational,129,2277.96,1268.9699999999998,1008.99,0.4429357846494232
"2025-06-12",2025,2,6,June,Model Kits,71,1108.7600000000002,576.0800000000002,532.68,0.4804285868898588
"2025-06-12",2025,2,6,June,Outdoor Play,93,1643.79,892.72,751.0700000000003,0.45691359601895637
"2025-06-12",2025,2,6,June,Plush,73,1359.49,781.96,577.5299999999999,0.42481371690854647
"2025-06-12",2025,2,6,June,Pretend Play,103,1995.4999999999995,1158.1,837.3999999999997,0.4196441994487597
"2025-06-12",2025,2,6,June,Puzzles,152,3080.630000000001,1631.8200000000008,1448.8099999999997,0.47029666009874577
"2025-06-12",2025,2,6,June,STEM Kits,100,2109.1,1183.1199999999997,925.9800000000001,0.43904034896401317
"2025-06-12",2025,2,6,June,Toy Vehicles,148,2524.9900000000002,1486.3199999999997,1038.6699999999996,0.4113560845785526
"2025-06-13",2025,2,6,June,Action Figures,108,2130.919999999999,1220.8999999999999,910.0200000000001,0.42705498094719674
"2025-06-13",2025,2,6,June,Arts & Crafts,120,1515.57,894.3699999999999,621.1999999999999,0.4098787914777938
"2025-06-13",2025,2,6,June,Baby & Toddler,145,2358.609999999999,1327.1899999999996,1031.42,0.4372999351312851
"2025-06-13",2025,2,6,June,Board Games,97,1698.3999999999999,920.5100000000002,777.8899999999999,0.4580134243994347
"2025-06-13",2025,2,6,June,Building Blocks,98,1558.7400000000002,891.4900000000001,667.2499999999998,0.4280701079076688
"2025-06-13",2025,2,6,June,Card Games,77,1970.5399999999997,1039.8799999999999,930.66,0.4722867843332285
"2025-06-13",2025,2,6,June,Collectibles,10,193.90000000000003,95.2,98.7,0.5090252707581226
"2025-06-13",2025,2,6,June,Dolls,100,1586.2699999999998,892.0600000000001,694.2100000000002,0.437636720104396
"2025-06-13",2025,2,6,June,Educational,114,1899.1899999999998,1044.7399999999998,854.4499999999996,0.4499023267814172
"2025-06-13",2025,2,6,June,Model Kits,65,987.2400000000002,517.9800000000001,469.2599999999999,0.4753251488999633
"2025-06-13",2025,2,6,June,Outdoor Play,138,2441.9899999999993,1350.9400000000003,1091.0500000000002,0.44678725138104597
"2025-06-13",2025,2,6,June,Plush,86,1312.9299999999998,779.66,533.27,0.40616788404560794
"2025-06-13",2025,2,6,June,Pretend Play,146,3076.1800000000007,1872.2599999999995,1203.9200000000005,0.3913685154964925
"2025-06-13",2025,2,6,June,Puzzles,127,2059.08,1106.36,952.72,0.46269207607280927
"2025-06-13",2025,2,6,June,STEM Kits,83,1621.4500000000005,914.6899999999997,706.7599999999999,0.4358814641216193
"2025-06-13",2025,2,6,June,Toy Vehicles,155,2829.56,1615.4400000000005,1214.1199999999994,0.4290843806104127
"2025-06-14",2025,2,6,June,Action Figures,130,2412.759999999999,1402.6399999999999,1010.1200000000003,0.418657471111922
"2025-06-14",2025,2,6,June,Arts & Crafts,150,1895.8499999999988,1140.28,755.5699999999999,0.3985389139436139
"2025-06-14",2025,2,6,June,Baby & Toddler,162,2508.1499999999996,1432.9099999999999,1075.2399999999998,0.4286984430755736
"2025-06-14",2025,2,6,June,Board Games,101,1658.6799999999996,945.5600000000003,713.12,0.42993223527142077
"2025-06-14",2025,2,6,June,Building Blocks,102,1800.9000000000003,986.4200000000001,814.48,0.45226275751013373
"2025-06-14",2025,2,6,June,Card Games,47,1196.6699999999998,614.7599999999999,581.9100000000001,0.4862744114918901
"2025-06-14",2025,2,6,June,Collectibles,10,193.9,95.19999999999999,98.70000000000002,0.5090252707581229
"2025-06-14",2025,2,6,June,Dolls,74,1489.96,795.29,694.6700000000001,0.46623399285886874
"2025-06-14",2025,2,6,June,Educational,100,1848.6799999999998,1039.9599999999998,808.7199999999998,0.4374580781963346
"2025-06-14",2025,2,6,June,Model Kits,60,898.11,464.82,433.28999999999985,0.48244647092226994
"2025-06-14",2025,2,6,June,Outdoor Play,103,1818.5099999999995,1019.3000000000001,799.2100000000002,0.4394861727458196
"2025-06-14",2025,2,6,June,Plush,77,1144.56,663.6,480.96,0.4202138813168379
"2025-06-14",2025,2,6,June,Pretend Play,69,1448.2000000000003,834.39,613.81,0.42384339179671304
"2025-06-14",2025,2,6,June,Puzzles,113,1838.0399999999997,979.02,859.0200000000001,0.46735653195795535
"2025-06-14",2025,2,6,June,STEM Kits,57,1123.32,627.61,495.7099999999999,0.44129010433358257
"2025-06-14",2025,2,6,June,Toy Vehicles,115,2026.56,1189.2400000000002,837.3199999999999,0.41317306174009155
"2025-06-15",2025,2,6,June,Action Figures,179,3681.7,2042.1299999999997,1639.57,0.4453296031724475
"2025-06-15",2025,2,6,June,Arts & Crafts,170,2022.9699999999993,1174.01,848.9600000000002,0.4196602025734442
"2025-06-15",2025,2,6,June,Baby & Toddler,151,2481.699999999999,1393.1899999999998,1088.5099999999993,0.4386146593061207
"2025-06-15",2025,2,6,June,Board Games,86,1388.9299999999996,779.5500000000001,609.3799999999999,0.438740613277847
"2025-06-15",2025,2,6,June,Building Blocks,60,975.36,554.29,421.07000000000005,0.4317072670603675
"2025-06-15",2025,2,6,June,Card Games,69,1610.8,838.9299999999998,771.8700000000002,0.47918425627017647
"2025-06-15",2025,2,6,June,Collectibles,3,58.17,28.56,29.610000000000003,0.5090252707581228
"2025-06-15",2025,2,6,June,Dolls,76,1454.81,790.0000000000001,664.81,0.45697376289687314
"2025-06-15",2025,2,6,June,Educational,81,1405.54,826.03,579.51,0.41230416779316137
"2025-06-15",2025,2,6,June,Model Kits,79,1221.56,666.6999999999999,554.8599999999999,0.4542224696289989
"2025-06-15",2025,2,6,June,Outdoor Play,142,2678.5699999999997,1488.9,1189.67,0.4441437035433086
"2025-06-15",2025,2,6,June,Plush,104,1593.53,927.2199999999999,666.3100000000002,0.4181345817148094
"2025-06-15",2025,2,6,June,Pretend Play,80,1596.4100000000005,947.0699999999999,649.3399999999999,0.4067501456392779
"2025-06-15",2025,2,6,June,Puzzles,144,2724.8499999999995,1423.9599999999998,1300.8899999999992,0.4774171055287445
"2025-06-15",2025,2,6,June,STEM Kits,110,2348.2599999999993,1320.73,1027.5299999999995,0.437570797100832
"2025-06-15",2025,2,6,June,Toy Vehicles,145,2383.09,1394.5400000000004,988.5499999999997,0.4148185758825725
"2025-06-16",2025,2,6,June,Action Figures,149,2742.4199999999987,1555.06,1187.3600000000001,0.4329606697734121
"2025-06-16",2025,2,6,June,Arts & Crafts,148,1820.85,1069.3000000000002,751.5500000000001,0.4127467940796881
"2025-06-16",2025,2,6,June,Baby & Toddler,140,2360.8799999999997,1312.92,1047.9599999999998,0.4438853308935651
"2025-06-16",2025,2,6,June,Board Games,66,1246.6799999999994,694.8900000000001,551.79,0.44260756569448473
"2025-06-16",2025,2,6,June,Building Blocks,93,1294.6499999999999,750.6,544.05,0.42022940563086547
"2025-06-16",2025,2,6,June,Card Games,83,1675.6899999999996,848.99,826.6999999999999,0.4933490084681535
"2025-06-16",2025,2,6,June,Collectibles,4,77.56,38.08,39.480000000000004,0.5090252707581228
"2025-06-16",2025,2,6,June,Dolls,81,1450.82,782.2299999999999,668.5899999999999,0.4608359410540246
"2025-06-16",2025,2,6,June,Educational,95,2024.0099999999998,1100.11,923.9000000000001,0.45647007672887
"2025-06-16",2025,2,6,June,Model Kits,56,875.94,467.05000000000007,408.8899999999999,0.46680137908989183
"2025-06-16",2025,2,6,June,Outdoor Play,127,1929.3199999999995,1055.82,873.5000000000005,0.45275019177741416
"2025-06-16",2025,2,6,June,Plush,60,995.6600000000001,581.1199999999999,414.53999999999996,0.4163469457445312
"2025-06-16",2025,2,6,June,Pretend Play,105,2191.47,1356.5200000000002,834.9499999999998,0.38099996805797015
"2025-06-16",2025,2,6,June,Puzzles,131,2221.98,1184.4300000000003,1037.5499999999997,0.4669483973753138
"2025-06-16",2025,2,6,June,STEM Kits,81,1467.79,837.5799999999999,630.2099999999999,0.429359785800421
"2025-06-16",2025,2,6,June,Toy Vehicles,134,2260.340000000001,1265.22,995.1199999999995,0.4402523514161582
"2025-06-17",2025,2,6,June,Action Figures,197,4043.7899999999977,2269.159999999999,1774.6299999999999,0.43885315508471034
"2025-06-17",2025,2,6,June,Arts & Crafts,138,1693.8400000000001,1003.9499999999999,689.89,0.4072934869881452
"2025-06-17",2025,2,6,June,Baby & Toddler,136,2086.91,1190.0399999999997,896.8699999999998,0.4297597883952829
"2025-06-17",2025,2,6,June,Board Games,96,1852.81,1045.8000000000002,807.0100000000001,0.43556004123466524
"2025-06-17",2025,2,6,June,Building Blocks,115,1812.0999999999997,1052.99,759.1100000000002,0.4189117598366538
"2025-06-17",2025,2,6,June,Card Games,87,2207.8000000000006,1132.31,1075.49,0.48713198659298834
"2025-06-17",2025,2,6,June,Collectibles,12,232.68,114.23999999999998,118.44000000000003,0.5090252707581229
"2025-06-17",2025,2,6,June,Dolls,86,1412.7299999999998,803.0100000000002,609.72,0.43158990040559775
"2025-06-17",2025,2,6,June,Educational,98,1729.4200000000003,958.4699999999999,770.9499999999999,0.4457852921788807
"2025-06-17",2025,2,6,June,Model Kits,50,821.94,450.38000000000005,371.55999999999995,0.4520524612502128
"2025-06-17",2025,2,6,June,Outdoor Play,120,1933.6299999999997,1077.73,855.9000000000002,0.4426389743642788
"2025-06-17",2025,2,6,June,Plush,70,1001.2400000000001,570.99,430.2499999999999,0.4297171507330908
"2025-06-17",2025,2,6,June,Pretend Play,88,1704.7300000000002,1054.9399999999998,649.79,0.3811688654508338
"2025-06-17",2025,2,6,June,Puzzles,121,2136.64,1101.8400000000001,1034.7999999999997,0.4843118166841395
"2025-06-17",2025,2,6,June,STEM Kits,64,1399.24,765.54,633.6999999999999,0.4528887110145507
"2025-06-17",2025,2,6,June,Toy Vehicles,146,2517.0000000000005,1513.99,1003.0099999999998,0.3984942391736192
"2025-06-18",2025,2,6,June,Action Figures,143,2989.8599999999983,1700.46,1289.3999999999996,0.4312576508599066
"2025-06-18",2025,2,6,June,Arts & Crafts,157,1890.5999999999995,1140.5299999999997,750.07,0.39673648577171283
"2025-06-18",2025,2,6,June,Baby & Toddler,162,2243.639999999999,1290.3199999999997,953.3199999999997,0.42489882512346017
"2025-06-18",2025,2,6,June,Board Games,104,1371.1999999999996,809.58,561.6199999999998,0.40958284714119014
"2025-06-18",2025,2,6,June,Building Blocks,77,1295.1399999999999,723.1999999999998,571.9400000000002,0.4416047685964453
"2025-06-18",2025,2,6,June,Card Games,56,1266.41,654.0,612.4100000000002,0.4835795674386653
"2025-06-18",2025,2,6,June,Collectibles,7,135.73000000000002,66.64,69.09,0.5090252707581226
"2025-06-18",2025,2,6,June,Dolls,72,1278.05,725.4200000000001,552.63,0.43240092328156177
"2025-06-18",2025,2,6,June,Educational,117,2156.0799999999995,1239.6099999999997,916.47,0.4250630774368299
"2025-06-18",2025,2,6,June,Model Kits,61,783.66,400.79000000000013,382.86999999999995,0.48856647015287236
"2025-06-18",2025,2,6,June,Outdoor Play,101,1841.62,1024.26,817.3600000000002,0.4438266309010547
"2025-06-18",2025,2,6,June,Plush,63,1129.68,679.25,450.42999999999995,0.39872353232773877
"2025-06-18",2025,2,6,June,Pretend Play,86,2042.5300000000004,1229.41,813.1200000000001,0.3980945200315295
"2025-06-18",2025,2,6,June,Puzzles,123,2340.56,1249.6100000000001,1090.9499999999996,0.4661064018867278
"2025-06-18",2025,2,6,June,STEM Kits,83,1571.3100000000004,905.3099999999997,666.0,0.4238501632395898
"2025-06-18",2025,2,6,June,Toy Vehicles,120,1988.7900000000009,1150.26,838.5299999999997,0.4216282262078949
"2025-06-19",2025,2,6,June,Action Figures,122,2423.0199999999995,1375.7100000000003,1047.3099999999997,0.43223332865597475
"2025-06-19",2025,2,6,June,Arts & Crafts,136,1653.0099999999995,1014.9000000000002,638.11,0.3860291226308372
"2025-06-19",2025,2,6,June,Baby & Toddler,132,2036.8300000000002,1127.0099999999995,909.8199999999997,0.4466843084597142
"2025-06-19",2025,2,6,June,Board Games,83,1526.6099999999994,826.6400000000001,699.97,0.45851265221634885
"2025-06-19",2025,2,6,June,Building Blocks,87,1230.4399999999996,727.7199999999999,502.71999999999997,0.4085692922856865
"2025-06-19",2025,2,6,June,Card Games,59,1605.4699999999998,844.1899999999998,761.2800000000003,0.47417890088260783
"2025-06-19",2025,2,6,June,Collectibles,8,155.12,76.15999999999998,78.96000000000001,0.5090252707581228
"2025-06-19",2025,2,6,June,Dolls,106,1980.6499999999999,1114.77,865.8800000000001,0.43716961603514004
"2025-06-19",2025,2,6,June,Educational,127,2125.5299999999997,1225.9599999999998,899.5699999999997,0.4232215024017538
"2025-06-19",2025,2,6,June,Model Kits,39,678.09,402.52000000000004,275.56999999999994,0.4063914819566723
"2025-06-19",2025,2,6,June,Outdoor Play,116,2122.6699999999996,1195.9599999999996,926.7100000000003,0.436577517937315
"2025-06-19",2025,2,6,June,Plush,72,1212.33,749.4400000000003,462.89,0.3818184817665157
"2025-06-19",2025,2,6,June,Pretend Play,73,1470.39,823.4800000000001,646.9099999999999,0.43995810635273624
"2025-06-19",2025,2,6,June,Puzzles,128,2081.6200000000003,1133.06,948.5599999999997,0.45568355415493683
"2025-06-19",2025,2,6,June,STEM Kits,86,1658.03,936.5099999999998,721.5199999999998,0.43516703557836695
"2025-06-19",2025,2,6,June,Toy Vehicles,111,1809.8500000000008,1101.23,708.6199999999999,0.3915352101002843
"2025-06-20",2025,2,6,June,Action Figures,155,3253.349999999997,1841.7099999999998,1411.6399999999999,0.4339035148385514
"2025-06-20",2025,2,6,June,Arts & Crafts,151,1873.8500000000001,1148.0700000000002,725.7799999999997,0.3873202230701495
"2025-06-20",2025,2,6,June,Baby & Toddler,123,1814.8799999999997,980.6999999999996,834.18,0.4596336947897382
"2025-06-20",2025,2,6,June,Board Games,90,1590.4899999999996,885.6600000000004,704.83,0.4431527390929841
"2025-06-20",2025,2,6,June,Building Blocks,108,1575.5700000000004,924.0899999999999,651.48,0.41348845179839666
"2025-06-20",2025,2,6,June,Card Games,73,1527.1999999999998,781.58,745.6199999999999,0.4882268203247774
"2025-06-20",2025,2,6,June,Collectibles,7,135.73000000000002,66.63999999999999,69.09000000000002,0.5090252707581228
"2025-06-20",2025,2,6,June,Dolls,101,1784.5299999999993,974.5200000000002,810.0100000000001,0.45390663087759825
"2025-06-20",2025,2,6,June,Educational,99,1736.3000000000002,983.5999999999998,752.6999999999997,0.43350803432586515
"2025-06-20",2025,2,6,June,Model Kits,30,500.44000000000005,259.00000000000006,241.44,0.48245543921349204
"2025-06-20",2025,2,6,June,Outdoor Play,150,2895.9500000000003,1568.6,1327.3500000000001,0.45834700184740756
"2025-06-20",2025,2,6,June,Plush,78,1228.5600000000004,690.08,538.48,0.4383017516442012
"2025-06-20",2025,2,6,June,Pretend Play,76,1451.4199999999998,863.6600000000001,587.7599999999999,0.4049551473729175
"2025-06-20",2025,2,6,June,Puzzles,109,1781.32,885.3000000000002,896.02,0.5030090045584173
"2025-06-20",2025,2,6,June,STEM Kits,104,2344.169999999999,1313.7099999999991,1030.46,0.43958415985188803
"2025-06-20",2025,2,6,June,Toy Vehicles,124,1968.2300000000005,1151.4899999999998,816.7399999999999,0.41496166606544954
"2025-06-21",2025,2,6,June,Action Figures,174,3573.8099999999995,1965.1400000000008,1608.67,0.4501274550129974
"2025-06-21",2025,2,6,June,Arts & Crafts,154,1947.9199999999996,1168.0299999999997,779.8899999999996,0.4003706517721466
"2025-06-21",2025,2,6,June,Baby & Toddler,137,2518.3099999999995,1377.0600000000002,1141.2499999999995,0.45318090306594494
"2025-06-21",2025,2,6,June,Board Games,94,1608.21,898.6600000000002,709.5499999999998,0.4412048177787726
"2025-06-21",2025,2,6,June,Building Blocks,88,1365.15,782.81,582.3399999999999,0.4265758341574185
"2025-06-21",2025,2,6,June,Card Games,78,1785.9600000000005,922.8499999999999,863.1099999999999,0.4832751013460546
"2025-06-21",2025,2,6,June,Collectibles,5,96.95,47.599999999999994,49.35000000000001,0.5090252707581229
"2025-06-21",2025,2,6,June,Dolls,90,1686.8399999999995,933.03,753.8100000000001,0.44687700078252846
"2025-06-21",2025,2,6,June,Educational,94,1560.7999999999997,922.0400000000001,638.7599999999999,0.4092516658124039
"2025-06-21",2025,2,6,June,Model Kits,83,1393.7099999999998,814.3100000000002,579.3999999999999,0.41572493560353296
"2025-06-21",2025,2,6,June,Outdoor Play,101,1724.66,959.44,765.22,0.4436932496839957
"2025-06-21",2025,2,6,June,Plush,74,1185.15,707.9500000000002,477.20000000000005,0.4026494536556554
"2025-06-21",2025,2,6,June,Pretend Play,74,1453.21,896.6699999999998,556.54,0.3829728669634808
"2025-06-21",2025,2,6,June,Puzzles,122,2209.4900000000002,1177.9500000000003,1031.5399999999997,0.4668679197461856
"2025-06-21",2025,2,6,June,STEM Kits,102,2075.4,1189.8599999999997,885.5399999999998,0.4266840127204393
"2025-06-21",2025,2,6,June,Toy Vehicles,115,1834.95,1067.49,767.46,0.4182457287664514
"2025-06-22",2025,2,6,June,Action Figures,127,2320.839999999999,1307.6300000000003,1013.21,0.4365703796901124
"2025-06-22",2025,2,6,June,Arts & Crafts,135,1879.8600000000001,1117.08,762.7799999999999,0.40576425904056673
"2025-06-22",2025,2,6,June,Baby & Toddler,138,2134.3399999999997,1184.31,950.0299999999996,0.44511652314064293
"2025-06-22",2025,2,6,June,Board Games,109,2012.2899999999997,1152.2200000000003,860.0700000000002,0.4274085743108599
"2025-06-22",2025,2,6,June,Building Blocks,89,1135.43,662.84,472.5900000000001,0.41622116731106285
"2025-06-22",2025,2,6,June,Card Games,60,1248.9199999999998,648.7999999999998,600.1200000000001,0.48051116164366026
"2025-06-22",2025,2,6,June,Collectibles,4,77.56,38.08,39.480000000000004,0.5090252707581228
"2025-06-22",2025,2,6,June,Dolls,124,2292.649999999999,1230.4800000000005,1062.1699999999998,0.4632935685778467
"2025-06-22",2025,2,6,June,Educational,88,1588.0,896.23,691.7699999999999,0.43562342569269513
"2025-06-22",2025,2,6,June,Model Kits,46,719.9100000000001,378.70000000000005,341.21000000000004,0.4739620230306566
"2025-06-22",2025,2,6,June,Outdoor Play,91,1638.5599999999997,897.7399999999999,740.8200000000003,0.4521164925300266
"2025-06-22",2025,2,6,June,Plush,71,1043.67,653.8100000000002,389.86,0.3735471940364291
"2025-06-22",2025,2,6,June,Pretend Play,52,874.2199999999998,537.47,336.74999999999994,0.3852005216078333
"2025-06-22",2025,2,6,June,Puzzles,99,1891.57,998.8100000000001,892.7599999999998,0.4719677305095766
"2025-06-22",2025,2,6,June,STEM Kits,103,2035.0300000000002,1114.9099999999994,920.1199999999999,0.4521407546817491
"2025-06-22",2025,2,6,June,Toy Vehicles,152,2486.95,1511.1799999999998,975.77,0.39235609883592354
"2025-06-23",2025,2,6,June,Action Figures,174,3735.849999999999,2090.26,1645.5900000000004,0.44048610088734846
"2025-06-23",2025,2,6,June,Arts & Crafts,145,1806.95,1097.7700000000002,709.1800000000001,0.392473505077617
"2025-06-23",2025,2,6,June,Baby & Toddler,155,2296.52,1330.7400000000002,965.7799999999994,0.42054064410499337
"2025-06-23",2025,2,6,June,Board Games,105,1738.5500000000004,920.0200000000002,818.5300000000001,0.47081188346610675
"2025-06-23",2025,2,6,June,Building Blocks,88,1437.5100000000002,814.99,622.52,0.43305437875214775
"2025-06-23",2025,2,6,June,Card Games,58,1415.14,715.7499999999999,699.3899999999999,0.49421965317919064
"2025-06-23",2025,2,6,June,Collectibles,20,387.8,190.39999999999998,197.40000000000003,0.5090252707581229
"2025-06-23",2025,2,6,June,Dolls,126,2465.5400000000004,1341.4299999999998,1124.1100000000004,0.45592851870178547
"2025-06-23",2025,2,6,June,Educational,93,1750.97,981.4999999999999,769.4699999999999,0.439453560026728
"2025-06-23",2025,2,6,June,Model Kits,65,992.5099999999999,496.69,495.81999999999977,0.4995617172622944
"2025-06-23",2025,2,6,June,Outdoor Play,104,1681.8200000000002,912.7600000000001,769.0600000000004,0.4572784245638655
"2025-06-23",2025,2,6,June,Plush,69,952.9400000000002,568.35,384.59000000000003,0.4035825970155518
"2025-06-23",2025,2,6,June,Pretend Play,88,1584.93,951.19,633.74,0.3998536212955777
"2025-06-23",2025,2,6,June,Puzzles,154,2351.359999999999,1214.7199999999998,1136.6399999999999,0.4833968426782799
"2025-06-23",2025,2,6,June,STEM Kits,107,2378.3499999999995,1341.35,1036.9999999999998,0.4360165661067547
"2025-06-23",2025,2,6,June,Toy Vehicles,151,2622.310000000001,1516.2400000000007,1106.0699999999997,0.42179223661580795
"2025-06-24",2025,2,6,June,Action Figures,141,2249.8099999999986,1282.27,967.5399999999997,0.430054093456781
"2025-06-24",2025,2,6,June,Arts & Crafts,167,2090.4799999999996,1267.75,822.7300000000001,0.39356033064176665
"2025-06-24",2025,2,6,June,Baby & Toddler,183,2772.479999999999,1540.0399999999997,1232.4400000000003,0.44452620036934465
"2025-06-24",2025,2,6,June,Board Games,81,1532.0299999999997,808.25,723.7800000000002,0.4724320019842956
"2025-06-24",2025,2,6,June,Building Blocks,120,1732.9099999999996,1009.22,723.6899999999999,0.4176154560825433
"2025-06-24",2025,2,6,June,Card Games,73,1573.8600000000006,819.0500000000002,754.8099999999998,0.479591577395702
"2025-06-24",2025,2,6,June,Collectibles,16,310.24,152.32000000000002,157.92000000000002,0.5090252707581228
"2025-06-24",2025,2,6,June,Dolls,109,2008.72,1109.5499999999995,899.17,0.4476333187303357
"2025-06-24",2025,2,6,June,Educational,107,2016.7199999999996,1158.0800000000002,858.6399999999999,0.4257606410408981
"2025-06-24",2025,2,6,June,Model Kits,46,834.8700000000001,494.1500000000001,340.72,0.4081114425000299
"2025-06-24",2025,2,6,June,Outdoor Play,125,2579.009999999999,1438.6900000000003,1140.3200000000004,0.44215415992958573
"2025-06-24",2025,2,6,June,Plush,70,1305.2399999999996,736.9200000000001,568.3200000000002,0.4354141767031353
"2025-06-24",2025,2,6,June,Pretend Play,60,1372.06,821.2899999999998,550.7699999999999,0.40141830532192463
"2025-06-24",2025,2,6,June,Puzzles,108,1908.3199999999997,1004.85,903.47,0.47343736899471794
"2025-06-24",2025,2,6,June,STEM Kits,112,2406.7999999999997,1341.47,1065.3299999999997,0.44263337211234827
"2025-06-24",2025,2,6,June,Toy Vehicles,141,2211.810000000001,1353.57,858.2399999999999,0.38802609627409207
"2025-06-25",2025,2,6,June,Action Figures,170,3118.319999999998,1727.5700000000002,1390.7500000000002,0.4459933553964959
"2025-06-25",2025,2,6,June,Arts & Crafts,132,1637.2099999999998,955.3199999999997,681.89,0.4164951350162777
"2025-06-25",2025,2,6,June,Baby & Toddler,127,1941.5199999999998,1121.0299999999997,820.4899999999996,0.4226018789402116
"2025-06-25",2025,2,6,June,Board Games,106,1476.5699999999997,905.3699999999999,571.1999999999997,0.3868424795302626
"2025-06-25",2025,2,6,June,Building Blocks,105,1612.5900000000001,914.73,697.86,0.4327572414562908
"2025-06-25",2025,2,6,June,Card Games,63,1492.6400000000006,784.1899999999999,708.45,0.474628845535427
"2025-06-25",2025,2,6,June,Collectibles,14,271.46000000000004,133.27999999999997,138.18000000000004,0.5090252707581228
"2025-06-25",2025,2,6,June,Dolls,109,1901.3300000000002,1035.66,865.67,0.4552970815166225
"2025-06-25",2025,2,6,June,Educational,82,1474.6400000000003,844.1,630.5399999999998,0.4275891064937881
"2025-06-25",2025,2,6,June,Model Kits,57,868.45,456.2100000000001,412.2399999999999,0.4746847832344981
"2025-06-25",2025,2,6,June,Outdoor Play,114,2194.2599999999998,1233.95,960.3100000000004,0.4376464047104721
"2025-06-25",2025,2,6,June,Plush,86,1289.34,774.16,515.18,0.3995687716195883
"2025-06-25",2025,2,6,June,Pretend Play,105,1925.3000000000006,1129.59,795.7099999999999,0.41329143510102306
"2025-06-25",2025,2,6,June,Puzzles,117,2256.17,1198.6299999999999,1057.5399999999995,0.46873240934858607
"2025-06-25",2025,2,6,June,STEM Kits,108,2190.53,1237.15,953.3800000000001,0.43522800418163643
"2025-06-25",2025,2,6,June,Toy Vehicles,132,2012.1900000000007,1176.8100000000004,835.3799999999998,0.41515960222444176
"2025-06-26",2025,2,6,June,Action Figures,137,3444.7799999999984,1899.17,1545.6099999999994,0.4486817735820575
"2025-06-26",2025,2,6,June,Arts & Crafts,186,2350.7299999999996,1422.1899999999998,928.5399999999997,0.3950007019096195
"2025-06-26",2025,2,6,June,Baby & Toddler,90,1398.1899999999998,813.3200000000002,584.8699999999998,0.4183050944435305
"2025-06-26",2025,2,6,June,Board Games,83,1598.1499999999996,890.24,707.91,0.44295591777993315
"2025-06-26",2025,2,6,June,Building Blocks,105,1558.6199999999997,937.1400000000001,621.4800000000002,0.3987373445740465
"2025-06-26",2025,2,6,June,Card Games,73,1729.4399999999998,884.4100000000001,845.0300000000003,0.48861481173096516
"2025-06-26",2025,2,6,June,Collectibles,2,38.78,19.04,19.740000000000002,0.5090252707581228
"2025-06-26",2025,2,6,June,Dolls,106,1982.4199999999996,1088.41,894.0099999999999,0.4509690176652778
"2025-06-26",2025,2,6,June,Educational,118,2079.55,1171.1099999999997,908.4399999999999,0.43684450962948707
"2025-06-26",2025,2,6,June,Model Kits,65,1041.0600000000002,545.9600000000003,495.0999999999999,0.47557297369988266
"2025-06-26",2025,2,6,June,Outdoor Play,90,1546.5300000000002,842.8499999999999,703.6800000000001,0.45500572248840954
"2025-06-26",2025,2,6,June,Plush,84,1316.68,787.7700000000002,528.91,0.4016997296229911
"2025-06-26",2025,2,6,June,Pretend Play,95,1781.6499999999999,1075.6600000000003,705.99,0.39625627929166785
"2025-06-26",2025,2,6,June,Puzzles,80,1543.8,816.5699999999999,727.2299999999998,0.47106490478041185
"2025-06-26",2025,2,6,June,STEM Kits,99,1995.5600000000009,1140.25,855.3100000000001,0.4286065064443062
"2025-06-26",2025,2,6,June,Toy Vehicles,140,2394.9299999999994,1414.8,980.1299999999998,0.4092520449449462
"2025-06-27",2025,2,6,June,Action Figures,149,2622.2199999999993,1495.2799999999995,1126.94,0.4297656184454395
"2025-06-27",2025,2,6,June,Arts & Crafts,145,1923.1699999999996,1144.44,778.7299999999998,0.40492000187190935
"2025-06-27",2025,2,6,June,Baby & Toddler,102,1349.84,746.24,603.5999999999999,0.447164108338766
"2025-06-27",2025,2,6,June,Board Games,79,1235.3699999999997,706.5300000000002,528.84,0.42808227494596773
"2025-06-27",2025,2,6,June,Building Blocks,75,1280.15,711.9899999999999,568.1600000000002,0.44382298949341886
"2025-06-27",2025,2,6,June,Card Games,54,1097.3600000000001,579.55,517.8100000000002,0.47186884887366054
"2025-06-27",2025,2,6,June,Collectibles,11,213.29000000000002,104.71999999999998,108.57000000000001,0.5090252707581228
"2025-06-27",2025,2,6,June,Dolls,113,2138.94,1181.4500000000003,957.4899999999999,0.44764696531927023
"2025-06-27",2025,2,6,June,Educational,90,1620.82,925.9899999999999,694.8299999999999,0.4286904159622907
"2025-06-27",2025,2,6,June,Model Kits,50,701.0,381.1500000000001,319.84999999999997,0.4562767475035663
"2025-06-27",2025,2,6,June,Outdoor Play,105,1805.1100000000001,980.9299999999997,824.1800000000002,0.45658159336550136
"2025-06-27",2025,2,6,June,Plush,58,1126.3,695.16,431.1400000000001,0.3827932167273374
"2025-06-27",2025,2,6,June,Pretend Play,74,1345.3000000000004,829.7799999999999,515.52,0.38320077306177047
"2025-06-27",2025,2,6,June,Puzzles,108,1925.5099999999998,998.0699999999999,927.4399999999999,0.48165940452139955
"2025-06-27",2025,2,6,June,STEM Kits,79,1429.8400000000001,807.4199999999996,622.4200000000001,0.43530744698707546
"2025-06-27",2025,2,6,June,Toy Vehicles,133,1981.0000000000005,1171.2599999999998,809.7399999999998,0.408753154972236
"2025-06-28",2025,2,6,June,Action Figures,130,2771.529999999999,1580.4499999999996,1191.0800000000004,0.4297554058588581
"2025-06-28",2025,2,6,June,Arts & Crafts,125,1534.8700000000001,898.29,636.5800000000002,0.41474522272244563
"2025-06-28",2025,2,6,June,Baby & Toddler,127,2007.2499999999998,1127.4000000000003,879.85,0.43833603188441905
"2025-06-28",2025,2,6,June,Board Games,99,1933.2400000000002,1056.97,876.27,0.4532649852061823
"2025-06-28",2025,2,6,June,Building Blocks,76,1407.56,798.3600000000001,609.1999999999999,0.4328057063286822
"2025-06-28",2025,2,6,June,Card Games,64,1398.4299999999998,713.3699999999999,685.0600000000002,0.4898779345408782
"2025-06-28",2025,2,6,June,Collectibles,12,232.68,114.24,118.44000000000001,0.5090252707581228
"2025-06-28",2025,2,6,June,Dolls,83,1581.3299999999997,830.6,750.7300000000002,0.4747459417072973
"2025-06-28",2025,2,6,June,Educational,88,1483.26,824.87,658.3900000000001,0.4438803716138776
"2025-06-28",2025,2,6,June,Model Kits,87,1410.1699999999998,806.0899999999999,604.0799999999998,0.42837388399980136
"2025-06-28",2025,2,6,June,Outdoor Play,95,1659.29,903.0200000000001,756.2700000000003,0.4557792790892492
"2025-06-28",2025,2,6,June,Plush,95,1469.68,872.6699999999998,597.01,0.4062176800391922
"2025-06-28",2025,2,6,June,Pretend Play,74,1359.25,820.4,538.8499999999999,0.39643185580283236
"2025-06-28",2025,2,6,June,Puzzles,126,2295.690000000001,1200.7500000000005,1094.94,0.47695464108830005
"2025-06-28",2025,2,6,June,STEM Kits,92,1746.0900000000001,994.4500000000002,751.64,0.43047036521599685
"2025-06-28",2025,2,6,June,Toy Vehicles,147,2430.1100000000015,1376.1300000000006,1053.9799999999996,0.43371699223491894
"2025-06-29",2025,2,6,June,Action Figures,135,2700.62,1548.1199999999997,1152.5000000000005,0.4267538565218359
"2025-06-29",2025,2,6,June,Arts & Crafts,140,1705.3699999999994,1051.0500000000002,654.3199999999999,0.383682133495957
"2025-06-29",2025,2,6,June,Baby & Toddler,146,1944.6699999999996,1117.2900000000002,827.3799999999997,0.42546036088385164
"2025-06-29",2025,2,6,June,Board Games,91,1721.75,970.11,751.64,0.43655582982430663
"2025-06-29",2025,2,6,June,Building Blocks,112,1584.3200000000002,919.5800000000003,664.7399999999998,0.4195743284185011
"2025-06-29",2025,2,6,June,Card Games,47,1049.2899999999997,533.0399999999998,516.2500000000001,0.49199935194274247
"2025-06-29",2025,2,6,June,Collectibles,4,77.56,38.08,39.480000000000004,0.5090252707581228
"2025-06-29",2025,2,6,June,Dolls,103,2040.3599999999994,1081.0700000000002,959.2900000000001,0.47015722715599223
"2025-06-29",2025,2,6,June,Educational,115,1948.72,1134.84,813.8799999999999,0.41764850773841283
"2025-06-29",2025,2,6,June,Model Kits,65,988.5600000000001,525.7499999999999,462.8099999999999,0.4681658169458605
"2025-06-29",2025,2,6,June,Outdoor Play,130,2430.08,1332.76,1097.32,0.45155715038188043
"2025-06-29",2025,2,6,June,Plush,80,1174.7199999999998,702.7400000000001,471.9799999999999,0.4017808499046581
"2025-06-29",2025,2,6,June,Pretend Play,82,1444.2199999999998,902.4699999999999,541.7499999999999,0.37511597955990084
"2025-06-29",2025,2,6,June,Puzzles,143,2954.2499999999995,1599.8299999999997,1354.4199999999998,0.4584649234154185
"2025-06-29",2025,2,6,June,STEM Kits,98,2034.0000000000007,1151.62,882.3799999999998,0.43381514257620424
"2025-06-29",2025,2,6,June,Toy Vehicles,156,2584.79,1476.8400000000001,1107.95,0.4286421720913498
"2025-06-30",2025,2,6,June,Action Figures,147,2589.859999999999,1479.0100000000002,1110.8499999999997,0.4289227989157715
"2025-06-30",2025,2,6,June,Arts & Crafts,159,1953.9999999999993,1197.8700000000003,756.1300000000001,0.3869651995905836
"2025-06-30",2025,2,6,June,Baby & Toddler,113,1613.5200000000002,907.8899999999994,705.63,0.437323367544251
"2025-06-30",2025,2,6,June,Board Games,92,1688.1099999999997,951.9100000000003,736.2,0.4361090213315484
"2025-06-30",2025,2,6,June,Building Blocks,86,1159.64,676.9099999999997,482.73000000000013,0.4162757407471285
"2025-06-30",2025,2,6,June,Card Games,69,1713.84,874.2299999999999,839.61,0.4898998739672315
"2025-06-30",2025,2,6,June,Collectibles,7,135.73000000000002,66.63999999999999,69.09,0.5090252707581226
"2025-06-30",2025,2,6,June,Dolls,87,1397.0999999999995,806.9000000000002,590.2,0.42244649631379305
"2025-06-30",2025,2,6,June,Educational,105,1940.2399999999993,1045.35,894.8899999999999,0.46122644621283976
"2025-06-30",2025,2,6,June,Model Kits,57,794.8400000000001,413.28,381.5599999999999,0.48004629862613835
"2025-06-30",2025,2,6,June,Outdoor Play,123,1875.7699999999998,1028.45,847.3200000000003,0.451718494271686
"2025-06-30",2025,2,6,June,Plush,68,843.9099999999999,505.38,338.5299999999999,0.4011446718251946
"2025-06-30",2025,2,6,June,Pretend Play,69,1128.1000000000001,705.7900000000001,422.30999999999995,0.3743551103625564
"2025-06-30",2025,2,6,June,Puzzles,124,2457.2599999999993,1283.87,1173.3899999999999,0.47751967638752113
"2025-06-30",2025,2,6,June,STEM Kits,93,1673.3099999999997,964.2500000000001,709.0600000000001,0.42374694467851154
"2025-06-30",2025,2,6,June,Toy Vehicles,137,2101.36,1219.97,881.3899999999999,0.41943788784406283
"2025-07-01",2025,3,7,July,Action Figures,153,3340.709999999998,1874.2000000000005,1466.5100000000002,0.43898153386555583
"2025-07-01",2025,3,7,July,Arts & Crafts,154,2015.6399999999999,1231.1199999999997,784.5199999999999,0.38921632831259545
"2025-07-01",2025,3,7,July,Baby & Toddler,124,2030.17,1123.2399999999996,906.9299999999998,0.4467261362348965
"2025-07-01",2025,3,7,July,Board Games,100,1772.24,960.84,811.4000000000001,0.457838667449104
"2025-07-01",2025,3,7,July,Building Blocks,129,2070.6400000000003,1188.2199999999998,882.4200000000001,0.4261580960475988
"2025-07-01",2025,3,7,July,Card Games,47,1193.7400000000002,629.3999999999999,564.34,0.4727495099435387
"2025-07-01",2025,3,7,July,Collectibles,6,116.34,57.11999999999999,59.22000000000001,0.5090252707581229
"2025-07-01",2025,3,7,July,Dolls,83,1387.1499999999999,779.58,607.5699999999999,0.43799877446563096
"2025-07-01",2025,3,7,July,Educational,73,1338.6699999999998,801.3899999999999,537.2799999999999,0.40135358228689666
"2025-07-01",2025,3,7,July,Model Kits,56,1107.11,620.7600000000001,486.3499999999998,0.43929690816630673
"2025-07-01",2025,3,7,July,Outdoor Play,105,1846.5999999999995,1023.8299999999999,822.7700000000003,0.4455594064767684
"2025-07-01",2025,3,7,July,Plush,74,1179.3500000000001,698.7,480.65,0.4075550091151905
"2025-07-01",2025,3,7,July,Pretend Play,86,1677.63,976.4500000000002,701.18,0.4179586678826678
"2025-07-01",2025,3,7,July,Puzzles,119,2029.3699999999997,1062.9600000000005,966.4100000000003,0.4762118292869218
"2025-07-01",2025,3,7,July,STEM Kits,103,2173.8700000000003,1189.7899999999995,984.0799999999998,0.45268576317811077
"2025-07-01",2025,3,7,July,Toy Vehicles,121,1925.1400000000008,1117.32,807.8199999999999,0.4196162357023383
"2025-07-02",2025,3,7,July,Action Figures,127,2089.37,1210.2400000000002,879.1299999999999,0.42076319656164296
"2025-07-02",2025,3,7,July,Arts & Crafts,177,2170.4599999999996,1322.68,847.7799999999997,0.39059922781345885
"2025-07-02",2025,3,7,July,Baby & Toddler,140,2007.6,1134.4299999999994,873.17,0.4349322574217972
"2025-07-02",2025,3,7,July,Board Games,103,2007.239999999999,1112.22,895.0199999999999,0.4458958569976686
"2025-07-02",2025,3,7,July,Building Blocks,72,1112.8199999999997,637.4999999999999,475.32000000000005,0.4271310724106326
"2025-07-02",2025,3,7,July,Card Games,70,1710.3000000000002,880.0399999999998,830.26,0.48544699760275967
"2025-07-02",2025,3,7,July,Collectibles,9,174.51,85.67999999999999,88.83000000000001,0.5090252707581229
"2025-07-02",2025,3,7,July,Dolls,110,2044.89,1140.0,904.8900000000001,0.44251280019952177
"2025-07-02",2025,3,7,July,Educational,99,1892.5899999999997,1049.8399999999997,842.75,0.44528925969174527
"2025-07-02",2025,3,7,July,Model Kits,44,587.2400000000001,314.92,272.32,0.46372862883999716
"2025-07-02",2025,3,7,July,Outdoor Play,125,2529.85,1412.8200000000002,1117.03,0.44154001225369094
"2025-07-02",2025,3,7,July,Plush,71,958.79,571.28,387.51,0.4041656671429614
"2025-07-02",2025,3,7,July,Pretend Play,50,1095.6299999999999,644.2199999999999,451.4099999999999,0.41200952876427255
"2025-07-02",2025,3,7,July,Puzzles,124,2293.6399999999994,1186.4399999999998,1107.1999999999996,0.4827261470849828
"2025-07-02",2025,3,7,July,STEM Kits,90,1703.88,987.3299999999998,716.5500000000002,0.4205401788858371
"2025-07-02",2025,3,7,July,Toy Vehicles,130,2502.05,1485.1600000000008,1016.8899999999998,0.40642273335864576
"2025-07-03",2025,3,7,July,Action Figures,126,2094.0699999999997,1201.0199999999998,893.05,0.4264661639773265
"2025-07-03",2025,3,7,July,Arts & Crafts,142,1878.8199999999997,1114.6899999999998,764.1299999999999,0.40670740145410417
"2025-07-03",2025,3,7,July,Baby & Toddler,132,2243.6499999999996,1229.3099999999995,1014.3399999999996,0.4520936866267019
"2025-07-03",2025,3,7,July,Board Games,88,1412.7499999999998,782.71,630.04,0.44596708547159797
"2025-07-03",2025,3,7,July,Building Blocks,97,1525.8999999999994,866.6899999999997,659.21,0.4320138934399373
"2025-07-03",2025,3,7,July,Card Games,95,2428.71,1242.9799999999998,1185.7300000000002,0.488213907794673
"2025-07-03",2025,3,7,July,Collectibles,9,174.51000000000002,85.68,88.83000000000001,0.5090252707581228
"2025-07-03",2025,3,7,July,Dolls,91,1721.569999999999,909.8799999999999,811.6899999999999,0.4714824259251732
"2025-07-03",2025,3,7,July,Educational,89,1870.1199999999997,1009.9099999999996,860.2099999999996,0.4599758304279938
"2025-07-03",2025,3,7,July,Model Kits,32,659.71,380.12,279.5899999999999,0.42380743053766035
"2025-07-03",2025,3,7,July,Outdoor Play,100,1981.9299999999998,1106.4299999999998,875.5,0.44174113111966623
"2025-07-03",2025,3,7,July,Plush,70,1033.28,635.8499999999999,397.43,0.38462952926602667
"2025-07-03",2025,3,7,July,Pretend Play,110,2019.5000000000002,1208.64,810.8599999999997,0.40151522654122285
"2025-07-03",2025,3,7,July,Puzzles,131,2097.2800000000007,1102.2900000000002,994.9899999999998,0.47441924778761035
"2025-07-03",2025,3,7,July,STEM Kits,87,1830.26,1045.8899999999999,784.3700000000001,0.4285565985160579
"2025-07-03",2025,3,7,July,Toy Vehicles,154,2530.6900000000014,1540.7100000000005,989.9799999999998,0.3911897545728632
"2025-07-04",2025,3,7,July,Action Figures,175,3049.1299999999997,1705.0800000000002,1344.0500000000002,0.440797866932535
"2025-07-04",2025,3,7,July,Arts & Crafts,109,1422.2599999999995,850.42,571.8399999999999,0.4020643201664956
"2025-07-04",2025,3,7,July,Baby & Toddler,146,2460.0999999999995,1365.1299999999994,1094.97,0.445091662940531
"2025-07-04",2025,3,7,July,Board Games,101,1764.7599999999995,1010.8299999999999,753.93,0.42721389877377103
"2025-07-04",2025,3,7,July,Building Blocks,59,1087.8899999999999,596.9300000000001,490.96,0.4512956273152617
"2025-07-04",2025,3,7,July,Card Games,83,1790.3099999999995,914.04,876.2699999999999,0.48945154749736086
"2025-07-04",2025,3,7,July,Dolls,123,2235.8599999999997,1241.9499999999996,993.9099999999999,0.44453141073233565
"2025-07-04",2025,3,7,July,Educational,97,1691.5199999999993,930.3599999999997,761.16,0.44998581157775275
"2025-07-04",2025,3,7,July,Model Kits,51,730.8400000000001,404.0600000000002,326.77999999999986,0.44712933063324367
"2025-07-04",2025,3,7,July,Outdoor Play,116,2196.69,1186.3100000000004,1010.38,0.4599556605620274
"2025-07-04",2025,3,7,July,Plush,71,1217.8999999999996,696.9099999999999,520.99,0.4277773216191807
"2025-07-04",2025,3,7,July,Pretend Play,93,2188.020000000001,1344.6499999999999,843.3699999999998,0.38544894470800056
"2025-07-04",2025,3,7,July,Puzzles,110,1902.07,977.52,924.5500000000002,0.4860756964780477
"2025-07-04",2025,3,7,July,STEM Kits,103,2134.69,1220.13,914.5599999999997,0.4284275468569205
"2025-07-04",2025,3,7,July,Toy Vehicles,132,2438.040000000001,1373.9200000000005,1064.12,0.4364653574182538
"2025-07-05",2025,3,7,July,Action Figures,172,3429.6899999999987,1956.9999999999998,1472.6899999999998,0.4293944933798683
"2025-07-05",2025,3,7,July,Arts & Crafts,151,2087.93,1225.8200000000004,862.11,0.4129017735268903
"2025-07-05",2025,3,7,July,Baby & Toddler,134,1661.1999999999996,985.4099999999997,675.7899999999995,0.40680833132675154
"2025-07-05",2025,3,7,July,Board Games,92,1738.0100000000004,978.1900000000003,759.82,0.43717815202444166
"2025-07-05",2025,3,7,July,Building Blocks,67,1108.1399999999999,635.7199999999999,472.4200000000002,0.42631797426317997
"2025-07-05",2025,3,7,July,Card Games,59,1358.69,719.3899999999999,639.2999999999998,0.4705267573913106
"2025-07-05",2025,3,7,July,Collectibles,4,77.56,38.08,39.480000000000004,0.5090252707581228
"2025-07-05",2025,3,7,July,Dolls,105,1761.56,950.4500000000002,811.1099999999997,0.460449828561048
"2025-07-05",2025,3,7,July,Educational,88,1768.8599999999994,967.6599999999997,801.2,0.4529470958696563
"2025-07-05",2025,3,7,July,Model Kits,57,864.3699999999999,459.07000000000005,405.29999999999984,0.46889642167127493
"2025-07-05",2025,3,7,July,Outdoor Play,93,1705.15,940.63,764.5200000000003,0.4483593818725627
"2025-07-05",2025,3,7,July,Plush,94,1541.49,929.5899999999999,611.9000000000001,0.39695359684461146
"2025-07-05",2025,3,7,July,Pretend Play,82,1831.5800000000004,1078.6599999999999,752.9199999999998,0.41107677524323244
"2025-07-05",2025,3,7,July,Puzzles,138,2741.13,1409.2999999999997,1331.83,0.4858689664481436
"2025-07-05",2025,3,7,July,STEM Kits,104,2249.82,1252.36,997.4599999999997,0.4433510236374464
"2025-07-05",2025,3,7,July,Toy Vehicles,143,2369.110000000001,1407.4400000000007,961.6699999999998,0.40592036671999165
"2025-07-06",2025,3,7,July,Action Figures,147,2147.659999999999,1188.66,958.9999999999998,0.4465325051451348
"2025-07-06",2025,3,7,July,Arts & Crafts,162,2046.7999999999997,1240.3000000000002,806.5000000000002,0.39402970490521805
"2025-07-06",2025,3,7,July,Baby & Toddler,127,1919.6499999999999,1091.5799999999992,828.0699999999998,0.4313650925950042
"2025-07-06",2025,3,7,July,Board Games,101,1772.91,999.6400000000001,773.2699999999999,0.43615863185384474
"2025-07-06",2025,3,7,July,Building Blocks,87,1134.23,688.7900000000002,445.44000000000005,0.39272457967078994
"2025-07-06",2025,3,7,July,Card Games,72,1557.5500000000002,801.41,756.14,0.4854675612339892
"2025-07-06",2025,3,7,July,Collectibles,8,155.12,76.16,78.96000000000001,0.5090252707581228
"2025-07-06",2025,3,7,July,Dolls,93,1785.87,994.2900000000002,791.5800000000002,0.44324614893581293
"2025-07-06",2025,3,7,July,Educational,115,1980.2800000000002,1118.4399999999998,861.8399999999996,0.4352111822570543
"2025-07-06",2025,3,7,July,Model Kits,64,1046.8700000000001,556.2500000000001,490.6199999999999,0.46865417864682324
"2025-07-06",2025,3,7,July,Outdoor Play,121,2108.91,1172.6199999999997,936.2900000000002,0.4439686852449845
"2025-07-06",2025,3,7,July,Plush,77,1521.3100000000002,872.7599999999999,648.5500000000002,0.42631021948189396
"2025-07-06",2025,3,7,July,Pretend Play,83,1776.4800000000002,1044.27,732.2099999999999,0.4121690083761145
"2025-07-06",2025,3,7,July,Puzzles,109,1968.3,1046.5300000000002,921.7699999999998,0.46830767667530343
"2025-07-06",2025,3,7,July,STEM Kits,108,2262.1399999999994,1292.95,969.1899999999998,0.428439442298001
"2025-07-06",2025,3,7,July,Toy Vehicles,141,2235.2,1316.1500000000005,919.0500000000001,0.41117125984251973
"2025-07-07",2025,3,7,July,Action Figures,166,2726.66,1550.9300000000003,1175.73,0.43119787578942737
"2025-07-07",2025,3,7,July,Arts & Crafts,134,1562.8000000000004,941.7500000000001,621.05,0.39739570002559493
"2025-07-07",2025,3,7,July,Baby & Toddler,139,2310.0899999999997,1275.7500000000002,1034.34,0.44774878900822046
"2025-07-07",2025,3,7,July,Board Games,103,1773.7300000000002,978.16,795.5700000000002,0.44852937031002466
"2025-07-07",2025,3,7,July,Building Blocks,81,1413.76,797.62,616.1399999999999,0.43581654594839286
"2025-07-07",2025,3,7,July,Card Games,77,1728.33,911.0000000000001,817.3300000000002,0.47290158708117097
"2025-07-07",2025,3,7,July,Collectibles,11,213.29,104.72,108.57000000000002,0.5090252707581229
"2025-07-07",2025,3,7,July,Dolls,85,1626.44,891.8100000000002,734.6300000000001,0.4516797422591673
"2025-07-07",2025,3,7,July,Educational,81,1414.86,770.5899999999997,644.27,0.455359540873302
"2025-07-07",2025,3,7,July,Model Kits,35,664.2600000000001,339.22,325.04,0.4893264685514708
"2025-07-07",2025,3,7,July,Outdoor Play,115,1961.079999999999,1094.31,866.7700000000001,0.4419860485038859
"2025-07-07",2025,3,7,July,Plush,77,1587.1900000000003,860.8699999999999,726.32,0.4576137702480484
"2025-07-07",2025,3,7,July,Pretend Play,69,1429.4000000000003,839.5600000000002,589.84,0.4126486637750104
"2025-07-07",2025,3,7,July,Puzzles,117,2102.9899999999993,1079.1100000000001,1023.8800000000001,0.4868686964750191
"2025-07-07",2025,3,7,July,STEM Kits,88,1971.1600000000003,1114.9499999999998,856.21,0.4343685951419468
"2025-07-07",2025,3,7,July,Toy Vehicles,130,1933.730000000001,1161.88,771.8499999999998,0.3991508638744806
"2025-07-08",2025,3,7,July,Action Figures,107,2324.4699999999984,1248.4200000000003,1076.05,0.46292273077303675
"2025-07-08",2025,3,7,July,Arts & Crafts,133,1682.99,1036.9600000000003,646.0300000000001,0.3838584899494353
"2025-07-08",2025,3,7,July,Baby & Toddler,153,2354.9099999999994,1325.5399999999997,1029.3699999999997,0.43711649277467074
"2025-07-08",2025,3,7,July,Board Games,101,1734.6799999999998,952.14,782.54,0.45111490303687135
"2025-07-08",2025,3,7,July,Building Blocks,115,1670.12,956.22,713.9,0.4274543146600244
"2025-07-08",2025,3,7,July,Card Games,65,1788.34,929.5200000000002,858.82,0.4802330653007818
"2025-07-08",2025,3,7,July,Collectibles,9,174.51,85.67999999999999,88.83000000000001,0.5090252707581229
"2025-07-08",2025,3,7,July,Dolls,65,1099.3399999999997,617.1199999999999,482.22,0.43864500518492927
"2025-07-08",2025,3,7,July,Educational,79,1385.6999999999998,800.1799999999997,585.52,0.4225445623150755
"2025-07-08",2025,3,7,July,Model Kits,63,1026.05,551.74,474.31,0.4622679206666342
"2025-07-08",2025,3,7,July,Outdoor Play,111,2024.15,1128.2599999999995,895.8900000000002,0.442600597781785
"2025-07-08",2025,3,7,July,Plush,88,1401.0699999999993,828.9000000000002,572.1700000000001,0.40838073757913623
"2025-07-08",2025,3,7,July,Pretend Play,117,2190.6600000000008,1364.25,826.4099999999999,0.37724247487058676
"2025-07-08",2025,3,7,July,Puzzles,106,1932.2699999999998,966.6000000000004,965.6699999999998,0.4997593504013414
"2025-07-08",2025,3,7,July,STEM Kits,99,1832.53,1058.1499999999999,774.3800000000001,0.42257425526457965
"2025-07-08",2025,3,7,July,Toy Vehicles,148,2506.55,1447.7999999999993,1058.7499999999995,0.42239332947677066
"2025-07-09",2025,3,7,July,Action Figures,170,3078.649999999999,1762.9600000000003,1315.6899999999998,0.4273593945398146
"2025-07-09",2025,3,7,July,Arts & Crafts,123,1414.5099999999995,839.6,574.9100000000002,0.40643756495182104
"2025-07-09",2025,3,7,July,Baby & Toddler,104,1733.2799999999997,956.4699999999995,776.8099999999998,0.4481734053355488
"2025-07-09",2025,3,7,July,Board Games,96,1755.7099999999994,1011.18,744.5299999999999,0.4240620603630441
"2025-07-09",2025,3,7,July,Building Blocks,89,1300.9999999999998,746.2600000000002,554.74,0.42639508070714843
"2025-07-09",2025,3,7,July,Card Games,72,1551.6699999999998,797.84,753.8300000000002,0.4858185052234046
"2025-07-09",2025,3,7,July,Collectibles,12,232.68,114.24,118.44000000000001,0.5090252707581228
"2025-07-09",2025,3,7,July,Dolls,97,1575.54,869.7600000000001,705.78,0.4479606991888495
"2025-07-09",2025,3,7,July,Educational,105,1897.2099999999996,1072.0299999999997,825.1799999999998,0.4349439440019819
"2025-07-09",2025,3,7,July,Model Kits,52,775.1600000000002,399.86000000000007,375.29999999999995,0.484158109293565
"2025-07-09",2025,3,7,July,Outdoor Play,111,1755.4999999999998,956.8200000000002,798.6800000000003,0.45495870122472254
"2025-07-09",2025,3,7,July,Plush,63,829.67,510.46000000000004,319.21000000000004,0.38474333168609215
"2025-07-09",2025,3,7,July,Pretend Play,67,1424.02,891.9199999999997,532.0999999999999,0.3736604822965969
"2025-07-09",2025,3,7,July,Puzzles,98,1868.7199999999993,954.56,914.1599999999999,0.489190461920459
"2025-07-09",2025,3,7,July,STEM Kits,109,2258.0000000000005,1252.9599999999996,1005.0399999999995,0.44510186005314406
"2025-07-09",2025,3,7,July,Toy Vehicles,150,2428.27,1390.1700000000003,1038.0999999999997,0.427506002215569
"2025-07-10",2025,3,7,July,Action Figures,152,3030.47,1694.3800000000003,1336.0900000000004,0.44088540721406266
"2025-07-10",2025,3,7,July,Arts & Crafts,120,1507.91,904.7300000000001,603.18,0.4000106107128409
"2025-07-10",2025,3,7,July,Baby & Toddler,125,2041.0600000000002,1144.3999999999999,896.6599999999999,0.43931094627301487
"2025-07-10",2025,3,7,July,Board Games,105,1889.5999999999997,1077.2800000000002,812.3199999999998,0.4298899237933954
"2025-07-10",2025,3,7,July,Building Blocks,83,1388.5699999999997,784.1999999999999,604.3700000000001,0.4352463325579555
"2025-07-10",2025,3,7,July,Card Games,66,1596.1299999999997,808.1999999999999,787.9300000000002,0.49365026658229616
"2025-07-10",2025,3,7,July,Collectibles,11,213.29,104.72,108.57000000000002,0.5090252707581229
"2025-07-10",2025,3,7,July,Dolls,75,1305.6699999999996,727.36,578.31,0.4429220247076215
"2025-07-10",2025,3,7,July,Educational,63,1169.7300000000002,648.6299999999999,521.0999999999999,0.4454874201738861
"2025-07-10",2025,3,7,July,Model Kits,34,544.34,290.15,254.18999999999997,0.4669691736782157
"2025-07-10",2025,3,7,July,Outdoor Play,92,1692.3899999999999,946.4500000000002,745.94,0.4407612902463381
"2025-07-10",2025,3,7,July,Plush,76,1090.24,609.35,480.89000000000004,0.4410863663046669
"2025-07-10",2025,3,7,July,Pretend Play,66,1244.8000000000002,738.1799999999998,506.61999999999995,0.40698907455012845
"2025-07-10",2025,3,7,July,Puzzles,153,2478.1000000000004,1295.68,1182.4200000000003,0.4771478148581575
"2025-07-10",2025,3,7,July,STEM Kits,82,1472.94,803.3799999999997,669.56,0.45457384550626634
"2025-07-10",2025,3,7,July,Toy Vehicles,160,2383.600000000001,1459.92,923.6799999999997,0.38751468367175673
"2025-07-11",2025,3,7,July,Action Figures,146,3516.099999999998,1950.9199999999994,1565.1800000000003,0.4451466113022955
"2025-07-11",2025,3,7,July,Arts & Crafts,126,1636.1500000000003,984.0500000000002,652.0999999999999,0.39855758946306863
"2025-07-11",2025,3,7,July,Baby & Toddler,115,1818.1,993.7699999999999,824.3299999999999,0.4534019030856388
"2025-07-11",2025,3,7,July,Board Games,101,1438.5499999999995,797.6200000000001,640.9299999999998,0.4455389107086998
"2025-07-11",2025,3,7,July,Building Blocks,115,2034.1499999999994,1133.7499999999995,900.4000000000002,0.4426418897328125
"2025-07-11",2025,3,7,July,Card Games,75,1910.2999999999997,982.03,928.27,0.48592891168926355
"2025-07-11",2025,3,7,July,Collectibles,2,38.78,19.04,19.740000000000002,0.5090252707581228
"2025-07-11",2025,3,7,July,Dolls,80,1539.7199999999998,801.9600000000002,737.7600000000001,0.47915205362013885
"2025-07-11",2025,3,7,July,Educational,104,1919.91,1058.84,861.0699999999998,0.4484949815355927
"2025-07-11",2025,3,7,July,Model Kits,61,1021.9300000000002,541.74,480.1899999999999,0.4698854128952079
"2025-07-11",2025,3,7,July,Outdoor Play,127,2445.7899999999995,1384.54,1061.2500000000005,0.43390888015733187
"2025-07-11",2025,3,7,July,Plush,72,1267.0800000000002,741.36,525.7199999999999,0.4149067146510085
"2025-07-11",2025,3,7,July,Pretend Play,79,1290.0000000000002,799.7000000000002,490.3,0.3800775193798449
"2025-07-11",2025,3,7,July,Puzzles,126,2231.37,1154.5500000000002,1076.8200000000002,0.4825824493472621
"2025-07-11",2025,3,7,July,STEM Kits,127,2336.64,1351.8899999999999,984.7500000000001,0.4214384757600658
"2025-07-11",2025,3,7,July,Toy Vehicles,135,2420.490000000001,1393.2300000000002,1027.2599999999998,0.4244016707360903
"2025-07-12",2025,3,7,July,Action Figures,126,2992.1999999999985,1678.0599999999993,1314.14,0.439188556914645
"2025-07-12",2025,3,7,July,Arts & Crafts,169,2080.869999999999,1220.68,860.1899999999999,0.41337998048893027
"2025-07-12",2025,3,7,July,Baby & Toddler,132,1973.7500000000002,1150.9199999999996,822.8300000000002,0.4168866371120963
"2025-07-12",2025,3,7,July,Board Games,116,1513.31,855.0300000000001,658.2799999999999,0.4349934910890696
"2025-07-12",2025,3,7,July,Building Blocks,81,1356.45,771.33,585.1199999999999,0.4313612739135242
"2025-07-12",2025,3,7,July,Card Games,57,1390.8799999999997,719.4999999999999,671.3800000000001,0.48270159898769144
"2025-07-12",2025,3,7,July,Collectibles,6,116.34,57.12,59.220000000000006,0.5090252707581228
"2025-07-12",2025,3,7,July,Dolls,108,1634.4099999999999,933.5799999999999,700.8299999999999,0.42879693589735746
"2025-07-12",2025,3,7,July,Educational,122,2080.29,1178.3399999999997,901.9499999999997,0.43356935811833913
"2025-07-12",2025,3,7,July,Model Kits,50,826.6900000000002,451.37000000000006,375.3199999999999,0.4540033144225765
"2025-07-12",2025,3,7,July,Outdoor Play,107,1731.3699999999997,965.8600000000002,765.5100000000001,0.44214119454536016
"2025-07-12",2025,3,7,July,Plush,106,1749.9399999999994,1063.5900000000001,686.3500000000001,0.39221344731819396
"2025-07-12",2025,3,7,July,Pretend Play,95,1767.8300000000002,1096.0600000000002,671.7699999999998,0.3799969454076465
"2025-07-12",2025,3,7,July,Puzzles,124,2413.69,1259.0100000000002,1154.6799999999998,0.47838786256727245
"2025-07-12",2025,3,7,July,STEM Kits,92,1879.1500000000008,1076.6199999999994,802.5300000000001,0.42707075007317125
"2025-07-12",2025,3,7,July,Toy Vehicles,159,2642.42,1562.9600000000003,1079.4599999999994,0.4085118943998302
"2025-07-13",2025,3,7,July,Action Figures,161,3155.679999999997,1809.0899999999992,1346.5899999999997,0.4267194392333826
"2025-07-13",2025,3,7,July,Arts & Crafts,125,1484.5799999999997,882.3200000000002,602.26,0.4056770264990773
"2025-07-13",2025,3,7,July,Baby & Toddler,143,2373.4999999999995,1336.6699999999998,1036.8299999999995,0.4368358963555929
"2025-07-13",2025,3,7,July,Board Games,101,1575.5499999999997,882.9900000000001,692.5599999999998,0.43956713528609054
"2025-07-13",2025,3,7,July,Building Blocks,80,1157.73,665.3400000000001,492.3900000000001,0.4253064185950093
"2025-07-13",2025,3,7,July,Card Games,75,1812.7199999999993,921.8800000000001,890.8400000000003,0.4914382805949074
"2025-07-13",2025,3,7,July,Collectibles,1,19.39,9.52,9.870000000000001,0.5090252707581228
"2025-07-13",2025,3,7,July,Dolls,55,1121.85,609.66,512.1899999999999,0.45655836341756917
"2025-07-13",2025,3,7,July,Educational,76,1247.3500000000001,735.01,512.3399999999999,0.4107427746823264
"2025-07-13",2025,3,7,July,Model Kits,75,1510.0199999999998,916.68,593.3399999999999,0.3929351929113522
"2025-07-13",2025,3,7,July,Outdoor Play,106,1827.8400000000001,980.26,847.5800000000002,0.46370579481792723
"2025-07-13",2025,3,7,July,Plush,87,1401.3099999999997,854.1300000000002,547.1800000000001,0.3904774817849014
"2025-07-13",2025,3,7,July,Pretend Play,66,1297.2800000000002,781.61,515.6699999999998,0.3975009250123333
"2025-07-13",2025,3,7,July,Puzzles,123,2160.71,1134.19,1026.5199999999998,0.4750845786801559
"2025-07-13",2025,3,7,July,STEM Kits,104,2141.3700000000003,1211.5899999999997,929.78,0.43419866720837585
"2025-07-13",2025,3,7,July,Toy Vehicles,128,2091.9100000000008,1218.2200000000003,873.6900000000002,0.41765181102437476
"2025-07-14",2025,3,7,July,Action Figures,158,3252.0399999999986,1829.4299999999992,1422.61,0.4374515688613918
"2025-07-14",2025,3,7,July,Arts & Crafts,150,1733.0499999999997,1048.09,684.9599999999999,0.39523383630016445
"2025-07-14",2025,3,7,July,Baby & Toddler,132,1944.4499999999996,1110.23,834.2199999999999,0.4290262027822778
"2025-07-14",2025,3,7,July,Board Games,85,1361.5499999999997,724.0100000000001,637.5399999999998,0.46824574932980795
"2025-07-14",2025,3,7,July,Building Blocks,92,1440.34,829.1300000000001,611.21,0.42435119485677
"2025-07-14",2025,3,7,July,Card Games,64,1338.0100000000002,689.32,648.6900000000002,0.4848170043572171
"2025-07-14",2025,3,7,July,Collectibles,7,135.73000000000002,66.63999999999999,69.09000000000002,0.5090252707581228
"2025-07-14",2025,3,7,July,Dolls,100,1735.1799999999996,946.2,788.98,0.4546963427425398
"2025-07-14",2025,3,7,July,Educational,88,1584.31,892.9599999999999,691.3499999999996,0.4363729320650628
"2025-07-14",2025,3,7,July,Model Kits,86,1316.7699999999998,697.7300000000001,619.0399999999998,0.47012006652642446
"2025-07-14",2025,3,7,July,Outdoor Play,82,1364.7799999999997,768.9800000000001,595.8000000000002,0.4365538768153111
"2025-07-14",2025,3,7,July,Plush,72,1109.66,647.8200000000003,461.84000000000003,0.41619955662094693
"2025-07-14",2025,3,7,July,Pretend Play,86,1840.5800000000004,1100.6899999999998,739.8899999999999,0.40198741700985546
"2025-07-14",2025,3,7,July,Puzzles,104,2065.68,1068.84,996.8399999999999,0.48257232485186474
"2025-07-14",2025,3,7,July,STEM Kits,85,1504.8700000000001,842.0400000000001,662.83,0.44045665074059553
"2025-07-14",2025,3,7,July,Toy Vehicles,115,1920.7100000000005,1166.1099999999997,754.5999999999998,0.39287555122845175
"2025-07-15",2025,3,7,July,Action Figures,128,2354.1099999999997,1351.2899999999997,1002.8199999999999,0.42598689101188986
"2025-07-15",2025,3,7,July,Arts & Crafts,132,1570.2099999999998,942.5199999999999,627.6900000000003,0.39974907814878285
"2025-07-15",2025,3,7,July,Baby & Toddler,106,1477.8100000000002,849.63,628.1799999999998,0.42507494197494927
"2025-07-15",2025,3,7,July,Board Games,95,1581.09,869.68,711.4099999999999,0.449949085757294
"2025-07-15",2025,3,7,July,Building Blocks,79,1181.8500000000001,658.1800000000001,523.67,0.4430934551762067
"2025-07-15",2025,3,7,July,Card Games,49,1390.8899999999999,725.25,665.64,0.4785712745076894
"2025-07-15",2025,3,7,July,Collectibles,6,116.34,57.12,59.220000000000006,0.5090252707581228
"2025-07-15",2025,3,7,July,Dolls,100,1816.51,1050.12,766.3899999999999,0.42190243929292975
"2025-07-15",2025,3,7,July,Educational,95,1658.0899999999995,954.4099999999999,703.68,0.4243919208245633
"2025-07-15",2025,3,7,July,Model Kits,53,789.23,442.7300000000001,346.49999999999994,0.43903551562915744
"2025-07-15",2025,3,7,July,Outdoor Play,115,1868.0499999999995,1038.07,829.9800000000001,0.44430288268515317
"2025-07-15",2025,3,7,July,Plush,92,1279.3100000000002,768.11,511.2000000000001,0.3995904042022653
"2025-07-15",2025,3,7,July,Pretend Play,84,1514.98,905.7099999999999,609.2700000000001,0.40216372493366254
"2025-07-15",2025,3,7,July,Puzzles,134,2691.869999999999,1419.0100000000002,1272.8599999999997,0.47285344388844935
"2025-07-15",2025,3,7,July,STEM Kits,113,2349.4,1302.3499999999997,1047.05,0.44566697880309863
"2025-07-15",2025,3,7,July,Toy Vehicles,122,2176.460000000001,1202.5400000000002,973.9199999999997,0.44747893368129865
"2025-07-16",2025,3,7,July,Action Figures,112,2395.3999999999996,1316.7400000000002,1078.6599999999999,0.45030475077231363
"2025-07-16",2025,3,7,July,Arts & Crafts,154,1860.4700000000003,1120.8,739.6700000000003,0.397571581374599
"2025-07-16",2025,3,7,July,Baby & Toddler,128,2032.0600000000002,1152.03,880.03,0.4330728423373325
"2025-07-16",2025,3,7,July,Board Games,106,1864.0899999999995,1023.2099999999999,840.8800000000001,0.45109409953382096
"2025-07-16",2025,3,7,July,Building Blocks,58,870.05,497.40999999999997,372.64000000000004,0.42829722429745426
"2025-07-16",2025,3,7,July,Card Games,57,1224.05,608.67,615.38,0.5027409011069809
"2025-07-16",2025,3,7,July,Collectibles,4,77.56,38.08,39.480000000000004,0.5090252707581228
"2025-07-16",2025,3,7,July,Dolls,117,1858.4300000000003,1044.2699999999998,814.1600000000001,0.43809021593495584
"2025-07-16",2025,3,7,July,Educational,92,1553.8399999999997,872.4,681.4399999999999,0.43855223189002734
"2025-07-16",2025,3,7,July,Model Kits,58,844.1700000000002,464.70000000000005,379.4699999999999,0.44951846192117684
"2025-07-16",2025,3,7,July,Outdoor Play,111,2270.5499999999997,1261.2799999999997,1009.2700000000004,0.44450463544075247
"2025-07-16",2025,3,7,July,Plush,62,1011.57,600.03,411.54,0.40683294285121147
"2025-07-16",2025,3,7,July,Pretend Play,54,1176.1100000000004,687.43,488.6799999999999,0.41550535239050745
"2025-07-16",2025,3,7,July,Puzzles,118,1996.1699999999998,1088.02,908.1499999999995,0.45494622201515883
"2025-07-16",2025,3,7,July,STEM Kits,91,1989.3600000000004,1099.2699999999993,890.09,0.4474253026098845
"2025-07-16",2025,3,7,July,Toy Vehicles,131,2270.120000000001,1270.8299999999992,999.2899999999996,0.44019258893802937
"2025-07-17",2025,3,7,July,Action Figures,188,3423.999999999999,1969.319999999999,1454.6800000000003,0.4248481308411217
"2025-07-17",2025,3,7,July,Arts & Crafts,118,1382.9499999999996,832.4399999999997,550.5100000000001,0.39806934451715553
"2025-07-17",2025,3,7,July,Baby & Toddler,134,1952.7499999999995,1143.1199999999994,809.6299999999995,0.414610165151709
"2025-07-17",2025,3,7,July,Board Games,90,1568.4999999999995,875.4800000000004,693.0199999999999,0.4418361491871215
"2025-07-17",2025,3,7,July,Building Blocks,85,1499.0400000000002,859.73,639.31,0.42647961361938297
"2025-07-17",2025,3,7,July,Card Games,111,2425.5899999999997,1251.59,1174.0000000000002,0.4840059531907702
"2025-07-17",2025,3,7,July,Collectibles,9,174.51,85.67999999999999,88.83000000000001,0.5090252707581229
"2025-07-17",2025,3,7,July,Dolls,89,1586.3899999999992,844.2200000000004,742.1700000000001,0.4678357780873559
"2025-07-17",2025,3,7,July,Educational,92,1728.73,969.9999999999999,758.7299999999999,0.43889444852579634
"2025-07-17",2025,3,7,July,Model Kits,28,445.3300000000001,244.88000000000002,200.45,0.4501156445781779
"2025-07-17",2025,3,7,July,Outdoor Play,121,2242.33,1224.16,1018.1700000000002,0.45406786690629847
"2025-07-17",2025,3,7,July,Plush,60,877.11,515.45,361.66,0.41233140655105976
"2025-07-17",2025,3,7,July,Pretend Play,88,1630.0000000000002,977.4799999999998,652.5199999999998,0.40031901840490774
"2025-07-17",2025,3,7,July,Puzzles,112,2139.1300000000006,1113.8000000000002,1025.33,0.4793210323823235
"2025-07-17",2025,3,7,July,STEM Kits,59,1483.9400000000003,824.1599999999999,659.78,0.4446136636252139
"2025-07-17",2025,3,7,July,Toy Vehicles,153,2670.1800000000003,1616.0500000000004,1054.1299999999997,0.3947786291560867
"2025-07-18",2025,3,7,July,Action Figures,140,2603.2699999999986,1478.08,1125.19,0.43222178260418653
"2025-07-18",2025,3,7,July,Arts & Crafts,148,2022.6799999999996,1201.9200000000003,820.7599999999998,0.4057784721260901
"2025-07-18",2025,3,7,July,Baby & Toddler,97,1397.7099999999998,789.6999999999997,608.01,0.4350044000543747
"2025-07-18",2025,3,7,July,Board Games,83,1363.5900000000006,777.2199999999998,586.37,0.43001928732243544
"2025-07-18",2025,3,7,July,Building Blocks,106,1604.87,912.6000000000003,692.2700000000002,0.43135581075102675
"2025-07-18",2025,3,7,July,Card Games,74,1685.3099999999997,842.94,842.3700000000001,0.4998308916460475
"2025-07-18",2025,3,7,July,Collectibles,13,252.07000000000002,123.75999999999999,128.31,0.5090252707581228
"2025-07-18",2025,3,7,July,Dolls,88,1400.3799999999997,778.1200000000001,622.26,0.4443508190633972
"2025-07-18",2025,3,7,July,Educational,114,1987.3999999999996,1085.5199999999998,901.88,0.453798933279662
"2025-07-18",2025,3,7,July,Model Kits,51,871.72,490.7400000000002,380.97999999999985,0.43704400495571954
"2025-07-18",2025,3,7,July,Outdoor Play,132,2109.6299999999997,1173.9400000000003,935.6900000000003,0.44353275218877264
"2025-07-18",2025,3,7,July,Plush,89,1622.0500000000002,978.37,643.68,0.39683117043247734
"2025-07-18",2025,3,7,July,Pretend Play,85,1479.7600000000004,844.8099999999997,634.9499999999998,0.4290898524084984
"2025-07-18",2025,3,7,July,Puzzles,142,2722.4300000000007,1432.52,1289.9099999999999,0.4738083256502461
"2025-07-18",2025,3,7,July,STEM Kits,94,1733.2799999999997,960.6999999999998,772.5800000000003,0.4457329456290965
"2025-07-18",2025,3,7,July,Toy Vehicles,146,2525.040000000001,1525.3700000000001,999.6699999999998,0.395902639166112
"2025-07-19",2025,3,7,July,Action Figures,119,2695.569999999999,1510.8200000000004,1184.75,0.43951743045070263
"2025-07-19",2025,3,7,July,Arts & Crafts,153,1995.6699999999998,1183.8499999999992,811.8199999999999,0.4067907018695476
"2025-07-19",2025,3,7,July,Baby & Toddler,144,2124.4100000000003,1245.14,879.2699999999996,0.41388903271967253
"2025-07-19",2025,3,7,July,Board Games,99,1606.7799999999997,848.7800000000002,758.0000000000002,0.4717509553268029
"2025-07-19",2025,3,7,July,Building Blocks,54,748.1299999999999,429.9099999999999,318.2199999999999,0.42535388234665095
"2025-07-19",2025,3,7,July,Card Games,72,1774.9899999999998,918.62,856.3700000000001,0.48246468994191527
"2025-07-19",2025,3,7,July,Collectibles,5,96.95,47.599999999999994,49.35000000000001,0.5090252707581229
"2025-07-19",2025,3,7,July,Dolls,105,1742.0899999999997,984.4300000000001,757.66,0.4349143844462686
"2025-07-19",2025,3,7,July,Educational,97,1817.8299999999997,1002.3899999999998,815.4399999999999,0.4485787999977996
"2025-07-19",2025,3,7,July,Model Kits,35,534.8600000000001,285.73,249.13,0.46578543918034615
"2025-07-19",2025,3,7,July,Outdoor Play,82,1494.68,815.24,679.4400000000002,0.45457221612652887
"2025-07-19",2025,3,7,July,Plush,88,1457.08,862.63,594.45,0.4079734812089934
"2025-07-19",2025,3,7,July,Pretend Play,73,1423.6899999999998,878.8399999999999,544.8499999999999,0.3827026951091881
"2025-07-19",2025,3,7,July,Puzzles,113,1872.1799999999996,965.7600000000001,906.42,0.4841521648559434
"2025-07-19",2025,3,7,July,STEM Kits,118,2511.789999999999,1398.2299999999996,1113.5599999999995,0.4433332404380939
"2025-07-19",2025,3,7,July,Toy Vehicles,152,2328.080000000001,1388.91,939.1699999999997,0.40340967664341404
"2025-07-20",2025,3,7,July,Action Figures,184,3960.4699999999984,2217.4700000000003,1742.9999999999995,0.44009928114592467
"2025-07-20",2025,3,7,July,Arts & Crafts,114,1499.2600000000007,876.7599999999999,622.5000000000002,0.4152048343849632
"2025-07-20",2025,3,7,July,Baby & Toddler,127,1864.2099999999996,1077.58,786.6299999999997,0.42196426368273954
"2025-07-20",2025,3,7,July,Board Games,96,1549.9399999999998,887.6600000000002,662.2799999999997,0.4272939597661844
"2025-07-20",2025,3,7,July,Building Blocks,100,1591.6599999999996,922.64,669.0199999999998,0.42032846210874175
"2025-07-20",2025,3,7,July,Card Games,53,1224.91,617.6999999999998,607.21,0.4957180527548963
"2025-07-20",2025,3,7,July,Collectibles,10,193.9,95.19999999999999,98.70000000000002,0.5090252707581229
"2025-07-20",2025,3,7,July,Dolls,100,1666.7299999999996,913.2500000000001,753.4800000000002,0.4520708213087905
"2025-07-20",2025,3,7,July,Educational,97,1662.45,953.5799999999998,708.8700000000001,0.42640079400884245
"2025-07-20",2025,3,7,July,Model Kits,39,686.11,405.8,280.31,0.40854964947311656
"2025-07-20",2025,3,7,July,Outdoor Play,115,1896.2099999999996,1067.6200000000001,828.5899999999999,0.4369716434361174
"2025-07-20",2025,3,7,July,Plush,89,1390.4199999999998,801.3800000000001,589.0400000000001,0.42364177730469943
"2025-07-20",2025,3,7,July,Pretend Play,63,1274.03,772.43,501.5999999999999,0.39371129408255684
"2025-07-20",2025,3,7,July,Puzzles,123,2427.9,1293.2400000000002,1134.6600000000003,0.4673421475349068
"2025-07-20",2025,3,7,July,STEM Kits,70,1299.8800000000003,744.6899999999998,555.1899999999998,0.42710865618364746
"2025-07-20",2025,3,7,July,Toy Vehicles,128,2246.7600000000007,1269.9799999999998,976.7799999999996,0.43475048514305015
"2025-07-21",2025,3,7,July,Action Figures,126,2469.18,1417.47,1051.7100000000003,0.42593492576482894
"2025-07-21",2025,3,7,July,Arts & Crafts,151,1860.2199999999998,1096.7299999999998,763.4899999999999,0.41042994914579994
"2025-07-21",2025,3,7,July,Baby & Toddler,100,1646.8999999999999,949.3899999999998,697.51,0.4235290545874067
"2025-07-21",2025,3,7,July,Board Games,79,1379.8199999999995,763.21,616.6099999999999,0.4468771289008712
"2025-07-21",2025,3,7,July,Building Blocks,93,1492.37,835.62,656.7499999999999,0.44007183205237305
"2025-07-21",2025,3,7,July,Card Games,60,1290.2,643.0100000000002,647.1899999999998,0.5016199038908695
"2025-07-21",2025,3,7,July,Collectibles,6,116.34,57.12,59.220000000000006,0.5090252707581228
"2025-07-21",2025,3,7,July,Dolls,107,2006.5199999999998,1098.7199999999996,907.8,0.4524250941929311
"2025-07-21",2025,3,7,July,Educational,129,2369.989999999999,1336.9099999999994,1033.0799999999997,0.4359005734201411
"2025-07-21",2025,3,7,July,Model Kits,42,640.9500000000002,349.1900000000001,291.76,0.4551993135189951
"2025-07-21",2025,3,7,July,Outdoor Play,114,2243.1099999999997,1268.58,974.5300000000005,0.43445484171529736
"2025-07-21",2025,3,7,July,Plush,69,1274.1799999999998,757.39,516.7900000000001,0.40558633788004844
"2025-07-21",2025,3,7,July,Pretend Play,103,1922.0700000000002,1134.41,787.6599999999999,0.40979777011243074
"2025-07-21",2025,3,7,July,Puzzles,117,2081.24,1167.3800000000006,913.8600000000002,0.43909400165286094
"2025-07-21",2025,3,7,July,STEM Kits,107,2202.4199999999996,1254.8400000000001,947.5799999999999,0.4302449124145259
"2025-07-21",2025,3,7,July,Toy Vehicles,110,1834.6700000000003,1067.19,767.4799999999998,0.4183204609003252
"2025-07-22",2025,3,7,July,Action Figures,119,2536.059999999999,1425.2099999999998,1110.85,0.4380219710890122
"2025-07-22",2025,3,7,July,Arts & Crafts,142,1838.84,1138.7400000000002,700.1,0.38072915533706037
"2025-07-22",2025,3,7,July,Baby & Toddler,141,2206.41,1247.7499999999995,958.6599999999996,0.4344886036593379
"2025-07-22",2025,3,7,July,Board Games,92,1756.6300000000003,972.9300000000001,783.6999999999999,0.44613834444362205
"2025-07-22",2025,3,7,July,Building Blocks,139,2489.75,1408.3100000000002,1081.44,0.4343568631388694
"2025-07-22",2025,3,7,July,Card Games,65,1564.55,768.03,796.5199999999999,0.5091048544309865
"2025-07-22",2025,3,7,July,Collectibles,5,96.95,47.599999999999994,49.35000000000001,0.5090252707581229
"2025-07-22",2025,3,7,July,Dolls,136,2602.8299999999995,1358.5499999999997,1244.2799999999997,0.4780488929357661
"2025-07-22",2025,3,7,July,Educational,124,2202.8299999999995,1245.3100000000004,957.5200000000001,0.43467721067899034
"2025-07-22",2025,3,7,July,Model Kits,28,548.7,311.85,236.84999999999997,0.4316566429743028
"2025-07-22",2025,3,7,July,Outdoor Play,114,2031.4599999999998,1096.3799999999999,935.08,0.4602994890374411
"2025-07-22",2025,3,7,July,Plush,63,718.43,445.96,272.46999999999997,0.37925754770819703
"2025-07-22",2025,3,7,July,Pretend Play,77,1675.48,1050.54,624.94,0.3729916203117913
"2025-07-22",2025,3,7,July,Puzzles,135,2499.98,1343.6800000000005,1156.3,0.4625237001896015
"2025-07-22",2025,3,7,July,STEM Kits,97,1949.23,1125.6499999999999,823.58,0.4225155574252397
"2025-07-22",2025,3,7,July,Toy Vehicles,115,1882.3900000000008,1104.53,777.8599999999998,0.41322998953458073
"2025-07-23",2025,3,7,July,Action Figures,158,2509.629999999999,1426.7899999999997,1082.84,0.4314739622972312
"2025-07-23",2025,3,7,July,Arts & Crafts,165,1861.5899999999995,1141.6500000000003,719.9400000000002,0.38673392100301374
"2025-07-23",2025,3,7,July,Baby & Toddler,134,1884.2699999999998,1074.7399999999998,809.5299999999993,0.42962526601813933
"2025-07-23",2025,3,7,July,Board Games,133,2444.919999999999,1374.6000000000001,1070.3200000000004,0.437773015067978
"2025-07-23",2025,3,7,July,Building Blocks,115,1650.4100000000003,967.6400000000001,682.7699999999998,0.41369720251331465
"2025-07-23",2025,3,7,July,Card Games,78,1461.91,737.0999999999999,724.8100000000002,0.4957965948656211
"2025-07-23",2025,3,7,July,Collectibles,3,58.17,28.56,29.610000000000003,0.5090252707581228
"2025-07-23",2025,3,7,July,Dolls,95,1640.4299999999996,897.3599999999999,743.0700000000003,0.4529726961833181
"2025-07-23",2025,3,7,July,Educational,126,2085.2999999999997,1229.9800000000002,855.3199999999999,0.41016640291564765
"2025-07-23",2025,3,7,July,Model Kits,63,853.1800000000001,458.90000000000015,394.2799999999999,0.4621299139689162
"2025-07-23",2025,3,7,July,Outdoor Play,104,1898.1899999999996,1025.71,872.4800000000001,0.4596378655455989
"2025-07-23",2025,3,7,July,Plush,77,1152.8699999999997,668.0500000000001,484.82000000000005,0.4205331043396048
"2025-07-23",2025,3,7,July,Pretend Play,92,1625.59,1006.4099999999997,619.1799999999998,0.3808955517688961
"2025-07-23",2025,3,7,July,Puzzles,107,1660.1800000000003,868.7,791.4800000000001,0.4767434856461348
"2025-07-23",2025,3,7,July,STEM Kits,88,1563.1499999999999,889.8700000000001,673.2800000000001,0.43072002047148394
"2025-07-23",2025,3,7,July,Toy Vehicles,142,2362.26,1388.4100000000003,973.8499999999997,0.41225351993430004
"2025-07-24",2025,3,7,July,Action Figures,150,2573.579999999999,1444.5199999999995,1129.06,0.43871183332167657
"2025-07-24",2025,3,7,July,Arts & Crafts,152,1958.28,1193.2499999999998,765.0299999999999,0.390664256388259
"2025-07-24",2025,3,7,July,Baby & Toddler,119,1744.1399999999999,999.3799999999999,744.7599999999998,0.4270070063183
"2025-07-24",2025,3,7,July,Board Games,108,1970.9499999999996,1045.3500000000004,925.5999999999999,0.4696212486364444
"2025-07-24",2025,3,7,July,Building Blocks,94,1269.1599999999999,743.1299999999997,526.03,0.41447098868542975
"2025-07-24",2025,3,7,July,Card Games,58,1241.2599999999995,630.6399999999999,610.62,0.4919356138117721
"2025-07-24",2025,3,7,July,Collectibles,13,252.07000000000002,123.75999999999999,128.31,0.5090252707581228
"2025-07-24",2025,3,7,July,Dolls,95,1520.2699999999995,870.1400000000003,650.13,0.42764114269175885
"2025-07-24",2025,3,7,July,Educational,95,1677.6300000000003,907.2099999999999,770.4199999999997,0.45923117731561763
"2025-07-24",2025,3,7,July,Model Kits,58,910.9700000000004,481.1500000000001,429.8199999999999,0.4718267341405312
"2025-07-24",2025,3,7,July,Outdoor Play,111,1884.1399999999999,1042.8700000000003,841.2700000000002,0.4465007908117233
"2025-07-24",2025,3,7,July,Plush,84,1336.4600000000003,776.3600000000001,560.0999999999999,0.4190922287236429
"2025-07-24",2025,3,7,July,Pretend Play,50,994.14,591.49,402.6499999999999,0.4050234373428289
"2025-07-24",2025,3,7,July,Puzzles,113,1885.9499999999996,987.5000000000001,898.4499999999999,0.4763912086746733
"2025-07-24",2025,3,7,July,STEM Kits,96,1758.74,1007.8899999999996,750.8500000000001,0.4269249576401288
"2025-07-24",2025,3,7,July,Toy Vehicles,145,2267.3,1343.7700000000007,923.5299999999995,0.40732589423543397
"2025-07-25",2025,3,7,July,Action Figures,170,3166.2499999999995,1810.87,1355.3800000000003,0.42807106198183986
"2025-07-25",2025,3,7,July,Arts & Crafts,155,2013.7399999999996,1206.27,807.4699999999998,0.4009802655754963
"2025-07-25",2025,3,7,July,Baby & Toddler,155,2496.84,1384.0300000000002,1112.8099999999997,0.4456873488088943
"2025-07-25",2025,3,7,July,Board Games,80,1403.0499999999993,795.0400000000001,608.01,0.43334877588111637
"2025-07-25",2025,3,7,July,Building Blocks,107,1492.72,866.8099999999998,625.91,0.41930837665469745
"2025-07-25",2025,3,7,July,Card Games,54,1100.79,549.51,551.2800000000002,0.500803968059303
"2025-07-25",2025,3,7,July,Collectibles,7,135.73000000000002,66.64,69.09,0.5090252707581226
"2025-07-25",2025,3,7,July,Dolls,72,1348.1999999999998,756.6100000000001,591.5900000000001,0.438799881323246
"2025-07-25",2025,3,7,July,Educational,131,2293.8399999999992,1233.96,1059.88,0.4620548948488127
"2025-07-25",2025,3,7,July,Model Kits,63,1217.91,650.28,567.6299999999999,0.466068921348868
"2025-07-25",2025,3,7,July,Outdoor Play,119,2010.9099999999996,1141.5699999999995,869.3400000000001,0.4323117394612391
"2025-07-25",2025,3,7,July,Plush,70,1165.3799999999997,685.1300000000001,480.2500000000002,0.4120973416396372
"2025-07-25",2025,3,7,July,Pretend Play,62,1347.3799999999999,814.3200000000002,533.06,0.39562706882987725
"2025-07-25",2025,3,7,July,Puzzles,96,1790.869999999999,918.3800000000002,872.4899999999999,0.48718779140864515
"2025-07-25",2025,3,7,July,STEM Kits,92,1696.6700000000003,941.5899999999999,755.0799999999998,0.4450364537594227
"2025-07-25",2025,3,7,July,Toy Vehicles,153,2405.52,1451.4100000000005,954.1099999999998,0.3966335761082842
"2025-07-26",2025,3,7,July,Action Figures,160,3318.339999999999,1884.3799999999997,1433.96,0.43213172851486004
"2025-07-26",2025,3,7,July,Arts & Crafts,149,1870.1599999999992,1090.6699999999998,779.49,0.41680390982589743
"2025-07-26",2025,3,7,July,Baby & Toddler,129,2007.8499999999995,1150.9099999999999,856.9399999999997,0.4267948302911074
"2025-07-26",2025,3,7,July,Board Games,78,1383.28,730.8500000000001,652.4300000000001,0.471654328841594
"2025-07-26",2025,3,7,July,Building Blocks,97,1292.83,750.1600000000001,542.67,0.4197535638869766
"2025-07-26",2025,3,7,July,Card Games,57,1364.9199999999998,718.33,646.59,0.4737200715060224
"2025-07-26",2025,3,7,July,Collectibles,8,155.12,76.16,78.96000000000001,0.5090252707581228
"2025-07-26",2025,3,7,July,Dolls,60,1213.1299999999997,659.8000000000002,553.33,0.45611764608904254
"2025-07-26",2025,3,7,July,Educational,130,2643.7899999999995,1454.8599999999997,1188.9299999999994,0.44970667110473966
"2025-07-26",2025,3,7,July,Model Kits,57,1109.62,639.8,469.81999999999994,0.4234062111353436
"2025-07-26",2025,3,7,July,Outdoor Play,98,1715.2300000000002,939.7600000000001,775.47,0.4521084635879736
"2025-07-26",2025,3,7,July,Plush,69,1016.9,632.17,384.72999999999996,0.37833611957911295
"2025-07-26",2025,3,7,July,Pretend Play,91,2216.4300000000007,1317.8200000000002,898.6099999999998,0.40543125657025014
"2025-07-26",2025,3,7,July,Puzzles,115,2172.549999999999,1159.6299999999997,1012.9199999999998,0.46623552967710774
"2025-07-26",2025,3,7,July,STEM Kits,88,1741.17,1004.1499999999999,737.02,0.4232900865509973
"2025-07-26",2025,3,7,July,Toy Vehicles,138,2341.4500000000003,1406.6200000000001,934.83,0.3992525998846868
"2025-07-27",2025,3,7,July,Action Figures,152,2859.58,1605.85,1253.7299999999998,0.4384315179152183
"2025-07-27",2025,3,7,July,Arts & Crafts,142,1807.25,1050.8499999999997,756.3999999999999,0.4185364504080785
"2025-07-27",2025,3,7,July,Baby & Toddler,140,2350.359999999999,1326.1499999999996,1024.2099999999994,0.4357672867135246
"2025-07-27",2025,3,7,July,Board Games,109,2007.0099999999995,1075.84,931.1700000000001,0.4639588243207559
"2025-07-27",2025,3,7,July,Building Blocks,87,1429.5099999999998,795.8,633.7099999999999,0.4433057481234829
"2025-07-27",2025,3,7,July,Card Games,67,1685.1399999999994,872.7799999999999,812.3600000000002,0.4820727061253074
"2025-07-27",2025,3,7,July,Collectibles,16,310.24,152.31999999999996,157.92000000000002,0.5090252707581228
"2025-07-27",2025,3,7,July,Dolls,86,1484.6999999999996,780.2699999999998,704.43,0.4744594867650031
"2025-07-27",2025,3,7,July,Educational,109,2002.2299999999998,1106.92,895.3100000000001,0.44715642059104105
"2025-07-27",2025,3,7,July,Model Kits,55,863.92,495.8400000000001,368.08000000000004,0.42605796833040105
"2025-07-27",2025,3,7,July,Outdoor Play,98,1702.1899999999998,936.98,765.2100000000003,0.449544410435968
"2025-07-27",2025,3,7,July,Plush,105,1774.35,1035.93,738.42,0.41616366556767265
"2025-07-27",2025,3,7,July,Pretend Play,73,1280.0200000000002,761.8199999999998,518.1999999999998,0.4048374244152433
"2025-07-27",2025,3,7,July,Puzzles,150,2513.0800000000004,1340.2299999999998,1172.8500000000001,0.46669823483534145
"2025-07-27",2025,3,7,July,STEM Kits,81,1901.7300000000005,1045.9999999999998,855.7299999999999,0.4499744969054491
"2025-07-27",2025,3,7,July,Toy Vehicles,121,1966.25,1154.9000000000003,811.3499999999996,0.4126382708200888
"2025-07-28",2025,3,7,July,Action Figures,201,3384.4299999999994,1881.5699999999993,1502.8599999999994,0.4440511400738085
"2025-07-28",2025,3,7,July,Arts & Crafts,132,1692.9499999999998,980.4,712.5500000000001,0.4208925248826015
"2025-07-28",2025,3,7,July,Baby & Toddler,132,1923.5599999999995,1078.5999999999997,844.96,0.43926885566345747
"2025-07-28",2025,3,7,July,Board Games,97,1758.4999999999995,979.5400000000001,778.9599999999999,0.4429684390105204
"2025-07-28",2025,3,7,July,Building Blocks,101,1675.9500000000003,950.1400000000002,725.8099999999998,0.4330737790506875
"2025-07-28",2025,3,7,July,Card Games,73,1762.7799999999997,897.67,865.1100000000001,0.49076458775343507
"2025-07-28",2025,3,7,July,Collectibles,2,38.78,19.04,19.740000000000002,0.5090252707581228
"2025-07-28",2025,3,7,July,Dolls,119,2019.34,1193.2,826.1400000000001,0.4091138688878545
"2025-07-28",2025,3,7,July,Educational,105,1871.6999999999998,1116.8899999999996,754.8099999999998,0.403275097504942
"2025-07-28",2025,3,7,July,Model Kits,41,536.2400000000001,290.33000000000004,245.90999999999994,0.45858197821870783
"2025-07-28",2025,3,7,July,Outdoor Play,120,2292.4999999999995,1292.6599999999994,999.8400000000004,0.4361352235550711
"2025-07-28",2025,3,7,July,Plush,60,1054.35,576.9200000000001,477.43,0.4528192725375824
"2025-07-28",2025,3,7,July,Pretend Play,70,1536.1300000000006,931.53,604.5999999999998,0.3935864803109109
"2025-07-28",2025,3,7,July,Puzzles,106,2033.3499999999997,1074.66,958.6899999999999,0.47148302063097847
"2025-07-28",2025,3,7,July,STEM Kits,104,2102.81,1138.88,963.9300000000001,0.45840090165064845
"2025-07-28",2025,3,7,July,Toy Vehicles,184,3262.3099999999995,1846.5100000000011,1415.7999999999997,0.43398696016013194
"2025-07-29",2025,3,7,July,Action Figures,153,3676.759999999998,2055.5599999999995,1621.2000000000007,0.44093168985737485
"2025-07-29",2025,3,7,July,Arts & Crafts,179,2179.0199999999995,1285.72,893.3,0.40995493386935417
"2025-07-29",2025,3,7,July,Baby & Toddler,133,1903.6899999999998,1083.9299999999994,819.7599999999999,0.4306163293393357
"2025-07-29",2025,3,7,July,Board Games,97,1776.0799999999997,989.9700000000003,786.1099999999998,0.4426095671366154
"2025-07-29",2025,3,7,July,Building Blocks,100,1442.8099999999997,856.7099999999999,586.1,0.40622119336572393
"2025-07-29",2025,3,7,July,Card Games,65,1462.3500000000001,760.75,701.6000000000001,0.4797757034909564
"2025-07-29",2025,3,7,July,Collectibles,7,135.73000000000002,66.63999999999999,69.09,0.5090252707581226
"2025-07-29",2025,3,7,July,Dolls,81,1507.4399999999994,784.4200000000001,723.02,0.4796343469723507
"2025-07-29",2025,3,7,July,Educational,101,1716.3600000000001,1003.0300000000001,713.33,0.41560628306415903
"2025-07-29",2025,3,7,July,Model Kits,37,655.1200000000002,380.09000000000003,275.03000000000003,0.4198162168762974
"2025-07-29",2025,3,7,July,Outdoor Play,91,1820.1099999999994,1010.02,810.0900000000005,0.44507749531621754
"2025-07-29",2025,3,7,July,Plush,82,1539.9599999999998,907.7800000000001,632.1800000000002,0.4105171562897739
"2025-07-29",2025,3,7,July,Pretend Play,75,1544.5100000000004,942.0199999999999,602.49,0.39008488128921137
"2025-07-29",2025,3,7,July,Puzzles,128,2165.4699999999993,1147.2799999999997,1018.1899999999998,0.47019353766157007
"2025-07-29",2025,3,7,July,STEM Kits,84,1711.8000000000002,955.28,756.52,0.44194415235424694
"2025-07-29",2025,3,7,July,Toy Vehicles,144,2349.8400000000006,1414.3800000000003,935.4599999999998,0.39809518945970773
"2025-07-30",2025,3,7,July,Action Figures,125,2511.1199999999994,1382.05,1129.0699999999997,0.44962805441396664
"2025-07-30",2025,3,7,July,Arts & Crafts,147,1890.439999999999,1109.9599999999998,780.4799999999994,0.41285626626605443
"2025-07-30",2025,3,7,July,Baby & Toddler,131,1919.2599999999998,1081.6999999999994,837.5599999999997,0.4363973614830715
"2025-07-30",2025,3,7,July,Board Games,114,2095.29,1127.0399999999997,968.2499999999999,0.4621078705095714
"2025-07-30",2025,3,7,July,Building Blocks,106,1523.4200000000003,880.7099999999998,642.7099999999997,0.4218862821808822
"2025-07-30",2025,3,7,July,Card Games,82,1772.1200000000001,907.0400000000001,865.0800000000002,0.4881610726135928
"2025-07-30",2025,3,7,July,Collectibles,5,96.95,47.599999999999994,49.35000000000001,0.5090252707581229
"2025-07-30",2025,3,7,July,Dolls,119,2153.08,1208.5800000000002,944.5000000000003,0.4386738997157562
"2025-07-30",2025,3,7,July,Educational,87,1564.1200000000001,896.88,667.2399999999999,0.42659131012965745
"2025-07-30",2025,3,7,July,Model Kits,51,957.9100000000001,543.94,413.9699999999999,0.4321595974569635
"2025-07-30",2025,3,7,July,Outdoor Play,113,2136.0799999999995,1146.7399999999996,989.3399999999998,0.46315681060634434
"2025-07-30",2025,3,7,July,Plush,99,1660.239999999999,967.8900000000001,692.3499999999999,0.417018021490869
"2025-07-30",2025,3,7,July,Pretend Play,93,1728.0600000000004,996.7600000000001,731.2999999999998,0.4231913243753109
"2025-07-30",2025,3,7,July,Puzzles,112,2101.3900000000003,1101.38,1000.0099999999999,0.47588025069120904
"2025-07-30",2025,3,7,July,STEM Kits,90,1754.1899999999996,996.99,757.1999999999999,0.4316522155524773
"2025-07-30",2025,3,7,July,Toy Vehicles,103,1761.2900000000002,984.1299999999998,777.1599999999999,0.44124476945874885
"2025-07-31",2025,3,7,July,Action Figures,161,3050.2999999999997,1713.4199999999998,1336.8800000000003,0.43827820214405155
"2025-07-31",2025,3,7,July,Arts & Crafts,208,2355.5099999999993,1435.8899999999999,919.6199999999997,0.3904122674070583
"2025-07-31",2025,3,7,July,Baby & Toddler,89,1382.7400000000002,769.55,613.19,0.4434600864949303
"2025-07-31",2025,3,7,July,Board Games,102,1975.3999999999994,1114.6499999999999,860.7500000000001,0.4357345347777667
"2025-07-31",2025,3,7,July,Building Blocks,99,1341.3500000000001,789.3699999999999,551.98,0.41151079136690644
"2025-07-31",2025,3,7,July,Card Games,97,2105.1299999999997,1092.7200000000005,1012.4100000000002,0.48092516851690886
"2025-07-31",2025,3,7,July,Dolls,89,1343.6999999999996,709.41,634.29,0.4720473319937487
"2025-07-31",2025,3,7,July,Educational,101,1990.4699999999996,1100.5100000000002,889.9599999999998,0.44711048144408105
"2025-07-31",2025,3,7,July,Model Kits,69,1128.8,637.27,491.5299999999998,0.4354447200566972
"2025-07-31",2025,3,7,July,Outdoor Play,113,1917.61,1056.8900000000003,860.72,0.4488503918940765
"2025-07-31",2025,3,7,July,Plush,65,966.4699999999999,522.1100000000001,444.35999999999996,0.4597762993160677
"2025-07-31",2025,3,7,July,Pretend Play,77,1227.8400000000004,750.2900000000001,477.5499999999999,0.38893504039614263
"2025-07-31",2025,3,7,July,Puzzles,133,2357.8,1254.1399999999999,1103.6599999999996,0.4680888964288742
"2025-07-31",2025,3,7,July,STEM Kits,65,1221.49,690.6599999999997,530.8300000000002,0.43457580495951675
"2025-07-31",2025,3,7,July,Toy Vehicles,120,1824.8400000000004,1058.87,765.9699999999997,0.41974638872449066
"2025-08-01",2025,3,8,August,Action Figures,141,2598.189999999999,1467.5300000000004,1130.6599999999996,0.4351721775543744
"2025-08-01",2025,3,8,August,Arts & Crafts,113,1496.2299999999998,938.68,557.5500000000001,0.3726365598871832
"2025-08-01",2025,3,8,August,Baby & Toddler,124,1908.9199999999996,1079.3299999999997,829.5899999999997,0.4345860486557844
"2025-08-01",2025,3,8,August,Board Games,74,1131.67,610.6200000000001,521.05,0.46042574248676726
"2025-08-01",2025,3,8,August,Building Blocks,54,922.74,526.21,396.53,0.4297310184884149
"2025-08-01",2025,3,8,August,Card Games,58,1389.9599999999998,733.76,656.2000000000002,0.4720999165443612
"2025-08-01",2025,3,8,August,Collectibles,14,271.46000000000004,133.27999999999997,138.18000000000004,0.5090252707581228
"2025-08-01",2025,3,8,August,Dolls,83,1521.1,826.7500000000001,694.3499999999998,0.45647886398001436
"2025-08-01",2025,3,8,August,Educational,85,1470.9399999999998,842.68,628.2599999999999,0.42711463417950424
"2025-08-01",2025,3,8,August,Model Kits,38,685.7099999999999,393.9800000000001,291.72999999999996,0.425442242347348
"2025-08-01",2025,3,8,August,Outdoor Play,115,2277.7399999999993,1273.7499999999998,1003.9900000000004,0.4407834081150617
"2025-08-01",2025,3,8,August,Plush,56,959.5200000000003,548.73,410.7900000000001,0.42812031015507745
"2025-08-01",2025,3,8,August,Pretend Play,96,1856.7099999999998,1166.92,689.79,0.37151197548351655
"2025-08-01",2025,3,8,August,Puzzles,124,2276.3600000000006,1220.47,1055.8899999999996,0.4638501818692998
"2025-08-01",2025,3,8,August,STEM Kits,67,1525.9800000000005,833.67,692.31,0.4536822238823574
"2025-08-01",2025,3,8,August,Toy Vehicles,130,2024.0900000000006,1126.58,897.5100000000001,0.443414077437268
"2025-08-02",2025,3,8,August,Action Figures,111,2151.5699999999997,1236.2000000000003,915.37,0.42544281617609475
"2025-08-02",2025,3,8,August,Arts & Crafts,150,1818.6300000000003,1037.44,781.19,0.42954861626609037
"2025-08-02",2025,3,8,August,Baby & Toddler,122,2038.02,1129.7199999999998,908.2999999999998,0.4456776675400633
"2025-08-02",2025,3,8,August,Board Games,99,1606.9000000000003,898.2400000000002,708.6599999999999,0.441010641608065
"2025-08-02",2025,3,8,August,Building Blocks,87,1385.1299999999997,801.9000000000002,583.2299999999999,0.42106517077819416
"2025-08-02",2025,3,8,August,Card Games,87,1809.1300000000003,907.21,901.9200000000001,0.49853797129006755
"2025-08-02",2025,3,8,August,Dolls,106,1793.8699999999994,979.0500000000002,814.82,0.454224665109512
"2025-08-02",2025,3,8,August,Educational,83,1508.6499999999996,817.54,691.1099999999999,0.458098299804461
"2025-08-02",2025,3,8,August,Model Kits,53,983.2300000000004,538.13,445.09999999999997,0.45269163878238033
"2025-08-02",2025,3,8,August,Outdoor Play,137,2467.2900000000004,1363.8400000000004,1103.4500000000003,0.4472315779661086
"2025-08-02",2025,3,8,August,Plush,59,980.6599999999999,602.09,378.57,0.38603593498256283
"2025-08-02",2025,3,8,August,Pretend Play,100,1815.4900000000002,1092.87,722.62,0.398030283835218
"2025-08-02",2025,3,8,August,Puzzles,133,2418.87,1265.2799999999997,1153.5899999999997,0.47691277331977316
"2025-08-02",2025,3,8,August,STEM Kits,78,1554.14,861.95,692.19,0.44538458568726114
"2025-08-02",2025,3,8,August,Toy Vehicles,114,1867.9200000000008,1087.03,780.8899999999995,0.41805323568461134
"2025-08-03",2025,3,8,August,Action Figures,111,2035.1999999999996,1170.6200000000003,864.58,0.4248132861635221
"2025-08-03",2025,3,8,August,Arts & Crafts,147,1807.9499999999998,1068.4,739.5500000000001,0.40905445393954487
"2025-08-03",2025,3,8,August,Baby & Toddler,99,1568.1599999999999,924.6099999999998,643.55,0.41038541985511684
"2025-08-03",2025,3,8,August,Board Games,100,1779.6499999999996,986.3399999999999,793.3099999999998,0.4457674261793049
"2025-08-03",2025,3,8,August,Building Blocks,93,1571.86,896.0400000000001,675.8199999999998,0.4299492321199088
"2025-08-03",2025,3,8,August,Card Games,71,1494.4900000000005,745.1299999999999,749.3600000000001,0.5014151984958078
"2025-08-03",2025,3,8,August,Collectibles,1,19.39,9.52,9.870000000000001,0.5090252707581228
"2025-08-03",2025,3,8,August,Dolls,71,1168.5399999999997,650.5600000000001,517.9800000000001,0.443271090420525
"2025-08-03",2025,3,8,August,Educational,103,1977.0199999999988,1150.58,826.44,0.4180230852495172
"2025-08-03",2025,3,8,August,Model Kits,40,603.4899999999999,310.24999999999994,293.23999999999995,0.48590697443205355
"2025-08-03",2025,3,8,August,Outdoor Play,114,2041.4199999999996,1116.9999999999998,924.4200000000003,0.45283185233807866
"2025-08-03",2025,3,8,August,Plush,94,1458.6899999999996,887.0999999999999,571.5900000000001,0.39185159286757315
"2025-08-03",2025,3,8,August,Pretend Play,86,1685.7700000000004,1002.6299999999998,683.1399999999998,0.40523914887558776
"2025-08-03",2025,3,8,August,Puzzles,148,2666.3599999999997,1416.4999999999998,1249.8599999999992,0.4687514064117371
"2025-08-03",2025,3,8,August,STEM Kits,94,1811.6099999999997,1022.2700000000001,789.3399999999999,0.4357118805924013
"2025-08-03",2025,3,8,August,Toy Vehicles,147,2444.7100000000005,1395.6200000000006,1049.0899999999997,0.42912656306883
"2025-08-04",2025,3,8,August,Action Figures,136,2803.2299999999996,1587.1999999999996,1216.03,0.43379601388398387
"2025-08-04",2025,3,8,August,Arts & Crafts,108,1532.9299999999998,881.4800000000001,651.45,0.4249704813657506
"2025-08-04",2025,3,8,August,Baby & Toddler,144,2328.2799999999993,1327.7899999999997,1000.4899999999999,0.4297120621231124
"2025-08-04",2025,3,8,August,Board Games,79,1592.2099999999996,883.9800000000001,708.2300000000001,0.4448094158433877
"2025-08-04",2025,3,8,August,Building Blocks,81,1426.93,814.0299999999999,612.9000000000002,0.42952352252738407
"2025-08-04",2025,3,8,August,Card Games,70,1450.53,733.6899999999999,716.84,0.49419177817763166
"2025-08-04",2025,3,8,August,Collectibles,3,58.17,28.56,29.610000000000003,0.5090252707581228
"2025-08-04",2025,3,8,August,Dolls,118,2164.9399999999996,1162.9,1002.0399999999998,0.46284885493362404
"2025-08-04",2025,3,8,August,Educational,97,1652.3099999999997,918.1299999999999,734.1799999999997,0.44433550604910693
"2025-08-04",2025,3,8,August,Model Kits,54,884.7,494.3700000000002,390.3299999999998,0.44120040691759893
"2025-08-04",2025,3,8,August,Outdoor Play,119,2254.159999999999,1256.43,997.7300000000002,0.44261720552223477
"2025-08-04",2025,3,8,August,Plush,59,1056.5100000000002,652.83,403.6800000000001,0.3820881960416844
"2025-08-04",2025,3,8,August,Pretend Play,71,1316.9299999999996,820.06,496.8699999999999,0.3772941614208804
"2025-08-04",2025,3,8,August,Puzzles,96,1693.0599999999995,860.52,832.5399999999998,0.49173685516166
"2025-08-04",2025,3,8,August,STEM Kits,96,1955.7500000000002,1090.8599999999997,864.8899999999999,0.4422293237888277
"2025-08-04",2025,3,8,August,Toy Vehicles,113,1837.7900000000006,1087.12,750.6699999999996,0.4084634261803576
"2025-08-05",2025,3,8,August,Action Figures,102,2181.19,1230.05,951.14,0.43606471696642657
"2025-08-05",2025,3,8,August,Arts & Crafts,151,1713.5399999999997,1024.8799999999997,688.6599999999999,0.4018931568565659
"2025-08-05",2025,3,8,August,Baby & Toddler,147,2217.7099999999996,1271.6299999999999,946.0799999999995,0.42660221579918006
"2025-08-05",2025,3,8,August,Board Games,103,1863.98,1037.3700000000001,826.6099999999998,0.4434650586379681
"2025-08-05",2025,3,8,August,Building Blocks,112,1694.0900000000001,975.4300000000002,718.6599999999997,0.42421595074641827
"2025-08-05",2025,3,8,August,Card Games,74,1741.4600000000005,877.8900000000001,863.57,0.49588850734441203
"2025-08-05",2025,3,8,August,Collectibles,6,116.34,57.12,59.220000000000006,0.5090252707581228
"2025-08-05",2025,3,8,August,Dolls,109,1969.3199999999997,1076.5400000000002,892.7800000000002,0.45334430158633454
"2025-08-05",2025,3,8,August,Educational,95,1825.7399999999996,1036.5000000000002,789.2399999999998,0.43228499129120246
"2025-08-05",2025,3,8,August,Model Kits,69,1135.8100000000002,639.2400000000001,496.5699999999999,0.4371946012097092
"2025-08-05",2025,3,8,August,Outdoor Play,77,1692.15,957.46,734.6900000000003,0.4341754572585174
"2025-08-05",2025,3,8,August,Plush,64,972.5200000000002,574.8,397.72,0.408958170526056
"2025-08-05",2025,3,8,August,Pretend Play,90,2070.0200000000004,1272.64,797.3799999999999,0.3852040076907468
"2025-08-05",2025,3,8,August,Puzzles,102,1785.8000000000002,959.1700000000001,826.6299999999999,0.4628905812520998
"2025-08-05",2025,3,8,August,STEM Kits,97,2111.05,1211.3599999999992,899.69,0.4261812841950688
"2025-08-05",2025,3,8,August,Toy Vehicles,176,2915.66,1728.110000000001,1187.55,0.40730057688482196
"2025-08-06",2025,3,8,August,Action Figures,132,2375.92,1342.6999999999998,1033.2200000000003,0.43487154449644777
"2025-08-06",2025,3,8,August,Arts & Crafts,136,1754.0899999999995,1073.42,680.6699999999998,0.3880473635902377
"2025-08-06",2025,3,8,August,Baby & Toddler,90,1368.9599999999996,768.86,600.1,0.43836196820944384
"2025-08-06",2025,3,8,August,Board Games,72,1075.0299999999997,618.6400000000001,456.39,0.42453698966540476
"2025-08-06",2025,3,8,August,Building Blocks,95,1564.6099999999997,897.3799999999997,667.2300000000001,0.42645132013728676
"2025-08-06",2025,3,8,August,Card Games,73,1873.3799999999999,936.4200000000001,936.9599999999998,0.5001441245235884
"2025-08-06",2025,3,8,August,Collectibles,8,155.12,76.16,78.96000000000001,0.5090252707581228
"2025-08-06",2025,3,8,August,Dolls,69,1337.7699999999993,724.8700000000001,612.9000000000002,0.4581505041972839
"2025-08-06",2025,3,8,August,Educational,90,1692.4799999999996,969.72,722.7599999999998,0.42704197390811116
"2025-08-06",2025,3,8,August,Model Kits,54,745.32,393.38000000000005,351.9399999999999,0.4721998604626199
"2025-08-06",2025,3,8,August,Outdoor Play,84,1596.0100000000002,869.2199999999998,726.7900000000001,0.4553793522596976
"2025-08-06",2025,3,8,August,Plush,110,1855.1299999999994,1079.5100000000002,775.6200000000002,0.4180946887819185
"2025-08-06",2025,3,8,August,Pretend Play,79,1811.95,1113.9899999999996,697.9599999999998,0.3851982670603492
"2025-08-06",2025,3,8,August,Puzzles,110,2004.0799999999997,1043.25,960.8300000000002,0.47943694862480557
"2025-08-06",2025,3,8,August,STEM Kits,64,1312.79,756.61,556.1800000000001,0.4236625812201495
"2025-08-06",2025,3,8,August,Toy Vehicles,116,1895.1300000000008,1123.5799999999997,771.5499999999996,0.40712246653263856
"2025-08-07",2025,3,8,August,Action Figures,107,2418.0699999999993,1336.18,1081.8899999999999,0.44741880921561417
"2025-08-07",2025,3,8,August,Arts & Crafts,115,1428.6099999999997,857.1200000000001,571.4899999999998,0.40003219913062343
"2025-08-07",2025,3,8,August,Baby & Toddler,120,1621.8199999999993,915.5999999999996,706.2199999999998,0.43544906339791106
"2025-08-07",2025,3,8,August,Board Games,100,1820.7599999999998,987.0000000000002,833.76,0.45791867132406255
"2025-08-07",2025,3,8,August,Building Blocks,128,1871.4,1084.78,786.62,0.42033771507961953
"2025-08-07",2025,3,8,August,Card Games,55,1323.8600000000001,668.28,655.5799999999999,0.4952034203012402
"2025-08-07",2025,3,8,August,Collectibles,9,174.51,85.67999999999999,88.83000000000001,0.5090252707581229
"2025-08-07",2025,3,8,August,Dolls,120,2192.87,1229.4500000000007,963.4199999999998,0.43934204946029626
"2025-08-07",2025,3,8,August,Educational,79,1383.85,790.79,593.06,0.42855800845467357
"2025-08-07",2025,3,8,August,Model Kits,83,1320.4000000000003,728.1200000000001,592.2799999999999,0.44856104210845177
"2025-08-07",2025,3,8,August,Outdoor Play,119,2195.02,1190.7800000000002,1004.2400000000004,0.4575083598327124
"2025-08-07",2025,3,8,August,Plush,59,1034.5800000000002,598.7500000000001,435.83,0.42126273463627745
"2025-08-07",2025,3,8,August,Pretend Play,92,1848.1500000000003,1131.8999999999999,716.2499999999999,0.3875497118740361
"2025-08-07",2025,3,8,August,Puzzles,97,2077.6999999999994,1098.6,979.1,0.4712422390142948
"2025-08-07",2025,3,8,August,STEM Kits,67,1273.5400000000002,701.5799999999998,571.9600000000002,0.4491103538169198
"2025-08-07",2025,3,8,August,Toy Vehicles,98,1546.9000000000008,887.8000000000001,659.0999999999997,0.4260779623763652
"2025-08-08",2025,3,8,August,Action Figures,149,3595.419999999999,1997.4699999999998,1597.95,0.4444404269876678
"2025-08-08",2025,3,8,August,Arts & Crafts,159,2068.2099999999996,1219.9400000000003,848.2699999999999,0.4101469386570996
"2025-08-08",2025,3,8,August,Baby & Toddler,148,2375.1699999999996,1320.0,1055.1699999999998,0.4442503062938653
"2025-08-08",2025,3,8,August,Board Games,107,2063.0499999999997,1094.24,968.81,0.4696008337170694
"2025-08-08",2025,3,8,August,Building Blocks,101,1495.5299999999997,851.8699999999998,643.6599999999999,0.4303892265618209
"2025-08-08",2025,3,8,August,Card Games,63,1327.5199999999995,683.63,643.8900000000003,0.4850322405688807
"2025-08-08",2025,3,8,August,Collectibles,5,96.95,47.599999999999994,49.35000000000001,0.5090252707581229
"2025-08-08",2025,3,8,August,Dolls,83,1571.86,887.6600000000001,684.2000000000002,0.43528049571844835
"2025-08-08",2025,3,8,August,Educational,84,1350.6799999999998,747.2299999999999,603.4499999999998,0.4467749577990345
"2025-08-08",2025,3,8,August,Model Kits,45,664.65,377.86000000000007,286.79,0.4314902580305424
"2025-08-08",2025,3,8,August,Outdoor Play,134,2489.87,1368.46,1121.4100000000003,0.4503889761312841
"2025-08-08",2025,3,8,August,Plush,56,912.8299999999999,543.7599999999999,369.07,0.4043140562864937
"2025-08-08",2025,3,8,August,Pretend Play,66,1340.0700000000002,856.42,483.65,0.36091398210541237
"2025-08-08",2025,3,8,August,Puzzles,84,1717.5899999999997,865.71,851.88,0.49597401009554093
"2025-08-08",2025,3,8,August,STEM Kits,62,1330.9700000000003,758.9099999999999,572.06,0.42980683261080255
"2025-08-08",2025,3,8,August,Toy Vehicles,110,1864.3700000000003,1096.8199999999997,767.5499999999998,0.4116940306913326
"2025-08-09",2025,3,8,August,Action Figures,155,2684.8699999999994,1548.83,1136.04,0.42312663182947413
"2025-08-09",2025,3,8,August,Arts & Crafts,137,1781.4599999999996,1057.6999999999998,723.7599999999999,0.40627350600069606
"2025-08-09",2025,3,8,August,Baby & Toddler,136,1978.369999999999,1124.6099999999997,853.7599999999996,0.43154718278178505
"2025-08-09",2025,3,8,August,Board Games,103,1575.4199999999998,883.6400000000002,691.78,0.4391083012783893
"2025-08-09",2025,3,8,August,Building Blocks,88,1468.3799999999997,822.6200000000001,645.76,0.4397771693975675
"2025-08-09",2025,3,8,August,Card Games,89,1733.0400000000002,922.0700000000002,810.9699999999999,0.46794649863823096
"2025-08-09",2025,3,8,August,Collectibles,6,116.34,57.12,59.220000000000006,0.5090252707581228
"2025-08-09",2025,3,8,August,Dolls,101,1782.8799999999999,989.8000000000002,793.08,0.444830835502109
"2025-08-09",2025,3,8,August,Educational,91,1667.6399999999996,955.6299999999998,712.0099999999996,0.4269566573121296
"2025-08-09",2025,3,8,August,Model Kits,44,632.8100000000002,348.7200000000001,284.09,0.44893411924590304
"2025-08-09",2025,3,8,August,Outdoor Play,103,1957.87,1081.4099999999999,876.4600000000003,0.44765995699408045
"2025-08-09",2025,3,8,August,Plush,72,1407.6499999999996,813.7700000000001,593.8799999999999,0.4218946471068803
"2025-08-09",2025,3,8,August,Pretend Play,81,1530.9700000000005,901.4399999999999,629.53,0.41119682292925386
"2025-08-09",2025,3,8,August,Puzzles,84,1563.7799999999995,820.2600000000001,743.52,0.47546330046425983
"2025-08-09",2025,3,8,August,STEM Kits,107,2157.1599999999994,1243.5400000000002,913.62,0.42352908453707666
"2025-08-09",2025,3,8,August,Toy Vehicles,155,2557.5,1487.3900000000008,1070.1099999999997,0.4184203323558161
"2025-08-10",2025,3,8,August,Action Figures,146,3375.6399999999985,1853.6499999999996,1521.9899999999998,0.45087450083539726
"2025-08-10",2025,3,8,August,Arts & Crafts,179,2034.5500000000002,1179.6799999999996,854.8699999999999,0.42017645179523716
"2025-08-10",2025,3,8,August,Baby & Toddler,122,1744.8899999999996,1003.1799999999997,741.7099999999997,0.42507550619236734
"2025-08-10",2025,3,8,August,Board Games,92,1410.44,784.1600000000002,626.2799999999999,0.4440316496979665
"2025-08-10",2025,3,8,August,Building Blocks,116,1772.0299999999995,1007.05,764.98,0.4316969802994307
"2025-08-10",2025,3,8,August,Card Games,80,1953.6,1025.39,928.21,0.47512796887796893
"2025-08-10",2025,3,8,August,Collectibles,5,96.95,47.599999999999994,49.35000000000001,0.5090252707581229
"2025-08-10",2025,3,8,August,Dolls,129,2498.6099999999997,1363.6799999999998,1134.93,0.4542245488491602
"2025-08-10",2025,3,8,August,Educational,114,2176.2999999999997,1283.56,892.7399999999998,0.410209989431604
"2025-08-10",2025,3,8,August,Model Kits,58,969.4599999999999,527.5900000000001,441.86999999999983,0.45578982113754035
"2025-08-10",2025,3,8,August,Outdoor Play,144,2349.8599999999997,1319.68,1030.18,0.43840058556679984
"2025-08-10",2025,3,8,August,Plush,70,1039.1100000000001,598.5000000000001,440.61000000000007,0.42402633022490405
"2025-08-10",2025,3,8,August,Pretend Play,85,1769.0199999999998,1074.7999999999997,694.2199999999999,0.3924319679822727
"2025-08-10",2025,3,8,August,Puzzles,126,2442.7700000000004,1288.3300000000006,1154.4400000000005,0.4725946364168548
"2025-08-10",2025,3,8,August,STEM Kits,113,2211.1500000000005,1248.87,962.2800000000001,0.43519435587816285
"2025-08-10",2025,3,8,August,Toy Vehicles,110,1869.0900000000006,1108.9299999999998,760.16,0.40670058691662775
"2025-08-11",2025,3,8,August,Action Figures,149,2512.219999999999,1440.8400000000001,1071.3799999999999,0.42646742721576947
"2025-08-11",2025,3,8,August,Arts & Crafts,125,1445.3799999999992,866.61,578.7700000000001,0.4004275692205513
"2025-08-11",2025,3,8,August,Baby & Toddler,144,2273.37,1273.6799999999994,999.6899999999998,0.43973924174243517
"2025-08-11",2025,3,8,August,Board Games,86,1415.2799999999993,805.0999999999999,610.18,0.4311373014527162
"2025-08-11",2025,3,8,August,Building Blocks,70,1076.9899999999998,631.2199999999999,445.7700000000001,0.41390356456420224
"2025-08-11",2025,3,8,August,Card Games,50,1021.43,523.6299999999999,497.80000000000007,0.48735596173991375
"2025-08-11",2025,3,8,August,Collectibles,3,58.17,28.56,29.610000000000003,0.5090252707581228
"2025-08-11",2025,3,8,August,Dolls,72,1222.1399999999996,703.0900000000001,519.05,0.4247058438476771
"2025-08-11",2025,3,8,August,Educational,77,1409.6599999999999,795.5400000000001,614.1199999999999,0.43565114992267634
"2025-08-11",2025,3,8,August,Model Kits,42,669.04,364.84000000000003,304.19999999999993,0.4546813344493602
"2025-08-11",2025,3,8,August,Outdoor Play,119,2163.69,1187.45,976.2400000000004,0.4511921763284021
"2025-08-11",2025,3,8,August,Plush,95,1610.92,996.88,614.0400000000001,0.38117349092444075
"2025-08-11",2025,3,8,August,Pretend Play,85,1781.0200000000004,1080.98,700.04,0.39305566473144593
"2025-08-11",2025,3,8,August,Puzzles,116,1831.6699999999994,969.5900000000003,862.0799999999998,0.47065246469069216
"2025-08-11",2025,3,8,August,STEM Kits,108,2239.2500000000005,1279.8799999999999,959.3699999999999,0.4284336273305793
"2025-08-11",2025,3,8,August,Toy Vehicles,132,2257.3200000000006,1353.000000000001,904.3199999999998,0.4006166604646216
"2025-08-12",2025,3,8,August,Action Figures,180,4097.099999999999,2208.45,1888.65,0.46097239510873556
"2025-08-12",2025,3,8,August,Arts & Crafts,152,1725.7300000000002,1049.81,675.92,0.3916719301397089
"2025-08-12",2025,3,8,August,Baby & Toddler,106,1614.1900000000003,909.6899999999998,704.4999999999999,0.4364418067265934
"2025-08-12",2025,3,8,August,Board Games,102,1743.0199999999993,963.7800000000003,779.2399999999999,0.44706314328005425
"2025-08-12",2025,3,8,August,Building Blocks,63,953.04,554.38,398.66,0.41830353395450354
"2025-08-12",2025,3,8,August,Card Games,69,1733.5900000000001,904.2199999999999,829.3700000000002,0.478411850552899
"2025-08-12",2025,3,8,August,Collectibles,4,77.56,38.08,39.480000000000004,0.5090252707581228
"2025-08-12",2025,3,8,August,Dolls,78,1373.94,785.22,588.72,0.42849032708851914
"2025-08-12",2025,3,8,August,Educational,121,2092.28,1205.6300000000003,886.6500000000001,0.42377215286672915
"2025-08-12",2025,3,8,August,Model Kits,55,972.5100000000001,554.9100000000001,417.5999999999999,0.4294043248912606
"2025-08-12",2025,3,8,August,Outdoor Play,91,1574.5799999999997,877.34,697.2400000000002,0.44281014619771647
"2025-08-12",2025,3,8,August,Plush,132,2145.379999999999,1205.0900000000004,940.2900000000002,0.43828599129291806
"2025-08-12",2025,3,8,August,Pretend Play,78,1430.2400000000005,865.11,565.1299999999999,0.39512948875713144
"2025-08-12",2025,3,8,August,Puzzles,103,1767.009999999999,962.81,804.2,0.45511909949575863
"2025-08-12",2025,3,8,August,STEM Kits,127,2439.6800000000003,1372.9899999999996,1066.6900000000003,0.43722537381951737
"2025-08-12",2025,3,8,August,Toy Vehicles,153,2351.6499999999996,1409.42,942.2299999999994,0.40066761635447434
"2025-08-13",2025,3,8,August,Action Figures,121,1906.6099999999994,1077.2,829.41,0.43501817361704814
"2025-08-13",2025,3,8,August,Arts & Crafts,156,1810.6499999999999,1094.6499999999994,716.0,0.3954381023389391
"2025-08-13",2025,3,8,August,Baby & Toddler,154,2207.689999999999,1312.7099999999996,894.9799999999999,0.40539206138543016
"2025-08-13",2025,3,8,August,Board Games,97,1696.85,921.0900000000004,775.7599999999998,0.45717653298759453
"2025-08-13",2025,3,8,August,Building Blocks,87,1137.7599999999998,663.2299999999999,474.53000000000014,0.41707389959218133
"2025-08-13",2025,3,8,August,Card Games,65,1650.4300000000003,844.4699999999998,805.96,0.4883333434317117
"2025-08-13",2025,3,8,August,Collectibles,23,445.97,218.96000000000004,227.01000000000002,0.5090252707581228
"2025-08-13",2025,3,8,August,Dolls,106,1983.5899999999995,1101.4099999999999,882.1800000000002,0.44473908418574426
"2025-08-13",2025,3,8,August,Educational,92,1442.0300000000002,790.9900000000002,651.0399999999997,0.4514746572540097
"2025-08-13",2025,3,8,August,Model Kits,58,896.62,517.6100000000001,379.00999999999993,0.42270973210501656
"2025-08-13",2025,3,8,August,Outdoor Play,102,1927.86,1069.6899999999998,858.1700000000003,0.4451412446961918
"2025-08-13",2025,3,8,August,Plush,120,2108.6999999999994,1194.3300000000002,914.3700000000001,0.4336178688291366
"2025-08-13",2025,3,8,August,Pretend Play,63,1682.1500000000003,986.9300000000001,695.2199999999999,0.41329251255833294
"2025-08-13",2025,3,8,August,Puzzles,108,2059.0700000000006,1083.2300000000002,975.84,0.47392269325472164
"2025-08-13",2025,3,8,August,STEM Kits,96,1926.0200000000007,1079.1099999999994,846.91,0.43972025212614596
"2025-08-13",2025,3,8,August,Toy Vehicles,137,2231.97,1325.4300000000005,906.5399999999996,0.40616137313673556
"2025-08-14",2025,3,8,August,Action Figures,115,2421.5499999999997,1363.23,1058.32,0.43704239020462105
"2025-08-14",2025,3,8,August,Arts & Crafts,133,1637.4999999999998,980.95,656.5499999999998,0.4009465648854961
"2025-08-14",2025,3,8,August,Baby & Toddler,117,1904.1899999999998,1041.4799999999998,862.7100000000002,0.453058780898965
"2025-08-14",2025,3,8,August,Board Games,107,1666.8099999999997,926.4600000000002,740.35,0.44417180122509475
"2025-08-14",2025,3,8,August,Building Blocks,85,1322.71,754.96,567.7500000000003,0.4292324092204643
"2025-08-14",2025,3,8,August,Card Games,71,1703.8900000000003,859.1600000000003,844.7299999999999,0.495765571721179
"2025-08-14",2025,3,8,August,Collectibles,2,38.78,19.04,19.740000000000002,0.5090252707581228
"2025-08-14",2025,3,8,August,Dolls,80,1249.9399999999996,686.86,563.0799999999999,0.450485623309919
"2025-08-14",2025,3,8,August,Educational,90,1573.6399999999999,903.4299999999998,670.2099999999999,0.42589791820238426
"2025-08-14",2025,3,8,August,Model Kits,51,823.6800000000001,448.4200000000001,375.25999999999993,0.4555895493395492
"2025-08-14",2025,3,8,August,Outdoor Play,124,2553.7799999999993,1435.9100000000003,1117.8700000000003,0.4377315195514103
"2025-08-14",2025,3,8,August,Plush,71,1225.5300000000002,788.8199999999999,436.7100000000001,0.35634378595383226
"2025-08-14",2025,3,8,August,Pretend Play,87,1776.5700000000004,1077.57,698.9999999999999,0.39345480335703054
"2025-08-14",2025,3,8,August,Puzzles,131,2273.4499999999994,1198.8400000000001,1074.61,0.4726780883678991
"2025-08-14",2025,3,8,August,STEM Kits,82,1557.8699999999997,870.9799999999999,686.8900000000001,0.4409161226546504
"2025-08-14",2025,3,8,August,Toy Vehicles,90,1600.0000000000005,947.78,652.2199999999999,0.4076374999999998
"2025-08-15",2025,3,8,August,Action Figures,158,3217.4299999999985,1840.9099999999999,1376.52,0.4278321517484454
"2025-08-15",2025,3,8,August,Arts & Crafts,177,2292.27,1351.9099999999999,940.36,0.4102309064813482
"2025-08-15",2025,3,8,August,Baby & Toddler,167,2623.06,1450.6699999999998,1172.39,0.4469550829946704
"2025-08-15",2025,3,8,August,Board Games,87,1451.72,838.7000000000002,613.0200000000001,0.42227151241286204
"2025-08-15",2025,3,8,August,Building Blocks,92,1201.48,717.6199999999999,483.86000000000007,0.4027199786929454
"2025-08-15",2025,3,8,August,Card Games,69,1448.8600000000001,742.1899999999999,706.6700000000001,0.4877420868821004
"2025-08-15",2025,3,8,August,Collectibles,1,19.39,9.52,9.870000000000001,0.5090252707581228
"2025-08-15",2025,3,8,August,Dolls,94,1631.81,897.2500000000001,734.56,0.45015044643677876
"2025-08-15",2025,3,8,August,Educational,102,1953.8599999999997,1107.9,845.96,0.4329685852619943
"2025-08-15",2025,3,8,August,Model Kits,66,976.32,532.0400000000003,444.27999999999986,0.45505571943625023
"2025-08-15",2025,3,8,August,Outdoor Play,129,2178.599999999999,1208.97,969.6300000000002,0.4450702285871664
"2025-08-15",2025,3,8,August,Plush,69,1265.2999999999997,758.74,506.55999999999995,0.4003477436181143
"2025-08-15",2025,3,8,August,Pretend Play,49,1260.5900000000001,749.4200000000001,511.1699999999999,0.4055005989258997
"2025-08-15",2025,3,8,August,Puzzles,126,2286.469999999999,1195.8700000000001,1090.6,0.4769797985541032
"2025-08-15",2025,3,8,August,STEM Kits,91,1948.3899999999996,1108.5899999999997,839.8000000000001,0.4310225365558231
"2025-08-15",2025,3,8,August,Toy Vehicles,141,2416.340000000001,1368.3200000000002,1048.0199999999998,0.4337220755357273
"2025-08-16",2025,3,8,August,Action Figures,136,2878.0899999999983,1612.6299999999999,1265.4599999999998,0.4396874315952595
"2025-08-16",2025,3,8,August,Arts & Crafts,178,2126.919999999999,1279.27,847.6499999999999,0.3985340304289772
"2025-08-16",2025,3,8,August,Baby & Toddler,173,2939.9400000000005,1610.7699999999995,1329.1699999999998,0.45210786614692805
"2025-08-16",2025,3,8,August,Board Games,91,1561.6699999999998,925.0400000000001,636.63,0.40765974885859374
"2025-08-16",2025,3,8,August,Building Blocks,98,1647.4800000000002,948.5000000000002,698.98,0.42427222181756374
"2025-08-16",2025,3,8,August,Card Games,84,1736.4799999999998,859.6600000000001,876.8200000000002,0.5049410301299182
"2025-08-16",2025,3,8,August,Collectibles,12,232.68,114.23999999999998,118.44000000000003,0.5090252707581229
"2025-08-16",2025,3,8,August,Dolls,84,1518.3799999999997,858.8500000000003,659.5300000000003,0.43436425664194767
"2025-08-16",2025,3,8,August,Educational,100,1697.8199999999997,1004.7800000000001,693.0399999999998,0.40819403705928775
"2025-08-16",2025,3,8,August,Model Kits,68,981.59,519.9499999999999,461.63999999999993,0.4702981896718588
"2025-08-16",2025,3,8,August,Outdoor Play,119,1907.2899999999997,1061.4,845.89,0.44350360983384807
"2025-08-16",2025,3,8,August,Plush,52,1048.8400000000001,625.56,423.28000000000003,0.4035696579077838
"2025-08-16",2025,3,8,August,Pretend Play,87,1468.5600000000002,847.7399999999999,620.82,0.4227406438960614
"2025-08-16",2025,3,8,August,Puzzles,138,2495.450000000001,1311.6100000000004,1183.8400000000001,0.4743994069205953
"2025-08-16",2025,3,8,August,STEM Kits,80,1652.9200000000005,930.0299999999997,722.89,0.4373411901362436
"2025-08-16",2025,3,8,August,Toy Vehicles,140,2432.8499999999995,1436.3700000000003,996.4799999999999,0.4095936864171651
"2025-08-17",2025,3,8,August,Action Figures,108,2168.7900000000004,1207.0600000000002,961.7299999999999,0.44344081261901785
"2025-08-17",2025,3,8,August,Arts & Crafts,127,1605.58,955.8400000000001,649.7399999999998,0.4046761917811631
"2025-08-17",2025,3,8,August,Baby & Toddler,120,1846.7699999999995,1036.73,810.0399999999996,0.4386252754809748
"2025-08-17",2025,3,8,August,Board Games,113,1843.4899999999993,1029.8500000000001,813.64,0.44135851021703415
"2025-08-17",2025,3,8,August,Building Blocks,78,1251.37,741.3799999999998,509.98999999999995,0.4075453303179715
"2025-08-17",2025,3,8,August,Card Games,88,2307.1899999999996,1195.4800000000002,1111.71,0.4818458817869357
"2025-08-17",2025,3,8,August,Collectibles,13,252.07,123.75999999999999,128.31,0.5090252707581228
"2025-08-17",2025,3,8,August,Dolls,96,1748.6900000000003,941.5299999999999,807.1600000000002,0.46157981117293523
"2025-08-17",2025,3,8,August,Educational,125,1971.23,1173.6900000000003,797.54,0.40459002754625284
"2025-08-17",2025,3,8,August,Model Kits,34,576.5800000000002,323.00000000000006,253.57999999999998,0.4398002011863053
"2025-08-17",2025,3,8,August,Outdoor Play,115,2012.8600000000001,1097.96,914.9000000000001,0.4545273888894409
"2025-08-17",2025,3,8,August,Plush,56,844.5600000000001,526.09,318.46999999999997,0.37708392535758256
"2025-08-17",2025,3,8,August,Pretend Play,60,1272.4400000000003,747.9100000000001,524.5299999999999,0.4122237590770486
"2025-08-17",2025,3,8,August,Puzzles,116,2070.25,1048.09,1022.1600000000001,0.49373747131988893
"2025-08-17",2025,3,8,August,STEM Kits,80,1489.0500000000002,831.0499999999998,658.0,0.4418924817836875
"2025-08-17",2025,3,8,August,Toy Vehicles,134,2211.4800000000005,1307.1699999999998,904.3099999999995,0.40891620091522385
"2025-08-18",2025,3,8,August,Action Figures,139,2838.8399999999997,1604.67,1234.1699999999996,0.4347444730946442
"2025-08-18",2025,3,8,August,Arts & Crafts,155,2197.58,1343.8399999999997,853.7400000000001,0.3884909764377179
"2025-08-18",2025,3,8,August,Baby & Toddler,130,2185.5299999999997,1211.0899999999997,974.4399999999996,0.4458598143242141
"2025-08-18",2025,3,8,August,Board Games,105,1693.34,927.2199999999999,766.12,0.452431289640592
"2025-08-18",2025,3,8,August,Building Blocks,65,1208.3599999999997,658.9899999999999,549.37,0.4546410010261844
"2025-08-18",2025,3,8,August,Card Games,49,1040.24,550.89,489.34999999999997,0.47042028762593247
"2025-08-18",2025,3,8,August,Collectibles,1,19.39,9.52,9.870000000000001,0.5090252707581228
"2025-08-18",2025,3,8,August,Dolls,77,1266.1899999999996,728.55,537.6400000000001,0.4246124199369765
"2025-08-18",2025,3,8,August,Educational,91,1550.8899999999999,901.7300000000002,649.1599999999999,0.41857256156142597
"2025-08-18",2025,3,8,August,Model Kits,67,994.65,555.7600000000001,438.88999999999993,0.4412506911979088
"2025-08-18",2025,3,8,August,Outdoor Play,92,1636.1799999999998,878.55,757.6300000000006,0.46304807539512804
"2025-08-18",2025,3,8,August,Plush,64,1093.9300000000003,632.0100000000001,461.9200000000001,0.4222573656449681
"2025-08-18",2025,3,8,August,Pretend Play,81,1655.8200000000004,1008.7299999999999,647.0899999999998,0.3907973088862314
"2025-08-18",2025,3,8,August,Puzzles,88,1797.55,956.0000000000003,841.5500000000001,0.4681650023643293
"2025-08-18",2025,3,8,August,STEM Kits,97,2212.3200000000006,1259.2399999999998,953.08,0.43080567006581316
"2025-08-18",2025,3,8,August,Toy Vehicles,135,2216.270000000001,1245.7099999999998,970.5599999999996,0.4379249820644593
"2025-08-19",2025,3,8,August,Action Figures,155,3262.849999999999,1850.6899999999998,1412.1599999999999,0.43279954640881446
"2025-08-19",2025,3,8,August,Arts & Crafts,134,1568.2099999999996,1000.4100000000001,567.8000000000002,0.3620688555741899
"2025-08-19",2025,3,8,August,Baby & Toddler,178,2848.6599999999994,1560.48,1288.18,0.4522055984217142
"2025-08-19",2025,3,8,August,Board Games,118,2162.3199999999993,1156.6800000000003,1005.6400000000001,0.46507454955788247
"2025-08-19",2025,3,8,August,Building Blocks,103,1694.2499999999998,988.8800000000001,705.37,0.4163317101962521
"2025-08-19",2025,3,8,August,Card Games,55,1516.9500000000003,800.5000000000001,716.4499999999999,0.472296384191964
"2025-08-19",2025,3,8,August,Collectibles,16,310.24,152.32,157.92000000000002,0.5090252707581228
"2025-08-19",2025,3,8,August,Dolls,78,1338.49,707.3299999999999,631.16,0.4715462947052275
"2025-08-19",2025,3,8,August,Educational,104,1886.6299999999997,1123.74,762.8900000000001,0.40436651595702405
"2025-08-19",2025,3,8,August,Model Kits,45,814.03,453.6400000000001,360.39,0.4427232411581883
"2025-08-19",2025,3,8,August,Outdoor Play,109,2069.7299999999996,1165.98,903.7500000000005,0.436651157397342
"2025-08-19",2025,3,8,August,Plush,78,1236.35,702.1899999999999,534.16,0.43204594168318033
"2025-08-19",2025,3,8,August,Pretend Play,75,1540.0700000000002,941.7700000000002,598.3,0.38848883492308783
"2025-08-19",2025,3,8,August,Puzzles,118,2261.25,1154.7200000000003,1106.5300000000002,0.4893443891652848
"2025-08-19",2025,3,8,August,STEM Kits,100,1789.1199999999997,993.5699999999998,795.5499999999998,0.4446599445537471
"2025-08-19",2025,3,8,August,Toy Vehicles,140,2316.300000000001,1317.75,998.5499999999996,0.4310970081595645
"2025-08-20",2025,3,8,August,Action Figures,133,2692.4299999999985,1494.8400000000004,1197.5900000000001,0.44479893627689515
"2025-08-20",2025,3,8,August,Arts & Crafts,160,1853.5699999999995,1136.6399999999999,716.9300000000005,0.38678334241490786
"2025-08-20",2025,3,8,August,Baby & Toddler,136,1931.4999999999995,1113.3899999999994,818.1099999999998,0.423561998446803
"2025-08-20",2025,3,8,August,Board Games,72,1345.9699999999998,739.9300000000005,606.0399999999997,0.45026263586855564
"2025-08-20",2025,3,8,August,Building Blocks,76,836.9899999999999,519.86,317.12999999999994,0.37889341569194374
"2025-08-20",2025,3,8,August,Card Games,77,1783.4899999999998,908.68,874.81,0.49050457249550045
"2025-08-20",2025,3,8,August,Dolls,69,1272.71,685.87,586.8400000000003,0.46109482914411
"2025-08-20",2025,3,8,August,Educational,77,1300.27,766.42,533.8499999999999,0.41056857421920057
"2025-08-20",2025,3,8,August,Model Kits,55,897.58,510.2800000000001,387.29999999999995,0.43149357160364527
"2025-08-20",2025,3,8,August,Outdoor Play,97,1644.52,876.2200000000001,768.3000000000001,0.4671879940651376
"2025-08-20",2025,3,8,August,Plush,96,1586.18,893.4499999999998,692.7300000000001,0.4367284923526965
"2025-08-20",2025,3,8,August,Pretend Play,58,1255.4400000000003,728.92,526.52,0.4193908111897023
"2025-08-20",2025,3,8,August,Puzzles,138,2456.829999999999,1305.8899999999999,1150.94,0.46846546159074925
"2025-08-20",2025,3,8,August,STEM Kits,84,1862.5700000000002,1033.6599999999999,828.91,0.44503562282222947
"2025-08-20",2025,3,8,August,Toy Vehicles,130,2291.3100000000004,1296.8600000000006,994.4499999999998,0.43400936582129857
"2025-08-21",2025,3,8,August,Action Figures,135,2180.76,1240.6499999999996,940.1099999999999,0.4310928300225609
"2025-08-21",2025,3,8,August,Arts & Crafts,128,1640.2799999999995,979.7499999999999,660.5300000000001,0.4026934425829738
"2025-08-21",2025,3,8,August,Baby & Toddler,150,2500.5299999999993,1382.96,1117.57,0.4469332501509681
"2025-08-21",2025,3,8,August,Board Games,88,1435.6100000000001,811.7600000000001,623.8500000000001,0.4345539526751695
"2025-08-21",2025,3,8,August,Building Blocks,72,1025.5599999999997,588.3999999999999,437.1599999999999,0.42626467490931785
"2025-08-21",2025,3,8,August,Card Games,44,1022.61,531.7099999999999,490.9,0.48004615640371207
"2025-08-21",2025,3,8,August,Collectibles,7,135.73000000000002,66.63999999999999,69.09000000000002,0.5090252707581228
"2025-08-21",2025,3,8,August,Dolls,69,1218.0699999999997,662.4900000000002,555.5799999999999,0.45611500160089324
"2025-08-21",2025,3,8,August,Educational,124,2340.259999999999,1337.29,1002.9699999999998,0.4285720390042133
"2025-08-21",2025,3,8,August,Model Kits,53,785.23,433.81,351.4199999999999,0.4475376641238871
"2025-08-21",2025,3,8,August,Outdoor Play,121,2053.85,1116.9000000000003,936.95,0.45619202960294086
"2025-08-21",2025,3,8,August,Plush,63,1153.44,671.12,482.32000000000005,0.41815785823276463
"2025-08-21",2025,3,8,August,Pretend Play,72,1626.6600000000008,973.6899999999999,652.97,0.4014176287607734
"2025-08-21",2025,3,8,August,Puzzles,130,2234.8100000000004,1196.8299999999995,1037.9799999999998,0.46446006595638983
"2025-08-21",2025,3,8,August,STEM Kits,78,1649.0,935.53,713.47,0.43266828380836875
"2025-08-21",2025,3,8,August,Toy Vehicles,130,2280.290000000001,1295.9200000000005,984.3699999999998,0.4316863205995726
"2025-08-22",2025,3,8,August,Action Figures,160,2987.8999999999987,1713.9100000000003,1273.9900000000002,0.42638307841627926
"2025-08-22",2025,3,8,August,Arts & Crafts,181,2361.14,1433.4299999999992,927.71,0.39290766324741444
"2025-08-22",2025,3,8,August,Baby & Toddler,147,2133.9999999999995,1260.5299999999997,873.4699999999997,0.40931115276476093
"2025-08-22",2025,3,8,August,Board Games,115,2345.359999999999,1282.2000000000007,1063.16,0.45330354401882883
"2025-08-22",2025,3,8,August,Building Blocks,91,1167.4899999999996,710.2499999999999,457.24,0.3916436115084499
"2025-08-22",2025,3,8,August,Card Games,80,2212.0299999999997,1152.3500000000001,1059.68,0.47905317739813663
"2025-08-22",2025,3,8,August,Collectibles,5,96.95,47.599999999999994,49.35000000000001,0.5090252707581229
"2025-08-22",2025,3,8,August,Dolls,109,1838.04,1017.0099999999998,821.0300000000001,0.4466877761093339
"2025-08-22",2025,3,8,August,Educational,111,1951.3400000000006,1107.3400000000001,844.0,0.4325232916867382
"2025-08-22",2025,3,8,August,Model Kits,56,1004.4299999999998,569.91,434.5199999999999,0.43260356620172635
"2025-08-22",2025,3,8,August,Outdoor Play,116,1807.7399999999996,1008.4399999999999,799.3000000000002,0.4421542920995278
"2025-08-22",2025,3,8,August,Plush,69,1119.5299999999997,685.62,433.91,0.38758228899627534
"2025-08-22",2025,3,8,August,Pretend Play,103,2189.54,1340.5300000000002,849.01,0.3877572458141893
"2025-08-22",2025,3,8,August,Puzzles,115,2199.5600000000004,1111.2900000000002,1088.2700000000002,0.49476713524523086
"2025-08-22",2025,3,8,August,STEM Kits,78,1506.8300000000004,832.0199999999998,674.8099999999998,0.4478341949655898
"2025-08-22",2025,3,8,August,Toy Vehicles,138,2412.4800000000005,1390.2600000000004,1022.2199999999996,0.42372164743334634
"2025-08-23",2025,3,8,August,Action Figures,126,3099.2599999999998,1745.4199999999996,1353.84,0.43682685544291217
"2025-08-23",2025,3,8,August,Arts & Crafts,167,2134.36,1249.5599999999995,884.7999999999998,0.41455049757304285
"2025-08-23",2025,3,8,August,Baby & Toddler,105,1540.1200000000001,860.8899999999998,679.2299999999996,0.44102407604602206
"2025-08-23",2025,3,8,August,Board Games,104,1816.0099999999995,950.9100000000001,865.0999999999999,0.47637402877737467
"2025-08-23",2025,3,8,August,Building Blocks,94,1404.2699999999998,812.37,591.9,0.4215001388621847
"2025-08-23",2025,3,8,August,Card Games,64,1409.8700000000001,725.6699999999998,684.2,0.48529297027385504
"2025-08-23",2025,3,8,August,Collectibles,25,484.75,237.99999999999994,246.75000000000006,0.5090252707581229
"2025-08-23",2025,3,8,August,Dolls,69,1153.36,684.0400000000001,469.32,0.4069154470416869
"2025-08-23",2025,3,8,August,Educational,85,1784.3699999999994,972.3299999999999,812.0400000000001,0.45508498797895075
"2025-08-23",2025,3,8,August,Model Kits,60,1012.58,579.43,433.1499999999998,0.4277686701297673
"2025-08-23",2025,3,8,August,Outdoor Play,119,2025.13,1111.6000000000004,913.5300000000002,0.451096966614489
"2025-08-23",2025,3,8,August,Plush,96,1553.1299999999997,837.6199999999999,715.51,0.46068906015594324
"2025-08-23",2025,3,8,August,Pretend Play,42,815.7799999999999,484.25,331.53000000000003,0.40639633234450473
"2025-08-23",2025,3,8,August,Puzzles,116,2053.0,1087.5500000000002,965.4500000000002,0.47026302971261574
"2025-08-23",2025,3,8,August,STEM Kits,94,2050.4400000000005,1133.5999999999997,916.8399999999999,0.4471430522229374
"2025-08-23",2025,3,8,August,Toy Vehicles,140,2137.5800000000004,1290.3300000000004,847.2499999999997,0.39635943450069683
"2025-08-24",2025,3,8,August,Action Figures,111,1837.179999999999,1037.1699999999998,800.01,0.4354554262511025
"2025-08-24",2025,3,8,August,Arts & Crafts,122,1531.4300000000005,927.6499999999999,603.7800000000002,0.3942589605793278
"2025-08-24",2025,3,8,August,Baby & Toddler,113,1590.5800000000002,910.1599999999997,680.4199999999998,0.42778106099661745
"2025-08-24",2025,3,8,August,Board Games,78,1724.3899999999996,915.61,808.78,0.46902382871624176
"2025-08-24",2025,3,8,August,Building Blocks,71,1284.03,718.7699999999999,565.26,0.4402233592673068
"2025-08-24",2025,3,8,August,Card Games,93,1969.8,1029.8700000000001,939.9300000000002,0.4771702710935121
"2025-08-24",2025,3,8,August,Collectibles,14,271.46,133.28,138.18,0.5090252707581228
"2025-08-24",2025,3,8,August,Dolls,82,1427.6699999999998,769.62,658.0500000000001,0.46092584420769517
"2025-08-24",2025,3,8,August,Educational,120,2132.329999999999,1244.2799999999997,888.0499999999996,0.41646930822152295
"2025-08-24",2025,3,8,August,Model Kits,53,990.81,506.49000000000007,484.31999999999994,0.4888121839706906
"2025-08-24",2025,3,8,August,Outdoor Play,145,2614.75,1441.0900000000004,1173.6600000000003,0.4488612678076299
"2025-08-24",2025,3,8,August,Plush,58,925.8699999999999,552.7700000000001,373.1000000000001,0.4029723395293077
"2025-08-24",2025,3,8,August,Pretend Play,84,1624.7400000000002,964.8399999999998,659.9,0.4061572928591651
"2025-08-24",2025,3,8,August,Puzzles,92,1488.38,804.9900000000002,683.3899999999999,0.459150217014472
"2025-08-24",2025,3,8,August,STEM Kits,63,1300.38,748.8399999999997,551.5399999999998,0.424137559790215
"2025-08-24",2025,3,8,August,Toy Vehicles,130,1936.0000000000007,1154.8000000000002,781.1999999999998,0.4035123966942146
"2025-08-25",2025,3,8,August,Action Figures,132,2526.5799999999995,1467.46,1059.12,0.4191911595912261
"2025-08-25",2025,3,8,August,Arts & Crafts,124,1441.54,883.2900000000003,558.2500000000001,0.38725945863451594
"2025-08-25",2025,3,8,August,Baby & Toddler,158,2545.849999999999,1450.5199999999995,1095.3299999999997,0.4302413732152327
"2025-08-25",2025,3,8,August,Board Games,102,1703.16,1002.9700000000001,700.1899999999998,0.41111228539890543
"2025-08-25",2025,3,8,August,Building Blocks,74,1196.7099999999998,658.4199999999998,538.2899999999998,0.449808224214722
"2025-08-25",2025,3,8,August,Card Games,69,1657.1799999999996,871.4200000000001,785.76,0.4741548896317842
"2025-08-25",2025,3,8,August,Collectibles,3,58.17,28.56,29.610000000000003,0.5090252707581228
"2025-08-25",2025,3,8,August,Dolls,139,2396.919999999999,1350.98,1045.94,0.4363683393688569
"2025-08-25",2025,3,8,August,Educational,111,2282.1399999999994,1354.2,927.9399999999997,0.4066095857397004
"2025-08-25",2025,3,8,August,Model Kits,41,577.5800000000002,300.98,276.59999999999997,0.4788946985698949
"2025-08-25",2025,3,8,August,Outdoor Play,161,2871.0599999999995,1588.99,1282.0700000000002,0.446549358076808
"2025-08-25",2025,3,8,August,Plush,82,1343.3200000000002,809.9799999999999,533.34,0.39703123604204504
"2025-08-25",2025,3,8,August,Pretend Play,58,1187.02,721.9499999999998,465.06999999999994,0.39179626291048164
"2025-08-25",2025,3,8,August,Puzzles,110,1980.5399999999995,1052.3899999999996,928.15,0.4686348167671444
"2025-08-25",2025,3,8,August,STEM Kits,96,1974.0900000000004,1105.11,868.9800000000001,0.44019269638162395
"2025-08-25",2025,3,8,August,Toy Vehicles,170,2824.2800000000016,1650.310000000001,1173.9700000000005,0.4156705425807639
"2025-08-26",2025,3,8,August,Action Figures,131,2931.7399999999984,1669.1199999999997,1262.6200000000003,0.4306725698731815
"2025-08-26",2025,3,8,August,Arts & Crafts,139,1690.06,1037.04,653.0199999999999,0.3863886489237068
"2025-08-26",2025,3,8,August,Baby & Toddler,129,1965.9399999999998,1078.0799999999997,887.86,0.4516211074600446
"2025-08-26",2025,3,8,August,Board Games,111,1977.4399999999994,1114.4600000000003,862.9800000000001,0.43641273565822497
"2025-08-26",2025,3,8,August,Building Blocks,108,1562.2199999999998,884.7300000000001,677.4900000000002,0.43367131389945096
"2025-08-26",2025,3,8,August,Card Games,67,1605.1700000000003,816.1899999999999,788.9800000000002,0.49152426222767687
"2025-08-26",2025,3,8,August,Collectibles,17,329.63000000000005,161.84,167.79000000000002,0.5090252707581228
"2025-08-26",2025,3,8,August,Dolls,66,1256.18,703.1000000000001,553.0799999999999,0.44028721998439707
"2025-08-26",2025,3,8,August,Educational,86,1616.6299999999999,915.68,700.9500000000002,0.4335871535230697
"2025-08-26",2025,3,8,August,Model Kits,60,1009.93,546.62,463.3099999999999,0.4587545671482181
"2025-08-26",2025,3,8,August,Outdoor Play,99,1859.54,1024.8999999999999,834.6400000000004,0.4488421867773753
"2025-08-26",2025,3,8,August,Plush,91,1473.87,823.3400000000004,650.5300000000001,0.441375426598004
"2025-08-26",2025,3,8,August,Pretend Play,78,1549.4400000000003,938.58,610.8599999999999,0.3942456629491944
"2025-08-26",2025,3,8,August,Puzzles,120,1848.02,964.8600000000001,883.1600000000002,0.4778952608738002
"2025-08-26",2025,3,8,August,STEM Kits,67,1353.04,766.4899999999999,586.5499999999998,0.4335052917873824
"2025-08-26",2025,3,8,August,Toy Vehicles,146,2281.3500000000004,1323.13,958.2199999999997,0.4200232318583293
"2025-08-27",2025,3,8,August,Action Figures,179,3243.5299999999993,1834.2399999999989,1409.2900000000002,0.4344926669400315
"2025-08-27",2025,3,8,August,Arts & Crafts,179,2332.93,1439.99,892.9399999999998,0.3827547333181878
"2025-08-27",2025,3,8,August,Baby & Toddler,112,1769.5099999999998,993.5299999999995,775.9799999999999,0.4385281801176597
"2025-08-27",2025,3,8,August,Board Games,77,1470.8699999999997,836.39,634.4799999999999,0.43136375070536487
"2025-08-27",2025,3,8,August,Building Blocks,113,1690.7,975.5199999999999,715.1800000000001,0.42300822144673805
"2025-08-27",2025,3,8,August,Card Games,50,1173.2800000000002,619.1,554.1800000000001,0.4723339697258966
"2025-08-27",2025,3,8,August,Collectibles,5,96.95,47.599999999999994,49.35000000000001,0.5090252707581229
"2025-08-27",2025,3,8,August,Dolls,118,2129.2999999999993,1223.1399999999994,906.16,0.42556708777532537
"2025-08-27",2025,3,8,August,Educational,87,1705.3600000000004,926.7500000000001,778.61,0.45656635549092267
"2025-08-27",2025,3,8,August,Model Kits,44,609.42,323.7200000000001,285.7,0.4688064060910374
"2025-08-27",2025,3,8,August,Outdoor Play,102,1823.6099999999997,1021.86,801.7500000000001,0.4396499251484694
"2025-08-27",2025,3,8,August,Plush,65,922.0400000000003,546.11,375.93,0.4077155004121295
"2025-08-27",2025,3,8,August,Pretend Play,62,1236.0900000000001,727.8699999999999,508.21999999999986,0.4111512915726199
"2025-08-27",2025,3,8,August,Puzzles,101,1725.269999999999,925.7299999999999,799.5399999999998,0.46342891257600277
"2025-08-27",2025,3,8,August,STEM Kits,80,1531.9700000000003,851.2399999999997,680.7299999999999,0.44434943243013886
"2025-08-27",2025,3,8,August,Toy Vehicles,137,2189.9500000000007,1264.4100000000003,925.5399999999997,0.4226306536678917
"2025-08-28",2025,3,8,August,Action Figures,136,2878.5599999999986,1589.0100000000002,1289.5500000000002,0.4479844088711025
"2025-08-28",2025,3,8,August,Arts & Crafts,162,2044.8899999999996,1284.4299999999998,760.46,0.371883084175677
"2025-08-28",2025,3,8,August,Baby & Toddler,102,1521.0200000000002,847.2299999999998,673.7900000000001,0.44298562806537717
"2025-08-28",2025,3,8,August,Board Games,96,1517.5099999999998,879.0900000000003,638.42,0.4207023347457348
"2025-08-28",2025,3,8,August,Building Blocks,88,1381.3099999999997,781.8499999999999,599.4600000000002,0.4339793384540764
"2025-08-28",2025,3,8,August,Card Games,61,1421.9699999999996,742.2999999999998,679.6700000000003,0.47797773511396197
"2025-08-28",2025,3,8,August,Collectibles,13,252.07000000000002,123.75999999999999,128.31000000000003,0.5090252707581229
"2025-08-28",2025,3,8,August,Dolls,74,1227.5800000000002,694.2100000000002,533.37,0.4344889946072761
"2025-08-28",2025,3,8,August,Educational,95,1650.39,902.5999999999999,747.7899999999997,0.4530989644871816
"2025-08-28",2025,3,8,August,Model Kits,41,600.01,320.78999999999996,279.22,0.465358910684822
"2025-08-28",2025,3,8,August,Outdoor Play,109,2040.6399999999999,1113.91,926.7299999999999,0.45413693743139405
"2025-08-28",2025,3,8,August,Plush,69,1141.49,727.9300000000002,413.56000000000006,0.3622983994603545
"2025-08-28",2025,3,8,August,Pretend Play,61,1106.79,672.1899999999999,434.59999999999997,0.39266708228299857
"2025-08-28",2025,3,8,August,Puzzles,110,2063.35,1101.38,961.9699999999998,0.46621755882424204
"2025-08-28",2025,3,8,August,STEM Kits,79,1818.76,1016.1600000000002,802.6,0.4412896698849766
"2025-08-28",2025,3,8,August,Toy Vehicles,107,1891.4800000000005,1125.4500000000005,766.03,0.40498974348129496
"2025-08-29",2025,3,8,August,Action Figures,143,2550.5500000000006,1443.1099999999997,1107.4399999999998,0.4341965458430533
"2025-08-29",2025,3,8,August,Arts & Crafts,121,1514.7499999999993,906.2300000000001,608.5200000000001,0.4017296583594655
"2025-08-29",2025,3,8,August,Baby & Toddler,167,2843.7899999999986,1588.1899999999996,1255.599999999999,0.4415234598897948
"2025-08-29",2025,3,8,August,Board Games,129,2172.67,1213.5800000000004,959.0900000000003,0.441433811853618
"2025-08-29",2025,3,8,August,Building Blocks,77,1234.08,698.6900000000003,535.39,0.4338373525217166
"2025-08-29",2025,3,8,August,Card Games,80,1790.0800000000002,924.58,865.4999999999999,0.48349794422595627
"2025-08-29",2025,3,8,August,Collectibles,13,252.07,123.75999999999999,128.31,0.5090252707581228
"2025-08-29",2025,3,8,August,Dolls,116,2161.1800000000003,1210.4699999999996,950.7100000000005,0.4399032010290676
"2025-08-29",2025,3,8,August,Educational,77,1343.62,753.83,589.7899999999998,0.4389559548086512
"2025-08-29",2025,3,8,August,Model Kits,40,611.09,321.67,289.42,0.4736127248032205
"2025-08-29",2025,3,8,August,Outdoor Play,135,2381.0600000000004,1298.1199999999997,1082.9400000000005,0.45481424239624385
"2025-08-29",2025,3,8,August,Plush,51,809.21,474.93999999999994,334.26999999999987,0.413081894687411
"2025-08-29",2025,3,8,August,Pretend Play,80,1522.5000000000002,853.74,668.7599999999998,0.4392512315270934
"2025-08-29",2025,3,8,August,Puzzles,124,2164.2499999999995,1146.35,1017.8999999999999,0.470324592815063
"2025-08-29",2025,3,8,August,STEM Kits,80,1587.9099999999999,908.9700000000003,678.9399999999999,0.42756831306560195
"2025-08-29",2025,3,8,August,Toy Vehicles,146,2202.860000000001,1302.5100000000002,900.3499999999996,0.4087186657345447
"2025-08-30",2025,3,8,August,Action Figures,163,2750.4499999999985,1553.3,1197.1499999999999,0.4352560490101622
"2025-08-30",2025,3,8,August,Arts & Crafts,158,2158.1599999999994,1296.25,861.91,0.39937261370797356
"2025-08-30",2025,3,8,August,Baby & Toddler,128,1932.97,1079.4600000000003,853.5099999999998,0.4415536712933981
"2025-08-30",2025,3,8,August,Board Games,90,1317.9999999999998,727.8499999999999,590.1499999999999,0.4477617602427921
"2025-08-30",2025,3,8,August,Building Blocks,87,1166.9299999999998,693.2800000000001,473.6499999999999,0.40589409818926586
"2025-08-30",2025,3,8,August,Card Games,71,1580.7099999999998,809.2499999999999,771.4599999999999,0.48804651074517147
"2025-08-30",2025,3,8,August,Collectibles,8,155.12,76.16,78.96000000000001,0.5090252707581228
"2025-08-30",2025,3,8,August,Dolls,98,1851.94,974.1500000000002,877.7899999999998,0.473984038359774
"2025-08-30",2025,3,8,August,Educational,91,1827.9399999999994,996.0899999999997,831.8499999999998,0.4550751118745692
"2025-08-30",2025,3,8,August,Model Kits,45,605.54,322.3300000000001,283.21,0.46769825279915445
"2025-08-30",2025,3,8,August,Outdoor Play,109,1869.16,1057.6299999999999,811.5300000000004,0.4341682894990265
"2025-08-30",2025,3,8,August,Plush,86,1427.0799999999995,849.07,578.01,0.405029851164616
"2025-08-30",2025,3,8,August,Pretend Play,98,2156.9900000000002,1338.47,818.5200000000001,0.3794732474420373
"2025-08-30",2025,3,8,August,Puzzles,110,2025.4399999999998,1079.2399999999998,946.2000000000004,0.46715775337704424
"2025-08-30",2025,3,8,August,STEM Kits,91,1797.6199999999994,996.41,801.2099999999999,0.4457059890299397
"2025-08-30",2025,3,8,August,Toy Vehicles,135,2543.8700000000003,1440.5600000000006,1103.3099999999997,0.433713200753183
"2025-08-31",2025,3,8,August,Action Figures,126,2310.3399999999997,1319.4599999999998,990.8799999999999,0.42888925439545694
"2025-08-31",2025,3,8,August,Arts & Crafts,153,1852.4800000000005,1061.0599999999997,791.4200000000003,0.4272218863361548
"2025-08-31",2025,3,8,August,Baby & Toddler,136,1971.41,1108.9400000000003,862.4699999999995,0.4374889038809783
"2025-08-31",2025,3,8,August,Board Games,106,1733.2499999999998,922.5899999999999,810.6599999999997,0.46771094764171345
"2025-08-31",2025,3,8,August,Building Blocks,103,1497.4299999999996,857.0499999999998,640.3800000000001,0.4276527116459536
"2025-08-31",2025,3,8,August,Card Games,62,1459.5900000000001,783.91,675.6800000000001,0.4629245198994238
"2025-08-31",2025,3,8,August,Collectibles,3,58.17,28.56,29.610000000000003,0.5090252707581228
"2025-08-31",2025,3,8,August,Dolls,67,1076.82,581.8300000000002,494.9900000000001,0.45967756913876057
"2025-08-31",2025,3,8,August,Educational,111,1951.65,1079.03,872.62,0.44711910434760327
"2025-08-31",2025,3,8,August,Model Kits,57,981.16,540.0100000000001,441.14999999999986,0.44962085694484066
"2025-08-31",2025,3,8,August,Outdoor Play,84,1653.24,916.5200000000001,736.7200000000001,0.44562193027025726
"2025-08-31",2025,3,8,August,Plush,90,1521.6200000000003,871.1900000000003,650.4300000000002,0.42745889249615543
"2025-08-31",2025,3,8,August,Pretend Play,89,1724.7900000000002,1075.0299999999997,649.76,0.376718325129436
"2025-08-31",2025,3,8,August,Puzzles,112,2231.84,1141.16,1090.68,0.4886909455874973
"2025-08-31",2025,3,8,August,STEM Kits,106,2130.11,1195.2600000000002,934.85,0.43887404875804537
"2025-08-31",2025,3,8,August,Toy Vehicles,92,1316.5500000000002,793.9499999999999,522.6,0.3969465648854961
"2025-09-01",2025,3,9,September,Action Figures,130,2901.649999999999,1609.3700000000001,1292.2799999999997,0.44536039839401725
"2025-09-01",2025,3,9,September,Arts & Crafts,115,1392.8499999999997,862.1800000000001,530.67,0.3809957999784615
"2025-09-01",2025,3,9,September,Baby & Toddler,134,2109.7500000000005,1170.63,939.12,0.4451333096338428
"2025-09-01",2025,3,9,September,Board Games,86,1495.7599999999998,863.3600000000002,632.4000000000001,0.42279510081831323
"2025-09-01",2025,3,9,September,Building Blocks,83,1218.8600000000001,695.0000000000001,523.8600000000001,0.4297950543950906
"2025-09-01",2025,3,9,September,Card Games,78,1802.9200000000003,936.1300000000001,866.79,0.48077008408581623
"2025-09-01",2025,3,9,September,Collectibles,6,116.34,57.12,59.220000000000006,0.5090252707581228
"2025-09-01",2025,3,9,September,Dolls,87,1549.83,844.97,704.8599999999999,0.4547982681971571
"2025-09-01",2025,3,9,September,Educational,114,2038.0899999999992,1215.3099999999997,822.7799999999999,0.40370150484031625
"2025-09-01",2025,3,9,September,Model Kits,47,821.69,456.76,364.9299999999999,0.4441212622765275
"2025-09-01",2025,3,9,September,Outdoor Play,119,2420.4100000000003,1339.04,1081.37,0.4467714147603091
"2025-09-01",2025,3,9,September,Plush,63,1081.2100000000003,601.72,479.48999999999995,0.4434753655626565
"2025-09-01",2025,3,9,September,Pretend Play,66,1255.7099999999998,752.8299999999999,502.8799999999999,0.40047463188156496
"2025-09-01",2025,3,9,September,Puzzles,114,2040.8600000000001,1087.13,953.7300000000001,0.46731769940123286
"2025-09-01",2025,3,9,September,STEM Kits,86,1748.9300000000003,1008.3999999999997,740.5299999999996,0.4234188904072773
"2025-09-01",2025,3,9,September,Toy Vehicles,138,2572.1500000000005,1491.5600000000002,1080.59,0.4201115798067763
"2025-09-02",2025,3,9,September,Action Figures,151,2796.159999999998,1592.8099999999997,1203.3500000000001,0.430358062485695
"2025-09-02",2025,3,9,September,Arts & Crafts,148,1813.3099999999995,1083.04,730.2699999999999,0.40272760862731694
"2025-09-02",2025,3,9,September,Baby & Toddler,135,2258.5899999999997,1258.14,1000.4499999999995,0.44295334699967664
"2025-09-02",2025,3,9,September,Board Games,97,1477.2099999999998,841.8399999999999,635.37,0.4301148787240813
"2025-09-02",2025,3,9,September,Building Blocks,98,1497.8399999999995,846.3699999999999,651.4699999999997,0.4349396464241841
"2025-09-02",2025,3,9,September,Card Games,87,2044.68,1042.5600000000004,1002.1200000000003,0.4901109220024651
"2025-09-02",2025,3,9,September,Collectibles,10,193.9,95.19999999999999,98.70000000000002,0.5090252707581229
"2025-09-02",2025,3,9,September,Dolls,75,1367.6699999999996,745.5,622.17,0.4549123692118714
"2025-09-02",2025,3,9,September,Educational,109,1871.5300000000002,1114.01,757.5200000000001,0.4047597420292488
"2025-09-02",2025,3,9,September,Model Kits,57,876.5900000000001,451.46000000000004,425.1299999999998,0.4849815763355728
"2025-09-02",2025,3,9,September,Outdoor Play,106,1989.9000000000003,1097.7399999999998,892.1600000000003,0.4483441378963768
"2025-09-02",2025,3,9,September,Plush,56,823.5500000000002,500.67999999999984,322.87,0.39204662740574336
"2025-09-02",2025,3,9,September,Pretend Play,63,1336.6100000000001,855.9199999999997,480.68999999999994,0.35963370018180313
"2025-09-02",2025,3,9,September,Puzzles,134,2144.7,1148.7200000000003,995.98,0.4643912901571316
"2025-09-02",2025,3,9,September,STEM Kits,98,1923.45,1076.11,847.3399999999998,0.4405313369206373
"2025-09-02",2025,3,9,September,Toy Vehicles,141,2390.58,1431.99,958.5899999999998,0.4009863715081695
"2025-09-03",2025,3,9,September,Action Figures,139,3061.5099999999998,1689.2500000000005,1372.2600000000002,0.44822979510111033
"2025-09-03",2025,3,9,September,Arts & Crafts,153,1917.9899999999996,1151.25,766.74,0.39976225110662733
"2025-09-03",2025,3,9,September,Baby & Toddler,120,1647.5299999999997,975.5799999999998,671.9499999999999,0.4078529677760041
"2025-09-03",2025,3,9,September,Board Games,86,1428.3599999999997,794.2000000000003,634.1600000000001,0.4439777087008879
"2025-09-03",2025,3,9,September,Building Blocks,113,1976.0800000000002,1093.6399999999999,882.4399999999998,0.44656086798105327
"2025-09-03",2025,3,9,September,Card Games,60,1429.81,735.06,694.75,0.4859037214734825
"2025-09-03",2025,3,9,September,Collectibles,7,135.73000000000002,66.64,69.09,0.5090252707581226
"2025-09-03",2025,3,9,September,Dolls,81,1566.8599999999994,847.08,719.7800000000001,0.4593773534329808
"2025-09-03",2025,3,9,September,Educational,115,1988.0200000000002,1145.88,842.1399999999998,0.4236074083761731
"2025-09-03",2025,3,9,September,Model Kits,58,1045.3600000000001,575.94,469.4199999999999,0.4490510446162086
"2025-09-03",2025,3,9,September,Outdoor Play,123,2093.25,1165.1900000000003,928.0600000000004,0.44335841394960007
"2025-09-03",2025,3,9,September,Plush,79,1370.4099999999999,808.9000000000001,561.51,0.40973869134054774
"2025-09-03",2025,3,9,September,Pretend Play,83,1437.71,894.4900000000001,543.2200000000001,0.37783697685903284
"2025-09-03",2025,3,9,September,Puzzles,105,1960.1799999999998,1005.58,954.5999999999998,0.4869960921956146
"2025-09-03",2025,3,9,September,STEM Kits,112,2400.45,1340.0699999999997,1060.3799999999999,0.44174217334249827
"2025-09-03",2025,3,9,September,Toy Vehicles,152,2575.8900000000003,1510.0600000000006,1065.8299999999995,0.41377155080379957
"2025-09-04",2025,3,9,September,Action Figures,154,2511.149999999999,1424.6000000000004,1086.5499999999995,0.4326902017004161
"2025-09-04",2025,3,9,September,Arts & Crafts,149,1971.9899999999998,1198.0600000000002,773.93,0.39246142221816543
"2025-09-04",2025,3,9,September,Baby & Toddler,142,2186.22,1243.4299999999996,942.7899999999996,0.43124205249242975
"2025-09-04",2025,3,9,September,Board Games,63,1228.9799999999996,664.8700000000001,564.11,0.45900665592605266
"2025-09-04",2025,3,9,September,Building Blocks,79,1342.66,753.0500000000001,589.61,0.43913574546050377
"2025-09-04",2025,3,9,September,Card Games,80,2041.0399999999995,1063.2100000000003,977.8300000000002,0.47908419237251615
"2025-09-04",2025,3,9,September,Dolls,124,2294.4799999999996,1280.3,1014.18,0.4420086468393711
"2025-09-04",2025,3,9,September,Educational,121,2334.89,1316.5499999999997,1018.3399999999999,0.43614046057844263
"2025-09-04",2025,3,9,September,Model Kits,30,570.3500000000001,334.94000000000005,235.41,0.41274655913035846
"2025-09-04",2025,3,9,September,Outdoor Play,146,2710.5699999999997,1485.6799999999998,1224.8900000000006,0.45189388209859943
"2025-09-04",2025,3,9,September,Plush,62,1062.3600000000001,657.2800000000001,405.08000000000015,0.38130200685266774
"2025-09-04",2025,3,9,September,Pretend Play,81,1357.17,817.2800000000001,539.89,0.3978057280959644
"2025-09-04",2025,3,9,September,Puzzles,131,2065.2799999999997,1094.5699999999997,970.7099999999999,0.47001375116207006
"2025-09-04",2025,3,9,September,STEM Kits,109,1951.8700000000001,1117.8000000000004,834.07,0.42731841772249174
"2025-09-04",2025,3,9,September,Toy Vehicles,122,2023.3500000000004,1167.1599999999994,856.1899999999995,0.4231546692366616
"2025-09-05",2025,3,9,September,Action Figures,115,2144.1799999999994,1250.9400000000003,893.2400000000001,0.41658815957615514
"2025-09-05",2025,3,9,September,Arts & Crafts,159,2086.289999999999,1269.329999999999,816.9599999999999,0.39158506247932945
"2025-09-05",2025,3,9,September,Baby & Toddler,136,1995.8299999999995,1111.7099999999998,884.1199999999995,0.442983620849471
"2025-09-05",2025,3,9,September,Board Games,82,1393.9399999999998,807.54,586.4000000000001,0.42067807796605317
"2025-09-05",2025,3,9,September,Building Blocks,94,1400.8500000000001,810.5600000000001,590.2900000000001,0.4213798765035514
"2025-09-05",2025,3,9,September,Card Games,65,1551.4,800.6800000000001,750.7199999999999,0.4838984143354389
"2025-09-05",2025,3,9,September,Collectibles,13,252.07,123.75999999999999,128.31000000000003,0.5090252707581229
"2025-09-05",2025,3,9,September,Dolls,79,1426.7699999999998,780.72,646.0500000000002,0.4528059883513112
"2025-09-05",2025,3,9,September,Educational,128,2341.47,1284.7299999999996,1056.7399999999996,0.4513147723438693
"2025-09-05",2025,3,9,September,Model Kits,71,1231.6699999999996,711.99,519.6799999999997,0.4219311991036559
"2025-09-05",2025,3,9,September,Outdoor Play,117,1989.4199999999998,1120.2800000000002,869.1400000000004,0.43688110102441946
"2025-09-05",2025,3,9,September,Plush,66,915.4900000000001,531.7299999999999,383.75999999999993,0.4191853542911445
"2025-09-05",2025,3,9,September,Pretend Play,102,1962.5500000000006,1160.07,802.4799999999998,0.4088965886219457
"2025-09-05",2025,3,9,September,Puzzles,120,2108.3699999999994,1092.48,1015.8899999999998,0.4818366795201981
"2025-09-05",2025,3,9,September,STEM Kits,101,2083.59,1151.2199999999996,932.3699999999995,0.44748247015967607
"2025-09-05",2025,3,9,September,Toy Vehicles,108,1955.8400000000004,1164.49,791.3500000000001,0.40460876145287955
"2025-09-06",2025,3,9,September,Action Figures,131,2848.879999999998,1610.0299999999997,1238.85,0.43485510095195334
"2025-09-06",2025,3,9,September,Arts & Crafts,181,2280.47,1349.37,931.1000000000001,0.4082930273145449
"2025-09-06",2025,3,9,September,Baby & Toddler,102,1405.4700000000003,778.6699999999998,626.7999999999997,0.4459718101418028
"2025-09-06",2025,3,9,September,Board Games,132,2044.5799999999995,1156.92,887.66,0.4341527355251446
"2025-09-06",2025,3,9,September,Building Blocks,75,1370.5,762.9000000000001,607.5999999999999,0.4433418460415906
"2025-09-06",2025,3,9,September,Card Games,74,1719.9000000000003,870.3299999999997,849.5699999999999,0.49396476539333667
"2025-09-06",2025,3,9,September,Collectibles,7,135.73000000000002,66.64,69.09,0.5090252707581226
"2025-09-06",2025,3,9,September,Dolls,90,1560.6000000000001,854.7999999999997,705.8000000000001,0.45226195053184676
"2025-09-06",2025,3,9,September,Educational,83,1489.24,823.9799999999997,665.26,0.44671107410491256
"2025-09-06",2025,3,9,September,Model Kits,49,898.6800000000001,535.0900000000001,363.58999999999986,0.4045822762273555
"2025-09-06",2025,3,9,September,Outdoor Play,96,1795.89,1004.1499999999995,791.7400000000004,0.4408621908914245
"2025-09-06",2025,3,9,September,Plush,52,947.6299999999999,573.65,373.9800000000001,0.3946477000517081
"2025-09-06",2025,3,9,September,Pretend Play,74,1369.55,845.23,524.3199999999999,0.3828410791865941
"2025-09-06",2025,3,9,September,Puzzles,112,2124.87,1094.2100000000003,1030.6600000000003,0.48504614399939777
"2025-09-06",2025,3,9,September,STEM Kits,102,2249.19,1268.7900000000004,980.4,0.4358902538247102
"2025-09-06",2025,3,9,September,Toy Vehicles,152,2528.6200000000013,1452.6100000000001,1076.0099999999998,0.4255325038954051
"2025-09-07",2025,3,9,September,Action Figures,103,2621.269999999999,1483.3299999999997,1137.9399999999998,0.43411781312112074
"2025-09-07",2025,3,9,September,Arts & Crafts,200,2398.71,1443.79,954.9200000000002,0.39809731063780124
"2025-09-07",2025,3,9,September,Baby & Toddler,133,2018.5499999999995,1157.1299999999997,861.42,0.4267518763468828
"2025-09-07",2025,3,9,September,Board Games,82,1395.7599999999998,768.6600000000003,627.1,0.44928927609331126
"2025-09-07",2025,3,9,September,Building Blocks,69,1083.87,629.01,454.86,0.4196628746989953
"2025-09-07",2025,3,9,September,Card Games,74,1494.1600000000003,753.2100000000002,740.9499999999999,0.4958973603897841
"2025-09-07",2025,3,9,September,Collectibles,9,174.51000000000002,85.68,88.83000000000001,0.5090252707581228
"2025-09-07",2025,3,9,September,Dolls,81,1499.8700000000003,825.53,674.3400000000001,0.44959896524365445
"2025-09-07",2025,3,9,September,Educational,91,1725.8700000000001,961.9399999999999,763.9300000000001,0.4426347291510948
"2025-09-07",2025,3,9,September,Model Kits,36,616.8499999999999,342.65000000000003,274.2,0.44451649509605257
"2025-09-07",2025,3,9,September,Outdoor Play,115,2031.45,1118.6,912.8500000000004,0.44935883236112156
"2025-09-07",2025,3,9,September,Plush,92,1608.5900000000001,953.3300000000003,655.2600000000001,0.40735053680552535
"2025-09-07",2025,3,9,September,Pretend Play,89,1750.0400000000002,1058.0600000000002,691.9799999999999,0.39540810495760087
"2025-09-07",2025,3,9,September,Puzzles,82,1498.3600000000001,818.28,680.0800000000002,0.453882911983769
"2025-09-07",2025,3,9,September,STEM Kits,110,2277.39,1308.1200000000003,969.27,0.42560562749463204
"2025-09-07",2025,3,9,September,Toy Vehicles,155,2453.8400000000006,1459.4100000000003,994.4299999999996,0.4052546213282037
"2025-09-08",2025,3,9,September,Action Figures,146,2716.459999999999,1559.7700000000004,1156.69,0.42580785286733486
"2025-09-08",2025,3,9,September,Arts & Crafts,179,2375.6200000000003,1404.3200000000004,971.3,0.40886168663338407
"2025-09-08",2025,3,9,September,Baby & Toddler,138,1930.68,1122.2099999999998,808.4699999999998,0.4187488346074957
"2025-09-08",2025,3,9,September,Board Games,76,1541.4499999999996,808.53,732.9200000000002,0.4754743909954915
"2025-09-08",2025,3,9,September,Building Blocks,105,1587.11,879.5400000000001,707.5699999999998,0.44582291082533654
"2025-09-08",2025,3,9,September,Card Games,59,1391.6600000000003,734.5600000000001,657.1000000000001,0.47216992656252244
"2025-09-08",2025,3,9,September,Collectibles,12,232.68,114.23999999999998,118.44000000000003,0.5090252707581229
"2025-09-08",2025,3,9,September,Dolls,70,1255.6300000000003,698.3900000000001,557.2399999999999,0.4437931556270555
"2025-09-08",2025,3,9,September,Educational,98,1575.6899999999996,870.75,704.9399999999998,0.44738495516250026
"2025-09-08",2025,3,9,September,Model Kits,66,1003.6199999999998,544.7200000000001,458.89999999999975,0.45724477391841517
"2025-09-08",2025,3,9,September,Outdoor Play,103,1664.4499999999998,916.8299999999998,747.6200000000002,0.4491693952957435
"2025-09-08",2025,3,9,September,Plush,81,1482.8499999999997,819.3899999999999,663.46,0.44742219374852493
"2025-09-08",2025,3,9,September,Pretend Play,84,1457.83,867.77,590.0600000000001,0.4047522687830543
"2025-09-08",2025,3,9,September,Puzzles,110,1598.18,826.2400000000002,771.9399999999999,0.48301192606589993
"2025-09-08",2025,3,9,September,STEM Kits,114,2272.4999999999995,1256.8599999999992,1015.6399999999996,0.44692629262926287
"2025-09-08",2025,3,9,September,Toy Vehicles,142,2291.1400000000003,1345.3400000000001,945.8000000000001,0.41280759796433214
"2025-09-09",2025,3,9,September,Action Figures,175,3233.849999999999,1795.3199999999997,1438.53,0.4448351036690015
"2025-09-09",2025,3,9,September,Arts & Crafts,180,2427.1499999999996,1484.8500000000004,942.3000000000002,0.38823311291020346
"2025-09-09",2025,3,9,September,Baby & Toddler,147,2434.2299999999996,1360.7000000000003,1073.5299999999997,0.44101420161611676
"2025-09-09",2025,3,9,September,Board Games,93,1589.71,857.51,732.1999999999997,0.4605871511156121
"2025-09-09",2025,3,9,September,Building Blocks,98,1530.6300000000003,885.82,644.8100000000001,0.4212709799232995
"2025-09-09",2025,3,9,September,Card Games,82,1925.67,1021.9200000000001,903.7500000000002,0.4693171727242987
"2025-09-09",2025,3,9,September,Collectibles,4,77.56,38.08,39.480000000000004,0.5090252707581228
"2025-09-09",2025,3,9,September,Dolls,99,1694.7499999999995,946.8500000000003,747.9000000000001,0.4413040271426466
"2025-09-09",2025,3,9,September,Educational,71,1285.6899999999998,744.6600000000001,541.03,0.42080905972668375
"2025-09-09",2025,3,9,September,Model Kits,21,409.65000000000003,201.34999999999997,208.29999999999998,0.5084828512144512
"2025-09-09",2025,3,9,September,Outdoor Play,143,2757.4,1542.89,1214.5100000000002,0.4404547762384856
"2025-09-09",2025,3,9,September,Plush,68,1143.3300000000004,726.86,416.46999999999997,0.3642605372027322
"2025-09-09",2025,3,9,September,Pretend Play,84,1679.6200000000003,1008.1899999999999,671.4299999999998,0.3997511341851131
"2025-09-09",2025,3,9,September,Puzzles,105,1748.0499999999997,887.9499999999999,860.1,0.49203398072137533
"2025-09-09",2025,3,9,September,STEM Kits,71,1512.7600000000002,863.6899999999999,649.0699999999999,0.4290634337237895
"2025-09-09",2025,3,9,September,Toy Vehicles,105,1806.880000000001,1038.5100000000002,768.3699999999998,0.4252468343221461
"2025-09-10",2025,3,9,September,Action Figures,177,3580.409999999999,2035.7699999999988,1544.6399999999994,0.4314142793702397
"2025-09-10",2025,3,9,September,Arts & Crafts,119,1368.49,827.9900000000001,540.4999999999998,0.3949608692792784
"2025-09-10",2025,3,9,September,Baby & Toddler,146,1769.0499999999995,1077.3299999999997,691.7199999999998,0.3910121251519177
"2025-09-10",2025,3,9,September,Board Games,109,2103.8199999999993,1118.1800000000005,985.6399999999998,0.4685001568575259
"2025-09-10",2025,3,9,September,Building Blocks,99,1904.12,1071.1799999999998,832.9399999999997,0.43744091758922743
"2025-09-10",2025,3,9,September,Card Games,74,1608.3100000000004,829.36,778.95,0.484328270047441
"2025-09-10",2025,3,9,September,Collectibles,7,135.73000000000002,66.64,69.09,0.5090252707581226
"2025-09-10",2025,3,9,September,Dolls,82,1457.19,790.3400000000001,666.8500000000003,0.4576273512719688
"2025-09-10",2025,3,9,September,Educational,93,1685.8200000000004,952.7099999999999,733.1100000000001,0.4348684912980033
"2025-09-10",2025,3,9,September,Model Kits,64,1062.63,569.2200000000001,493.40999999999997,0.464329070325513
"2025-09-10",2025,3,9,September,Outdoor Play,104,1877.8999999999996,1017.2199999999999,860.6800000000003,0.4583204643484746
"2025-09-10",2025,3,9,September,Plush,73,1295.5400000000002,744.3900000000002,551.1499999999999,0.4254210599441158
"2025-09-10",2025,3,9,September,Pretend Play,59,1088.64,649.6899999999999,438.95000000000005,0.40320950911228687
"2025-09-10",2025,3,9,September,Puzzles,123,2234.85,1188.2900000000002,1046.5600000000002,0.46829093675190736
"2025-09-10",2025,3,9,September,STEM Kits,68,1389.1500000000003,779.99,609.1600000000001,0.43851275960119496
"2025-09-10",2025,3,9,September,Toy Vehicles,122,1936.0600000000004,1129.3899999999999,806.6699999999996,0.4166554755534433
"2025-09-11",2025,3,9,September,Action Figures,150,2422.719999999999,1418.69,1004.0299999999999,0.4144226324131556
"2025-09-11",2025,3,9,September,Arts & Crafts,136,1386.8400000000001,831.1899999999999,555.6499999999999,0.40065905223385523
"2025-09-11",2025,3,9,September,Baby & Toddler,151,2376.0999999999995,1304.1799999999998,1071.9199999999998,0.4511257943689239
"2025-09-11",2025,3,9,September,Board Games,89,1502.4699999999998,819.5700000000002,682.8999999999999,0.454518226653444
"2025-09-11",2025,3,9,September,Building Blocks,68,1231.58,689.0099999999999,542.5699999999999,0.44054791406161187
"2025-09-11",2025,3,9,September,Card Games,36,814.0899999999999,423.1199999999999,390.9700000000001,0.480254025967645
"2025-09-11",2025,3,9,September,Collectibles,13,252.07,123.75999999999999,128.31,0.5090252707581228
"2025-09-11",2025,3,9,September,Dolls,64,1167.3999999999999,604.97,562.43,0.48178002398492376
"2025-09-11",2025,3,9,September,Educational,92,1708.8999999999999,928.94,779.9600000000002,0.4564105564983324
"2025-09-11",2025,3,9,September,Model Kits,61,1186.79,654.7400000000002,532.0499999999998,0.44831014754084536
"2025-09-11",2025,3,9,September,Outdoor Play,96,2076.5,1151.01,925.4900000000002,0.4456970864435349
"2025-09-11",2025,3,9,September,Plush,43,571.25,346.65,224.59999999999997,0.3931728665207877
"2025-09-11",2025,3,9,September,Pretend Play,63,1388.6300000000003,833.25,555.3799999999998,0.39994815033522224
"2025-09-11",2025,3,9,September,Puzzles,119,2263.4799999999996,1190.7899999999997,1072.69,0.4739118525456378
"2025-09-11",2025,3,9,September,STEM Kits,67,1399.81,789.1100000000001,610.7,0.43627349425993533
"2025-09-11",2025,3,9,September,Toy Vehicles,114,1793.8800000000008,984.7999999999998,809.0799999999999,0.4510223649296495
"2025-09-12",2025,3,9,September,Action Figures,143,3161.049999999999,1742.5100000000002,1418.5399999999995,0.44875595134528085
"2025-09-12",2025,3,9,September,Arts & Crafts,152,1945.3000000000002,1191.0599999999997,754.2399999999999,0.3877242584691306
"2025-09-12",2025,3,9,September,Baby & Toddler,131,2069.85,1194.4499999999998,875.3999999999999,0.4229291977679542
"2025-09-12",2025,3,9,September,Board Games,88,1344.1100000000001,727.33,616.78,0.45887613364977564
"2025-09-12",2025,3,9,September,Building Blocks,78,1328.0,754.04,573.96,0.4321987951807229
"2025-09-12",2025,3,9,September,Card Games,61,1304.32,658.07,646.2500000000001,0.49546890333660465
"2025-09-12",2025,3,9,September,Collectibles,11,213.29,104.72,108.57000000000002,0.5090252707581229
"2025-09-12",2025,3,9,September,Dolls,112,2106.45,1137.0599999999997,969.3900000000002,0.4602008117923522
"2025-09-12",2025,3,9,September,Educational,110,2023.39,1118.6899999999998,904.6999999999998,0.44712092083088273
"2025-09-12",2025,3,9,September,Model Kits,43,639.4300000000001,341.9100000000001,297.52,0.4652893983704236
"2025-09-12",2025,3,9,September,Outdoor Play,112,2084.6999999999994,1136.4099999999999,948.2900000000002,0.4548807981963834
"2025-09-12",2025,3,9,September,Plush,57,852.8000000000001,539.32,313.47999999999996,0.36758911819887424
"2025-09-12",2025,3,9,September,Pretend Play,57,1252.3100000000002,775.2400000000001,477.0699999999999,0.38095200070270124
"2025-09-12",2025,3,9,September,Puzzles,116,2159.38,1125.9600000000003,1033.4199999999998,0.4785725532328723
"2025-09-12",2025,3,9,September,STEM Kits,94,1698.7200000000005,980.4199999999997,718.3000000000001,0.42284779127813876
"2025-09-12",2025,3,9,September,Toy Vehicles,137,2040.64,1237.08,803.5599999999994,0.39377842245569983
"2025-09-13",2025,3,9,September,Action Figures,143,2826.679999999999,1563.5099999999995,1263.1699999999998,0.44687407134872015
"2025-09-13",2025,3,9,September,Arts & Crafts,168,2012.6499999999999,1187.1799999999998,825.47,0.410140859066405
"2025-09-13",2025,3,9,September,Baby & Toddler,128,1899.979999999999,1077.0099999999998,822.97,0.4331466647017339
"2025-09-13",2025,3,9,September,Board Games,106,2209.3599999999997,1199.5800000000004,1009.7799999999999,0.4570463844733316
"2025-09-13",2025,3,9,September,Building Blocks,109,1739.7399999999996,1002.5899999999995,737.15,0.42371273868509096
"2025-09-13",2025,3,9,September,Card Games,64,1275.0699999999997,653.64,621.4300000000001,0.48736932090002916
"2025-09-13",2025,3,9,September,Collectibles,5,96.95,47.599999999999994,49.35000000000001,0.5090252707581229
"2025-09-13",2025,3,9,September,Dolls,71,1374.0899999999995,760.7300000000001,613.3600000000001,0.44637541936845504
"2025-09-13",2025,3,9,September,Educational,78,1336.49,727.8599999999999,608.63,0.4553943538672193
"2025-09-13",2025,3,9,September,Model Kits,74,1313.12,682.91,630.2099999999997,0.47993328865602514
"2025-09-13",2025,3,9,September,Outdoor Play,106,1630.1199999999997,899.9200000000001,730.2,0.4479424827620054
"2025-09-13",2025,3,9,September,Plush,63,1018.8600000000001,632.7800000000001,386.08000000000004,0.3789333176295075
"2025-09-13",2025,3,9,September,Pretend Play,117,2283.5,1371.3199999999997,912.1799999999998,0.3994657324282898
"2025-09-13",2025,3,9,September,Puzzles,129,2160.7099999999996,1185.7600000000002,974.9499999999998,0.4512174239023284
"2025-09-13",2025,3,9,September,STEM Kits,107,2350.7,1301.6699999999994,1049.0299999999997,0.4462628153316033
"2025-09-13",2025,3,9,September,Toy Vehicles,136,2467.0100000000007,1402.5000000000007,1064.51,0.4314980482446361
"2025-09-14",2025,3,9,September,Action Figures,138,2844.099999999999,1604.1899999999996,1239.9099999999996,0.435958651242924
"2025-09-14",2025,3,9,September,Arts & Crafts,157,2043.2099999999998,1227.74,815.4699999999999,0.3991121813225268
"2025-09-14",2025,3,9,September,Baby & Toddler,161,2788.0099999999993,1563.13,1224.8799999999999,0.43933845287498974
"2025-09-14",2025,3,9,September,Board Games,84,1366.4499999999998,755.1300000000005,611.3199999999999,0.4473782428921658
"2025-09-14",2025,3,9,September,Building Blocks,84,1441.7999999999997,783.1899999999997,658.6099999999998,0.4567970592315161
"2025-09-14",2025,3,9,September,Card Games,68,1687.8600000000001,867.1599999999999,820.7000000000002,0.48623701017856935
"2025-09-14",2025,3,9,September,Collectibles,16,310.24,152.32,157.92000000000002,0.5090252707581228
"2025-09-14",2025,3,9,September,Dolls,88,1791.8199999999993,1005.72,786.1000000000001,0.4387159424495767
"2025-09-14",2025,3,9,September,Educational,102,1872.0,1034.83,837.1699999999998,0.4472061965811965
"2025-09-14",2025,3,9,September,Model Kits,81,1329.33,712.2599999999999,617.0699999999997,0.4641962492383379
"2025-09-14",2025,3,9,September,Outdoor Play,118,2092.17,1165.81,926.3600000000004,0.4427747267191482
"2025-09-14",2025,3,9,September,Plush,87,1427.1799999999996,879.1099999999999,548.0699999999998,0.38402303843944
"2025-09-14",2025,3,9,September,Pretend Play,79,2146.1800000000003,1303.48,842.6999999999999,0.39265112898265747
"2025-09-14",2025,3,9,September,Puzzles,106,1858.7599999999998,965.4899999999999,893.27,0.48057307021885565
"2025-09-14",2025,3,9,September,STEM Kits,100,2190.7499999999995,1212.7,978.0499999999996,0.44644528129635963
"2025-09-14",2025,3,9,September,Toy Vehicles,143,2566.1600000000003,1479.0000000000005,1087.1599999999999,0.42365246126508077
"2025-09-15",2025,3,9,September,Action Figures,131,2193.6200000000003,1229.17,964.45,0.4396613816431287
"2025-09-15",2025,3,9,September,Arts & Crafts,161,2073.059999999999,1264.6100000000001,808.4499999999998,0.38997906476416516
"2025-09-15",2025,3,9,September,Baby & Toddler,156,2248.7200000000003,1318.7499999999993,929.9699999999996,0.41355526699633544
"2025-09-15",2025,3,9,September,Board Games,119,1817.0899999999992,1052.6000000000001,764.4899999999999,0.4207221436472603
"2025-09-15",2025,3,9,September,Building Blocks,115,2056.62,1170.79,885.83,0.4307212805476948
"2025-09-15",2025,3,9,September,Card Games,120,2593.7000000000007,1301.6300000000003,1292.0700000000002,0.49815707290742944
"2025-09-15",2025,3,9,September,Collectibles,19,368.41,180.88,187.53000000000003,0.5090252707581228
"2025-09-15",2025,3,9,September,Dolls,91,1581.4799999999998,885.2300000000004,696.2500000000001,0.44025216885449087
"2025-09-15",2025,3,9,September,Educational,85,1585.9399999999996,830.9600000000003,754.98,0.4760457520461053
"2025-09-15",2025,3,9,September,Model Kits,60,958.4700000000003,550.3000000000002,408.1699999999999,0.42585579100023974
"2025-09-15",2025,3,9,September,Outdoor Play,84,1598.9000000000003,870.21,728.6900000000003,0.4557445743948966
"2025-09-15",2025,3,9,September,Plush,111,1660.2199999999993,970.73,689.4899999999999,0.4153003818771007
"2025-09-15",2025,3,9,September,Pretend Play,78,1324.2600000000002,825.3399999999998,498.91999999999996,0.3767538096748372
"2025-09-15",2025,3,9,September,Puzzles,124,2257.7499999999995,1175.81,1081.9399999999998,0.47921160447348027
"2025-09-15",2025,3,9,September,STEM Kits,113,2486.329999999999,1390.9899999999998,1095.34,0.44054489951052367
"2025-09-15",2025,3,9,September,Toy Vehicles,181,3137.88,1766.49,1371.3900000000003,0.437043481586294
"2025-09-16",2025,3,9,September,Action Figures,154,3230.7299999999996,1787.6399999999987,1443.09,0.4466761382102497
"2025-09-16",2025,3,9,September,Arts & Crafts,173,2136.5100000000007,1296.39,840.12,0.39322071977196443
"2025-09-16",2025,3,9,September,Baby & Toddler,114,1558.9799999999998,903.1899999999997,655.7899999999998,0.420653247636275
"2025-09-16",2025,3,9,September,Board Games,116,1654.5499999999997,926.3600000000004,728.1899999999999,0.4401136260614669
"2025-09-16",2025,3,9,September,Building Blocks,97,1377.6599999999996,827.8099999999997,549.8500000000001,0.3991187956389822
"2025-09-16",2025,3,9,September,Card Games,80,1873.1999999999998,954.2500000000001,918.95,0.4905776211830024
"2025-09-16",2025,3,9,September,Collectibles,8,155.12,76.16,78.96000000000001,0.5090252707581228
"2025-09-16",2025,3,9,September,Dolls,66,1216.01,665.4,550.6099999999999,0.4528005526270342
"2025-09-16",2025,3,9,September,Educational,92,1654.2800000000002,947.6499999999999,706.6299999999998,0.42715259810914696
"2025-09-16",2025,3,9,September,Model Kits,55,973.2499999999999,539.2100000000002,434.03999999999996,0.44596968918571794
"2025-09-16",2025,3,9,September,Outdoor Play,112,2414.0499999999997,1325.36,1088.6900000000005,0.45098071705225684
"2025-09-16",2025,3,9,September,Plush,75,1325.9,772.6100000000002,553.2900000000001,0.41729391356814244
"2025-09-16",2025,3,9,September,Pretend Play,83,1669.3399999999997,991.7700000000001,677.5699999999999,0.4058909509147328
"2025-09-16",2025,3,9,September,Puzzles,103,1762.2199999999993,934.1299999999999,828.0899999999999,0.46991295070990013
"2025-09-16",2025,3,9,September,STEM Kits,95,1808.5600000000002,1047.2699999999998,761.2900000000001,0.4209370991285885
"2025-09-16",2025,3,9,September,Toy Vehicles,155,2636.71,1491.100000000001,1145.6099999999997,0.43448464184532987
"2025-09-17",2025,3,9,September,Action Figures,142,2660.449999999999,1528.6100000000008,1131.8400000000001,0.4254317878554382
"2025-09-17",2025,3,9,September,Arts & Crafts,112,1347.1900000000003,829.5099999999998,517.6799999999998,0.3842665102917923
"2025-09-17",2025,3,9,September,Baby & Toddler,98,1627.5299999999995,903.0499999999998,724.4799999999998,0.44514079617580016
"2025-09-17",2025,3,9,September,Board Games,100,1751.59,951.5700000000003,800.02,0.4567393054310655
"2025-09-17",2025,3,9,September,Building Blocks,86,1403.09,793.8299999999997,609.2600000000002,0.43422731257438957
"2025-09-17",2025,3,9,September,Card Games,73,1638.69,832.9899999999998,805.7,0.49167322678480985
"2025-09-17",2025,3,9,September,Collectibles,7,135.73000000000002,66.64,69.09,0.5090252707581226
"2025-09-17",2025,3,9,September,Dolls,94,1792.4699999999998,992.1100000000001,800.3600000000001,0.4465123544606048
"2025-09-17",2025,3,9,September,Educational,101,1964.3099999999997,1104.36,859.9499999999998,0.43778731462956455
"2025-09-17",2025,3,9,September,Model Kits,49,761.33,427.61000000000007,333.72,0.4383381713580182
"2025-09-17",2025,3,9,September,Outdoor Play,108,1990.6900000000003,1080.3799999999997,910.3100000000004,0.45728365541596144
"2025-09-17",2025,3,9,September,Plush,98,1635.4199999999996,953.1099999999997,682.3100000000003,0.4172078120605107
"2025-09-17",2025,3,9,September,Pretend Play,93,1928.5900000000004,1146.8399999999997,781.7499999999999,0.4053479485012365
"2025-09-17",2025,3,9,September,Puzzles,113,1894.9000000000003,992.8400000000001,902.0600000000001,0.47604622935247237
"2025-09-17",2025,3,9,September,STEM Kits,83,1588.7700000000007,883.7599999999994,705.0099999999999,0.44374579076895937
"2025-09-17",2025,3,9,September,Toy Vehicles,145,2485.050000000001,1429.1,1055.9499999999996,0.4249210277459203
"2025-09-18",2025,3,9,September,Action Figures,151,3229.699999999999,1877.0399999999995,1352.6599999999999,0.4188190853639658
"2025-09-18",2025,3,9,September,Arts & Crafts,138,1814.0199999999998,1066.01,748.0100000000001,0.41234936770267155
"2025-09-18",2025,3,9,September,Baby & Toddler,133,2211.9,1209.0600000000002,1002.8399999999999,0.4533839685338396
"2025-09-18",2025,3,9,September,Board Games,120,1902.0600000000002,1073.99,828.0700000000002,0.4353543000746559
"2025-09-18",2025,3,9,September,Building Blocks,80,1209.9299999999998,704.9100000000001,505.0200000000001,0.4173960477052393
"2025-09-18",2025,3,9,September,Card Games,88,2021.5400000000002,1018.3300000000002,1003.2100000000002,0.496260276818663
"2025-09-18",2025,3,9,September,Collectibles,4,77.56,38.08,39.480000000000004,0.5090252707581228
"2025-09-18",2025,3,9,September,Dolls,82,1469.4199999999996,760.5700000000002,708.8499999999999,0.4824012195287937
"2025-09-18",2025,3,9,September,Educational,107,1900.8300000000002,1071.93,828.9000000000002,0.43607266299458664
"2025-09-18",2025,3,9,September,Model Kits,68,1058.34,594.1700000000001,464.1699999999999,0.438583064043691
"2025-09-18",2025,3,9,September,Outdoor Play,104,1566.9299999999996,847.8300000000002,719.1000000000001,0.4589228619019358
"2025-09-18",2025,3,9,September,Plush,108,1536.4300000000003,896.0600000000001,640.37,0.41679087234693407
"2025-09-18",2025,3,9,September,Pretend Play,103,2269.4900000000002,1409.46,860.03,0.37895298062560306
"2025-09-18",2025,3,9,September,Puzzles,119,2023.1399999999999,1063.7499999999998,959.3900000000001,0.47420840871121134
"2025-09-18",2025,3,9,September,STEM Kits,86,1572.9699999999998,909.2999999999998,663.6700000000001,0.421921587824307
"2025-09-18",2025,3,9,September,Toy Vehicles,166,2629.5499999999997,1559.3100000000004,1070.2399999999998,0.40700500085565966
"2025-09-19",2025,3,9,September,Action Figures,146,2905.209999999999,1653.82,1251.3899999999996,0.43073994650989084
"2025-09-19",2025,3,9,September,Arts & Crafts,129,1584.44,917.3699999999998,667.07,0.42101310242104467
"2025-09-19",2025,3,9,September,Baby & Toddler,121,1802.71,1027.4599999999996,775.2499999999999,0.43004698481730275
"2025-09-19",2025,3,9,September,Board Games,82,1432.6100000000001,764.26,668.3500000000001,0.4665261306287127
"2025-09-19",2025,3,9,September,Building Blocks,74,1241.45,694.22,547.23,0.4407990656087639
"2025-09-19",2025,3,9,September,Card Games,59,1274.3099999999997,666.0500000000002,608.2599999999999,0.47732498371667803
"2025-09-19",2025,3,9,September,Collectibles,2,38.78,19.04,19.740000000000002,0.5090252707581228
"2025-09-19",2025,3,9,September,Dolls,88,1544.91,867.4300000000002,677.48,0.4385239269601465
"2025-09-19",2025,3,9,September,Educational,109,1984.14,1119.5299999999997,864.61,0.43576058141058593
"2025-09-19",2025,3,9,September,Model Kits,48,776.34,438.8300000000001,337.50999999999993,0.43474508591596456
"2025-09-19",2025,3,9,September,Outdoor Play,115,1940.1099999999994,1085.7399999999998,854.3700000000001,0.44037193767363725
"2025-09-19",2025,3,9,September,Plush,92,1493.2799999999997,881.4600000000002,611.8199999999999,0.4097155255544841
"2025-09-19",2025,3,9,September,Pretend Play,85,1606.5500000000002,938.7899999999998,667.7599999999999,0.4156484392020166
"2025-09-19",2025,3,9,September,Puzzles,118,1879.3000000000002,1007.1100000000004,872.1899999999999,0.46410365561645284
"2025-09-19",2025,3,9,September,STEM Kits,83,1619.45,903.49,715.9599999999999,0.4421007132051004
"2025-09-19",2025,3,9,September,Toy Vehicles,128,2094.9400000000005,1200.8200000000002,894.1199999999993,0.42679981288246877
"2025-09-20",2025,3,9,September,Action Figures,149,2875.8499999999995,1644.08,1231.77,0.4283151068379784
"2025-09-20",2025,3,9,September,Arts & Crafts,165,2099.5599999999995,1244.4099999999996,855.1500000000001,0.40729962468326714
"2025-09-20",2025,3,9,September,Baby & Toddler,116,1981.0899999999997,1129.7799999999997,851.3099999999998,0.42971798353431695
"2025-09-20",2025,3,9,September,Board Games,64,1154.96,624.7100000000002,530.25,0.4591068088938145
"2025-09-20",2025,3,9,September,Building Blocks,85,1296.8799999999999,733.77,563.1100000000002,0.4342036271667389
"2025-09-20",2025,3,9,September,Card Games,70,1720.9500000000003,891.4499999999998,829.5000000000005,0.482001220256254
"2025-09-20",2025,3,9,September,Collectibles,4,77.56,38.08,39.480000000000004,0.5090252707581228
"2025-09-20",2025,3,9,September,Dolls,86,1621.9199999999998,875.97,745.95,0.45991787511097965
"2025-09-20",2025,3,9,September,Educational,87,1598.0600000000004,907.9900000000001,690.0700000000002,0.4318173285108194
"2025-09-20",2025,3,9,September,Model Kits,63,1032.03,566.5900000000001,465.43999999999977,0.4509946416286346
"2025-09-20",2025,3,9,September,Outdoor Play,102,1912.4700000000003,1077.1800000000003,835.2900000000002,0.43675979231046763
"2025-09-20",2025,3,9,September,Plush,92,1247.8599999999997,757.64,490.22,0.3928485567291204
"2025-09-20",2025,3,9,September,Pretend Play,65,1425.35,847.4999999999999,577.8499999999998,0.4054091977409056
"2025-09-20",2025,3,9,September,Puzzles,142,2624.4099999999994,1400.1200000000001,1224.2899999999997,0.46650104213899507
"2025-09-20",2025,3,9,September,STEM Kits,112,1974.0500000000002,1085.3600000000001,888.6899999999998,0.4501861654973277
"2025-09-20",2025,3,9,September,Toy Vehicles,139,2039.3200000000006,1193.2900000000002,846.0299999999999,0.41485887452680287
"2025-09-21",2025,3,9,September,Action Figures,147,2948.1099999999988,1637.2900000000002,1310.82,0.4446306277581232
"2025-09-21",2025,3,9,September,Arts & Crafts,129,1621.2799999999997,983.99,637.2899999999998,0.39307830849699
"2025-09-21",2025,3,9,September,Baby & Toddler,146,2203.1899999999996,1290.4900000000002,912.6999999999995,0.414262955078772
"2025-09-21",2025,3,9,September,Board Games,109,1793.35,977.2500000000002,816.0999999999998,0.4550701201661694
"2025-09-21",2025,3,9,September,Building Blocks,91,1401.38,795.7200000000001,605.6600000000001,0.43218827156089
"2025-09-21",2025,3,9,September,Card Games,83,1808.6800000000003,942.07,866.6100000000001,0.4791394829378331
"2025-09-21",2025,3,9,September,Collectibles,8,155.12,76.16,78.96000000000001,0.5090252707581228
"2025-09-21",2025,3,9,September,Dolls,97,1521.0499999999997,875.6100000000001,645.4399999999999,0.424338450412544
"2025-09-21",2025,3,9,September,Educational,77,1501.0099999999993,841.4200000000001,659.5899999999997,0.43943078327259644
"2025-09-21",2025,3,9,September,Model Kits,66,1045.0600000000002,583.2900000000002,461.76999999999987,0.44185979752358695
"2025-09-21",2025,3,9,September,Outdoor Play,118,2280.5099999999998,1249.6300000000006,1030.88,0.4520392368373742
"2025-09-21",2025,3,9,September,Plush,99,1674.9499999999998,988.75,686.2,0.4096838711603332
"2025-09-21",2025,3,9,September,Pretend Play,78,1505.0500000000006,952.4900000000001,552.5599999999998,0.3671373044084911
"2025-09-21",2025,3,9,September,Puzzles,101,1946.3699999999997,1022.6600000000003,923.7099999999999,0.47458088647071217
"2025-09-21",2025,3,9,September,STEM Kits,129,2531.6400000000003,1431.4899999999996,1100.15,0.43456020603245327
"2025-09-21",2025,3,9,September,Toy Vehicles,133,2323.62,1317.0300000000002,1006.5899999999997,0.4331990600872775
"2025-09-22",2025,3,9,September,Action Figures,146,2975.849999999998,1667.31,1308.54,0.43971974393870683
"2025-09-22",2025,3,9,September,Arts & Crafts,163,1888.9300000000003,1107.1199999999997,781.8100000000001,0.4138904035618048
"2025-09-22",2025,3,9,September,Baby & Toddler,128,1909.6699999999992,1115.41,794.2599999999996,0.4159147915608456
"2025-09-22",2025,3,9,September,Board Games,108,1692.35,929.0799999999999,763.27,0.4510119065205188
"2025-09-22",2025,3,9,September,Building Blocks,130,2070.76,1184.43,886.3299999999999,0.4280215959357916
"2025-09-22",2025,3,9,September,Card Games,67,1719.1200000000003,881.35,837.7700000000002,0.48732491041928433
"2025-09-22",2025,3,9,September,Collectibles,7,135.73000000000002,66.64,69.09,0.5090252707581226
"2025-09-22",2025,3,9,September,Dolls,119,1905.2099999999996,1098.7999999999997,806.41,0.42326567674954474
"2025-09-22",2025,3,9,September,Educational,104,1890.3500000000004,1045.83,844.5199999999999,0.4467532467532466
"2025-09-22",2025,3,9,September,Model Kits,71,975.45,502.66000000000014,472.7899999999998,0.4846891178430466
"2025-09-22",2025,3,9,September,Outdoor Play,114,1957.7799999999997,1048.01,909.7700000000006,0.4646947052273497
"2025-09-22",2025,3,9,September,Plush,65,1060.8,594.88,465.91999999999996,0.4392156862745098
"2025-09-22",2025,3,9,September,Pretend Play,68,1494.1499999999999,897.6599999999997,596.49,0.39921694608975006
"2025-09-22",2025,3,9,September,Puzzles,129,2391.85,1255.8000000000004,1136.0499999999995,0.4749670756945459
"2025-09-22",2025,3,9,September,STEM Kits,79,1588.58,897.1899999999996,691.39,0.4352251696483652
"2025-09-22",2025,3,9,September,Toy Vehicles,124,2045.7599999999998,1179.65,866.1099999999999,0.4233683325512279
"2025-09-23",2025,3,9,September,Action Figures,146,2632.99,1484.53,1148.46,0.4361809197908082
"2025-09-23",2025,3,9,September,Arts & Crafts,157,1940.770000000001,1147.22,793.55,0.4088841027015049
"2025-09-23",2025,3,9,September,Baby & Toddler,132,2213.109999999999,1265.7099999999998,947.3999999999995,0.4280853640352264
"2025-09-23",2025,3,9,September,Board Games,99,1827.0399999999997,1050.92,776.1199999999999,0.42479639197828184
"2025-09-23",2025,3,9,September,Building Blocks,72,1138.74,618.81,519.9300000000001,0.45658359239159074
"2025-09-23",2025,3,9,September,Card Games,78,1801.0300000000004,916.39,884.6400000000002,0.4911855993514822
"2025-09-23",2025,3,9,September,Collectibles,1,19.39,9.52,9.870000000000001,0.5090252707581228
"2025-09-23",2025,3,9,September,Dolls,62,1047.9099999999999,600.49,447.42,0.42696414768443863
"2025-09-23",2025,3,9,September,Educational,115,1969.1999999999998,1071.87,897.3299999999997,0.45568251066422905
"2025-09-23",2025,3,9,September,Model Kits,47,841.2300000000001,501.79000000000013,339.43999999999994,0.4035043923778276
"2025-09-23",2025,3,9,September,Outdoor Play,131,2081.85,1121.1900000000003,960.6600000000003,0.4614453490885512
"2025-09-23",2025,3,9,September,Plush,74,1324.5300000000002,828.8699999999999,495.6600000000001,0.374215759552445
"2025-09-23",2025,3,9,September,Pretend Play,73,1727.2800000000002,1085.94,641.3399999999999,0.3713005418924551
"2025-09-23",2025,3,9,September,Puzzles,107,1855.2800000000002,1006.9699999999998,848.3100000000003,0.45724095554309874
"2025-09-23",2025,3,9,September,STEM Kits,104,1941.46,1104.4499999999996,837.0099999999998,0.43112399946432056
"2025-09-23",2025,3,9,September,Toy Vehicles,103,1852.0400000000006,1067.7399999999998,784.2999999999997,0.4234789745361868
"2025-09-24",2025,3,9,September,Action Figures,159,3413.369999999998,1925.8199999999995,1487.5499999999997,0.4358009826066323
"2025-09-24",2025,3,9,September,Arts & Crafts,134,1782.0400000000002,1053.6100000000001,728.4300000000001,0.4087618684204619
"2025-09-24",2025,3,9,September,Baby & Toddler,111,1643.66,945.0699999999999,698.5899999999998,0.425020989742404
"2025-09-24",2025,3,9,September,Board Games,95,1563.6999999999996,853.9200000000001,709.7799999999999,0.4539105966617638
"2025-09-24",2025,3,9,September,Building Blocks,76,1266.1200000000001,715.0000000000001,551.1200000000001,0.43528259564654226
"2025-09-24",2025,3,9,September,Card Games,67,1659.5999999999997,872.8499999999999,786.7500000000002,0.4740600144613162
"2025-09-24",2025,3,9,September,Collectibles,1,19.39,9.52,9.870000000000001,0.5090252707581228
"2025-09-24",2025,3,9,September,Dolls,45,842.6899999999999,472.34,370.3500000000001,0.43948545728559746
"2025-09-24",2025,3,9,September,Educational,97,1885.6200000000001,1089.8899999999999,795.73,0.4219991302595433
"2025-09-24",2025,3,9,September,Model Kits,91,1363.02,728.2400000000001,634.7799999999997,0.46571583689160817
"2025-09-24",2025,3,9,September,Outdoor Play,93,1573.22,889.46,683.7600000000001,0.4346245280380367
"2025-09-24",2025,3,9,September,Plush,61,996.14,567.2,428.93999999999994,0.4306021241994097
"2025-09-24",2025,3,9,September,Pretend Play,89,1568.09,944.8299999999999,623.2599999999999,0.39746443125075726
"2025-09-24",2025,3,9,September,Puzzles,147,2507.56,1357.5099999999998,1150.0499999999997,0.4586330935251798
"2025-09-24",2025,3,9,September,STEM Kits,86,1771.68,990.95,780.7299999999998,0.4406721304072969
"2025-09-24",2025,3,9,September,Toy Vehicles,107,1749.0900000000008,1031.1299999999999,717.96,0.4104763048213641
"2025-09-25",2025,3,9,September,Action Figures,141,2957.6399999999994,1712.9499999999994,1244.6899999999998,0.4208389121055977
"2025-09-25",2025,3,9,September,Arts & Crafts,124,1418.3899999999999,845.8799999999998,572.5100000000001,0.4036336973610926
"2025-09-25",2025,3,9,September,Baby & Toddler,127,1816.1999999999994,1024.0999999999997,792.1,0.4361303821165072
"2025-09-25",2025,3,9,September,Board Games,102,1615.7199999999998,889.5000000000002,726.2200000000001,0.4494714430718195
"2025-09-25",2025,3,9,September,Building Blocks,83,1150.1999999999998,676.1,474.09999999999997,0.412189184489654
"2025-09-25",2025,3,9,September,Card Games,77,1728.55,878.9800000000004,849.57,0.4914928697463192
"2025-09-25",2025,3,9,September,Collectibles,13,252.07000000000002,123.75999999999998,128.31,0.5090252707581228
"2025-09-25",2025,3,9,September,Dolls,95,1536.3999999999999,842.5499999999998,693.85,0.451607654256704
"2025-09-25",2025,3,9,September,Educational,100,1969.6899999999998,1092.9699999999998,876.7199999999998,0.4451055749889576
"2025-09-25",2025,3,9,September,Model Kits,61,811.9799999999998,435.77000000000004,376.2099999999999,0.4633242198083697
"2025-09-25",2025,3,9,September,Outdoor Play,99,1838.2600000000002,980.5900000000003,857.67,0.46656620935014625
"2025-09-25",2025,3,9,September,Plush,60,978.13,585.2800000000001,392.8500000000001,0.40163372966783567
"2025-09-25",2025,3,9,September,Pretend Play,96,1786.22,1051.7999999999997,734.42,0.4111587598392135
"2025-09-25",2025,3,9,September,Puzzles,101,1744.4700000000005,882.5000000000001,861.9700000000001,0.49411569129878985
"2025-09-25",2025,3,9,September,STEM Kits,89,1661.3799999999999,953.7599999999998,707.62,0.42592302784432223
"2025-09-25",2025,3,9,September,Toy Vehicles,143,2471.189999999999,1436.230000000001,1034.96,0.41881037071208627
"2025-09-26",2025,3,9,September,Action Figures,113,2166.7500000000005,1202.2400000000002,964.5100000000001,0.44514134071766465
"2025-09-26",2025,3,9,September,Arts & Crafts,159,1910.0499999999995,1137.3,772.7500000000002,0.40457056098007926
"2025-09-26",2025,3,9,September,Baby & Toddler,134,1804.59,1076.9899999999996,727.6000000000001,0.4031940773250435
"2025-09-26",2025,3,9,September,Board Games,95,1542.5299999999997,844.3500000000005,698.18,0.4526200462875925
"2025-09-26",2025,3,9,September,Building Blocks,84,1222.5899999999997,690.3399999999997,532.25,0.43534627307601087
"2025-09-26",2025,3,9,September,Card Games,73,1643.7199999999996,850.6799999999998,793.0400000000002,0.4824666001508775
"2025-09-26",2025,3,9,September,Collectibles,5,96.95,47.599999999999994,49.35000000000001,0.5090252707581229
"2025-09-26",2025,3,9,September,Dolls,87,1512.2199999999996,856.4400000000002,655.7800000000002,0.43365383343693403
"2025-09-26",2025,3,9,September,Educational,141,2644.129999999999,1460.1399999999994,1183.99,0.4477805554189848
"2025-09-26",2025,3,9,September,Model Kits,55,936.0900000000001,526.9800000000002,409.1099999999999,0.437041310130436
"2025-09-26",2025,3,9,September,Outdoor Play,102,1940.7800000000004,1082.81,857.9700000000003,0.4420748358907244
"2025-09-26",2025,3,9,September,Plush,69,1257.04,721.9000000000001,535.1400000000002,0.4257143766308154
"2025-09-26",2025,3,9,September,Pretend Play,57,1572.7000000000005,971.31,601.3899999999998,0.3823933363006292
"2025-09-26",2025,3,9,September,Puzzles,83,1504.4499999999998,814.5600000000001,689.8900000000001,0.4585662534481041
"2025-09-26",2025,3,9,September,STEM Kits,90,1598.4400000000003,933.89,664.55,0.4157491053777432
"2025-09-26",2025,3,9,September,Toy Vehicles,133,2291.1100000000006,1307.47,983.6399999999999,0.42932901519350863
"2025-09-27",2025,3,9,September,Action Figures,144,3277.779999999999,1835.59,1442.1899999999996,0.4399898711933077
"2025-09-27",2025,3,9,September,Arts & Crafts,117,1476.87,930.5799999999999,546.29,0.3698971473453994
"2025-09-27",2025,3,9,September,Baby & Toddler,153,2474.8999999999987,1387.9599999999996,1086.9399999999996,0.43918542163319735
"2025-09-27",2025,3,9,September,Board Games,77,1310.34,734.5500000000003,575.7899999999998,0.43942030312743247
"2025-09-27",2025,3,9,September,Building Blocks,80,1297.04,755.5999999999998,541.4399999999999,0.41744279282057606
"2025-09-27",2025,3,9,September,Card Games,106,2139.15,1084.29,1054.8600000000001,0.4931210995021387
"2025-09-27",2025,3,9,September,Collectibles,8,155.12,76.16,78.96000000000001,0.5090252707581228
"2025-09-27",2025,3,9,September,Dolls,86,1287.0499999999997,721.34,565.7099999999999,0.43954003340973546
"2025-09-27",2025,3,9,September,Educational,103,1753.0799999999992,999.2499999999999,753.8299999999997,0.4300031943778949
"2025-09-27",2025,3,9,September,Model Kits,39,618.0100000000002,334.94000000000005,283.06999999999994,0.458034659633339
"2025-09-27",2025,3,9,September,Outdoor Play,86,1901.6100000000001,1054.74,846.8700000000003,0.44534368245854844
"2025-09-27",2025,3,9,September,Plush,60,1256.8699999999997,736.6200000000001,520.25,0.4139250678272217
"2025-09-27",2025,3,9,September,Pretend Play,86,1821.2099999999998,1078.0300000000002,743.18,0.4080693604801204
"2025-09-27",2025,3,9,September,Puzzles,165,3083.2799999999993,1601.3300000000008,1481.9500000000005,0.48064074621831326
"2025-09-27",2025,3,9,September,STEM Kits,96,1769.9500000000003,993.8599999999997,776.0899999999999,0.43848131303144144
"2025-09-27",2025,3,9,September,Toy Vehicles,164,2862.020000000001,1685.7100000000003,1176.3099999999997,0.411006911202577
"2025-09-28",2025,3,9,September,Action Figures,117,1889.7399999999993,1058.3200000000006,831.4200000000001,0.4399652862298519
"2025-09-28",2025,3,9,September,Arts & Crafts,206,2419.4100000000003,1418.0999999999992,1001.3100000000001,0.41386536386970374
"2025-09-28",2025,3,9,September,Baby & Toddler,122,1761.6599999999999,996.0999999999996,765.5599999999997,0.4345673966599683
"2025-09-28",2025,3,9,September,Board Games,125,1889.8099999999997,1105.24,784.5699999999999,0.4151581375905515
"2025-09-28",2025,3,9,September,Building Blocks,82,1212.8200000000002,695.4100000000001,517.4100000000001,0.42661730512359625
"2025-09-28",2025,3,9,September,Card Games,64,1423.21,717.8199999999998,705.39,0.49563311106583
"2025-09-28",2025,3,9,September,Collectibles,5,96.95,47.599999999999994,49.35000000000001,0.5090252707581229
"2025-09-28",2025,3,9,September,Dolls,99,2007.5199999999995,1055.7500000000002,951.7700000000001,0.47410237506973796
"2025-09-28",2025,3,9,September,Educational,96,1657.82,979.5799999999998,678.2399999999998,0.40911558552798244
"2025-09-28",2025,3,9,September,Model Kits,73,1113.68,606.7,506.97999999999996,0.4552295093743265
"2025-09-28",2025,3,9,September,Outdoor Play,118,2017.6099999999997,1114.29,903.3200000000002,0.4477178443802322
"2025-09-28",2025,3,9,September,Plush,69,1259.7799999999997,663.22,596.5600000000002,0.473542999571354
"2025-09-28",2025,3,9,September,Pretend Play,50,879.76,553.8599999999999,325.89999999999986,0.37044193871055725
"2025-09-28",2025,3,9,September,Puzzles,139,2474.9199999999987,1315.02,1159.8999999999994,0.4686616133046725
"2025-09-28",2025,3,9,September,STEM Kits,83,1758.5600000000002,999.8699999999997,758.6899999999998,0.43142684924028735
"2025-09-28",2025,3,9,September,Toy Vehicles,130,2268.5600000000004,1256.33,1012.2299999999999,0.4461993511302323
"2025-09-29",2025,3,9,September,Action Figures,135,2870.559999999999,1626.87,1243.69,0.4332569254779557
"2025-09-29",2025,3,9,September,Arts & Crafts,167,2129.84,1279.37,850.4699999999998,0.39931168538481754
"2025-09-29",2025,3,9,September,Baby & Toddler,139,1940.7500000000002,1099.2299999999996,841.5199999999999,0.4336055648589462
"2025-09-29",2025,3,9,September,Board Games,71,1400.83,763.4100000000001,637.4200000000002,0.4550302320766975
"2025-09-29",2025,3,9,September,Building Blocks,101,1456.43,833.6300000000001,622.8000000000003,0.4276209635890501
"2025-09-29",2025,3,9,September,Card Games,76,1560.0700000000002,803.2699999999999,756.8000000000001,0.4851064375316492
"2025-09-29",2025,3,9,September,Collectibles,1,19.39,9.52,9.870000000000001,0.5090252707581228
"2025-09-29",2025,3,9,September,Dolls,95,1594.0199999999993,874.99,719.0300000000003,0.4510796602301104
"2025-09-29",2025,3,9,September,Educational,90,1516.0699999999993,794.9199999999998,721.1499999999999,0.475670648452908
"2025-09-29",2025,3,9,September,Model Kits,42,715.3200000000002,407.7200000000001,307.59999999999997,0.430017334899066
"2025-09-29",2025,3,9,September,Outdoor Play,121,2055.99,1132.9399999999998,923.05,0.44895646379603016
"2025-09-29",2025,3,9,September,Plush,63,1025.16,587.8700000000001,437.29,0.42655780561083145
"2025-09-29",2025,3,9,September,Pretend Play,56,1032.0,617.0999999999999,414.8999999999999,0.40203488372093016
"2025-09-29",2025,3,9,September,Puzzles,108,2067.0299999999997,1088.6399999999999,978.3899999999998,0.47333130143249
"2025-09-29",2025,3,9,September,STEM Kits,97,1862.19,1031.5800000000002,830.6100000000001,0.44603934077618296
"2025-09-29",2025,3,9,September,Toy Vehicles,136,2145.39,1249.0600000000002,896.3299999999997,0.4177935014146611
"2025-09-30",2025,3,9,September,Action Figures,157,3100.159999999999,1747.6600000000008,1352.5000000000005,0.43626780553261796
"2025-09-30",2025,3,9,September,Arts & Crafts,145,1610.6399999999999,939.1199999999998,671.5199999999998,0.4169274325733869
"2025-09-30",2025,3,9,September,Baby & Toddler,118,1791.4799999999993,991.6399999999998,799.8399999999997,0.4464688414048719
"2025-09-30",2025,3,9,September,Board Games,105,2037.6199999999994,1134.1200000000006,903.5000000000002,0.4434094679086387
"2025-09-30",2025,3,9,September,Building Blocks,79,1283.03,700.1199999999999,582.91,0.45432296984482046
"2025-09-30",2025,3,9,September,Card Games,57,1182.5399999999995,609.6899999999998,572.85,0.48442335988634655
"2025-09-30",2025,3,9,September,Collectibles,14,271.46000000000004,133.27999999999997,138.18000000000004,0.5090252707581228
"2025-09-30",2025,3,9,September,Dolls,127,2166.0,1205.45,960.5500000000002,0.44346722068328726
"2025-09-30",2025,3,9,September,Educational,93,1618.2500000000005,919.5,698.75,0.43179360420207
"2025-09-30",2025,3,9,September,Model Kits,52,719.5700000000002,369.5800000000001,349.98999999999995,0.48638770376752766
"2025-09-30",2025,3,9,September,Outdoor Play,104,1867.4699999999998,1052.3500000000004,815.1200000000001,0.43648358474299465
"2025-09-30",2025,3,9,September,Plush,84,1498.06,916.07,581.9899999999999,0.3884957878856654
"2025-09-30",2025,3,9,September,Pretend Play,72,1275.8000000000002,762.98,512.8199999999998,0.4019595547891517
"2025-09-30",2025,3,9,September,Puzzles,108,1903.13,1020.9000000000003,882.2300000000001,0.4635679118084419
"2025-09-30",2025,3,9,September,STEM Kits,67,1551.7999999999997,860.9799999999996,690.8199999999999,0.4451733470808094
"2025-09-30",2025,3,9,September,Toy Vehicles,112,1905.9999999999995,1132.96,773.0399999999997,0.4055823714585519
"2025-10-01",2025,4,10,October,Action Figures,171,3469.7799999999975,1959.7499999999993,1510.0299999999997,0.4351947385713218
"2025-10-01",2025,4,10,October,Arts & Crafts,181,2113.32,1291.0699999999997,822.2500000000002,0.38907974182802424
"2025-10-01",2025,4,10,October,Baby & Toddler,147,2082.96,1216.7199999999996,866.2399999999997,0.41586972385451454
"2025-10-01",2025,4,10,October,Board Games,104,1448.4499999999998,789.7399999999999,658.7100000000002,0.45476889088335826
"2025-10-01",2025,4,10,October,Building Blocks,64,958.2400000000001,541.98,416.26000000000005,0.43440056770746366
"2025-10-01",2025,4,10,October,Card Games,59,1409.3000000000002,719.6600000000001,689.6400000000001,0.4893493223586178
"2025-10-01",2025,4,10,October,Dolls,99,1728.4499999999994,967.7399999999999,760.71,0.44011108218345935
"2025-10-01",2025,4,10,October,Educational,90,1647.9099999999999,957.88,690.03,0.41873039182965094
"2025-10-01",2025,4,10,October,Model Kits,48,802.1200000000001,472.0700000000001,330.04999999999995,0.41147209893781467
"2025-10-01",2025,4,10,October,Outdoor Play,125,2455.67,1299.78,1155.8900000000003,0.47070249667096975
"2025-10-01",2025,4,10,October,Plush,82,1380.5099999999995,788.33,592.1800000000001,0.4289574142889224
"2025-10-01",2025,4,10,October,Pretend Play,62,1401.2300000000002,867.17,534.06,0.3811365728681229
"2025-10-01",2025,4,10,October,Puzzles,136,2474.019999999999,1286.48,1187.5399999999997,0.4800042036846914
"2025-10-01",2025,4,10,October,STEM Kits,82,1499.7000000000003,833.83,665.8700000000001,0.44400213376008535
"2025-10-01",2025,4,10,October,Toy Vehicles,139,1974.8900000000008,1138.99,835.8999999999999,0.42326408053106734
"2025-10-02",2025,4,10,October,Action Figures,109,2050.5800000000004,1140.4500000000003,910.1299999999999,0.4438402793356025
"2025-10-02",2025,4,10,October,Arts & Crafts,164,1959.94,1229.73,730.21,0.3725675275773748
"2025-10-02",2025,4,10,October,Baby & Toddler,118,1872.85,1035.2899999999997,837.5599999999998,0.4472114691512934
"2025-10-02",2025,4,10,October,Board Games,94,1404.7699999999998,804.27,600.5,0.42747211287257
"2025-10-02",2025,4,10,October,Building Blocks,111,1679.7899999999995,947.4099999999999,732.3800000000002,0.4359949755624217
"2025-10-02",2025,4,10,October,Card Games,70,1646.92,842.0999999999999,804.8200000000002,0.48868190318898314
"2025-10-02",2025,4,10,October,Dolls,69,1233.1799999999996,674.1700000000001,559.0099999999999,0.4533077085259249
"2025-10-02",2025,4,10,October,Educational,113,1890.3300000000002,1062.1699999999998,828.1599999999999,0.4381033999354609
"2025-10-02",2025,4,10,October,Model Kits,45,759.2,438.9600000000001,320.24,0.42181243414120123
"2025-10-02",2025,4,10,October,Outdoor Play,116,1753.69,984.68,769.0100000000001,0.438509656780845
"2025-10-02",2025,4,10,October,Plush,109,1692.3099999999993,1037.13,655.1800000000001,0.3871512902482408
"2025-10-02",2025,4,10,October,Pretend Play,77,1419.7400000000002,877.47,542.2699999999999,0.3819502162367756
"2025-10-02",2025,4,10,October,Puzzles,139,2560.460000000001,1318.0500000000004,1242.4100000000003,0.4852292166251376
"2025-10-02",2025,4,10,October,STEM Kits,97,1985.0000000000005,1098.89,886.11,0.4464030226700251
"2025-10-02",2025,4,10,October,Toy Vehicles,137,2404.8100000000004,1416.0200000000007,988.79,0.4111717765644686
"2025-10-03",2025,4,10,October,Action Figures,193,3312.139999999999,1924.9499999999991,1387.19,0.41881985664857174
"2025-10-03",2025,4,10,October,Arts & Crafts,143,1711.32,1044.1,667.2199999999998,0.3898861697403173
"2025-10-03",2025,4,10,October,Baby & Toddler,146,2373.019999999999,1301.63,1071.39,0.4514879773453239
"2025-10-03",2025,4,10,October,Board Games,97,1814.9400000000003,964.2700000000001,850.67,0.4687041995878651
"2025-10-03",2025,4,10,October,Building Blocks,75,1207.4799999999998,676.9399999999999,530.54,0.4393778778944579
"2025-10-03",2025,4,10,October,Card Games,75,1526.6,785.78,740.82,0.48527446613389236
"2025-10-03",2025,4,10,October,Collectibles,10,193.9,95.19999999999999,98.70000000000002,0.5090252707581229
"2025-10-03",2025,4,10,October,Dolls,91,1537.5099999999998,850.0600000000002,687.45,0.44711904312817485
"2025-10-03",2025,4,10,October,Educational,81,1731.72,936.1599999999999,795.56,0.45940452267110155
"2025-10-03",2025,4,10,October,Model Kits,62,1049.3400000000001,551.6600000000001,497.68,0.4742790706539348
"2025-10-03",2025,4,10,October,Outdoor Play,144,2405.2699999999995,1337.9299999999998,1067.3400000000001,0.44375059764600244
"2025-10-03",2025,4,10,October,Plush,56,1132.2,624.7800000000001,507.41999999999996,0.4481717011128775
"2025-10-03",2025,4,10,October,Pretend Play,84,1547.6600000000003,904.7300000000002,642.93,0.415420699636871
"2025-10-03",2025,4,10,October,Puzzles,126,2452.7299999999996,1281.8900000000008,1170.8400000000001,0.47736195993851765
"2025-10-03",2025,4,10,October,STEM Kits,91,2221.0099999999998,1227.0100000000002,993.9999999999995,0.4475441353258201
"2025-10-03",2025,4,10,October,Toy Vehicles,105,1922.9300000000003,1086.0700000000002,836.8599999999999,0.4352004493143275
"2025-10-04",2025,4,10,October,Action Figures,169,3254.6199999999994,1830.09,1424.53,0.4376947231934912
"2025-10-04",2025,4,10,October,Arts & Crafts,170,1960.0699999999993,1184.2300000000002,775.8400000000005,0.39582259817251464
"2025-10-04",2025,4,10,October,Baby & Toddler,122,1802.2500000000005,1045.1899999999998,757.0599999999998,0.4200638091274793
"2025-10-04",2025,4,10,October,Board Games,92,1793.9100000000003,955.1000000000001,838.81,0.4675875601340088
"2025-10-04",2025,4,10,October,Building Blocks,91,1407.3399999999997,825.72,581.6199999999998,0.41327610953998317
"2025-10-04",2025,4,10,October,Card Games,82,1716.8999999999999,869.1800000000001,847.7200000000001,0.49375036402819045
"2025-10-04",2025,4,10,October,Collectibles,3,58.17,28.56,29.610000000000003,0.5090252707581228
"2025-10-04",2025,4,10,October,Dolls,70,1283.1999999999996,704.2800000000001,578.9199999999998,0.45115336658354116
"2025-10-04",2025,4,10,October,Educational,79,1439.34,801.3799999999999,637.9599999999998,0.44323092528520003
"2025-10-04",2025,4,10,October,Model Kits,59,975.62,569.35,406.2699999999998,0.41642237756503536
"2025-10-04",2025,4,10,October,Outdoor Play,76,1337.7300000000002,747.1400000000001,590.59,0.44148669761461573
"2025-10-04",2025,4,10,October,Plush,73,1066.2900000000004,623.9599999999999,442.33,0.4148308621481959
"2025-10-04",2025,4,10,October,Pretend Play,92,2367.460000000001,1479.26,888.1999999999996,0.3751700134321168
"2025-10-04",2025,4,10,October,Puzzles,94,1660.0599999999997,864.2500000000001,795.8099999999997,0.4793862872426297
"2025-10-04",2025,4,10,October,STEM Kits,96,2369.6199999999994,1299.1299999999999,1070.49,0.4517559777517071
"2025-10-04",2025,4,10,October,Toy Vehicles,115,1846.5600000000006,1090.2100000000003,756.3499999999998,0.40959947144961417
"2025-10-05",2025,4,10,October,Action Figures,128,2979.1599999999994,1681.3900000000003,1297.77,0.4356160797003183
"2025-10-05",2025,4,10,October,Arts & Crafts,162,2048.3800000000006,1208.4099999999999,839.9700000000003,0.4100655151876117
"2025-10-05",2025,4,10,October,Baby & Toddler,139,1853.39,1066.6899999999996,786.6999999999997,0.42446543900636113
"2025-10-05",2025,4,10,October,Board Games,118,2391.2499999999995,1276.1499999999996,1115.1,0.46632514375326717
"2025-10-05",2025,4,10,October,Building Blocks,70,1102.7899999999997,620.9299999999998,481.86,0.43694629077158853
"2025-10-05",2025,4,10,October,Card Games,54,1114.5700000000002,550.6399999999999,563.9300000000001,0.505961940479288
"2025-10-05",2025,4,10,October,Collectibles,9,174.51,85.67999999999999,88.83000000000001,0.5090252707581229
"2025-10-05",2025,4,10,October,Dolls,95,1674.9599999999996,945.57,729.3900000000001,0.4354671156326123
"2025-10-05",2025,4,10,October,Educational,112,1893.5800000000004,1072.4599999999998,821.1200000000002,0.4336336463207259
"2025-10-05",2025,4,10,October,Model Kits,68,1140.1100000000001,640.71,499.3999999999999,0.43802790958767124
"2025-10-05",2025,4,10,October,Outdoor Play,123,2332.6200000000003,1266.8000000000002,1065.8200000000006,0.4569196868757022
"2025-10-05",2025,4,10,October,Plush,68,1236.8800000000003,736.28,500.5999999999999,0.4047280253541166
"2025-10-05",2025,4,10,October,Pretend Play,77,1892.1900000000003,1126.1799999999998,766.0099999999999,0.4048272107980698
"2025-10-05",2025,4,10,October,Puzzles,143,2511.25,1347.5900000000001,1163.6600000000003,0.4633787954206074
"2025-10-05",2025,4,10,October,STEM Kits,74,1650.1200000000001,904.54,745.5799999999999,0.4518338060262283
"2025-10-05",2025,4,10,October,Toy Vehicles,136,2406.689999999999,1420.4600000000003,986.2299999999999,0.4097868857227147
"2025-10-06",2025,4,10,October,Action Figures,119,2308.1199999999994,1295.4799999999996,1012.6400000000003,0.43872935549278225
"2025-10-06",2025,4,10,October,Arts & Crafts,143,1821.93,1098.8599999999997,723.0699999999999,0.39687035176982643
"2025-10-06",2025,4,10,October,Baby & Toddler,116,1763.8899999999994,971.4599999999998,792.43,0.4492513705503179
"2025-10-06",2025,4,10,October,Board Games,111,1796.7700000000002,977.1299999999999,819.6400000000001,0.4561741346972623
"2025-10-06",2025,4,10,October,Building Blocks,103,1578.2699999999995,899.3699999999999,678.9,0.43015453629607114
"2025-10-06",2025,4,10,October,Card Games,59,1526.2999999999997,804.4499999999999,721.8500000000001,0.4729410993906835
"2025-10-06",2025,4,10,October,Collectibles,6,116.34,57.11999999999999,59.22000000000001,0.5090252707581229
"2025-10-06",2025,4,10,October,Dolls,109,1886.0899999999995,1049.3200000000002,836.77,0.4436532721132079
"2025-10-06",2025,4,10,October,Educational,79,1401.3799999999997,807.15,594.23,0.4240320255747907
"2025-10-06",2025,4,10,October,Model Kits,53,818.0600000000002,434.35,383.71,0.4690487250323936
"2025-10-06",2025,4,10,October,Outdoor Play,127,2203.95,1184.97,1018.9800000000002,0.4623426121282245
"2025-10-06",2025,4,10,October,Plush,77,1113.5199999999998,716.62,396.90000000000003,0.35643724405488914
"2025-10-06",2025,4,10,October,Pretend Play,96,1730.7800000000002,1048.6699999999998,682.1099999999998,0.39410554778770246
"2025-10-06",2025,4,10,October,Puzzles,119,2148.480000000001,1156.1500000000003,992.33,0.4618753723562703
"2025-10-06",2025,4,10,October,STEM Kits,97,1813.0000000000005,1033.7699999999998,779.23,0.42980143408714827
"2025-10-06",2025,4,10,October,Toy Vehicles,156,2515.4100000000003,1482.72,1032.6899999999996,0.4105453981657064
"2025-10-07",2025,4,10,October,Action Figures,145,2612.8799999999997,1495.6299999999997,1117.2500000000005,0.4275933070022353
"2025-10-07",2025,4,10,October,Arts & Crafts,146,1819.139999999999,1102.2999999999997,716.8399999999999,0.3940543333663161
"2025-10-07",2025,4,10,October,Baby & Toddler,159,2324.5399999999995,1324.26,1000.2799999999994,0.4303130942035842
"2025-10-07",2025,4,10,October,Board Games,88,1092.85,576.0799999999999,516.7700000000001,0.4728645285263304
"2025-10-07",2025,4,10,October,Building Blocks,98,1406.77,816.86,589.91,0.4193364942385749
"2025-10-07",2025,4,10,October,Card Games,58,1215.5600000000002,620.36,595.1999999999999,0.4896508605087366
"2025-10-07",2025,4,10,October,Collectibles,9,174.51,85.67999999999999,88.83000000000001,0.5090252707581229
"2025-10-07",2025,4,10,October,Dolls,131,2453.1199999999994,1312.5900000000004,1140.5300000000002,0.4649303743803811
"2025-10-07",2025,4,10,October,Educational,128,2231.58,1275.5900000000004,955.9899999999999,0.42839154321153616
"2025-10-07",2025,4,10,October,Model Kits,46,789.2700000000001,452.28000000000014,336.98999999999995,0.42696415675244204
"2025-10-07",2025,4,10,October,Outdoor Play,99,1665.7,916.7300000000001,748.9700000000001,0.4496427928198356
"2025-10-07",2025,4,10,October,Plush,78,985.9799999999998,613.9599999999999,372.02,0.3773098845818374
"2025-10-07",2025,4,10,October,Pretend Play,85,1780.3200000000006,1074.43,705.8899999999999,0.39649613552619734
"2025-10-07",2025,4,10,October,Puzzles,115,2465.8999999999996,1273.1100000000001,1192.7900000000004,0.48371385700961134
"2025-10-07",2025,4,10,October,STEM Kits,127,2549.4399999999996,1433.5900000000001,1115.85,0.4376843542111209
"2025-10-07",2025,4,10,October,Toy Vehicles,123,2161.5800000000004,1215.61,945.9699999999997,0.4376289565965634
"2025-10-08",2025,4,10,October,Action Figures,114,2719.639999999999,1482.3799999999994,1237.2599999999998,0.4549352120133548
"2025-10-08",2025,4,10,October,Arts & Crafts,123,1550.6400000000003,909.3199999999999,641.3199999999999,0.4135840685136459
"2025-10-08",2025,4,10,October,Baby & Toddler,115,1834.7799999999997,1041.4699999999998,793.3099999999997,0.43237336356402395
"2025-10-08",2025,4,10,October,Board Games,113,2219.8799999999997,1193.5900000000006,1026.29,0.46231778294322223
"2025-10-08",2025,4,10,October,Building Blocks,87,1169.16,687.38,481.7799999999999,0.4120736255089123
"2025-10-08",2025,4,10,October,Card Games,80,1975.75,1031.16,944.59,0.47809186384917124
"2025-10-08",2025,4,10,October,Collectibles,5,96.95,47.599999999999994,49.35000000000001,0.5090252707581229
"2025-10-08",2025,4,10,October,Dolls,101,1825.1199999999992,1005.3900000000001,819.7300000000004,0.44913759095292405
"2025-10-08",2025,4,10,October,Educational,126,2440.659999999999,1376.2099999999998,1064.4499999999996,0.43613202986077537
"2025-10-08",2025,4,10,October,Model Kits,59,1006.4300000000002,491.5000000000001,514.93,0.5116401538109951
"2025-10-08",2025,4,10,October,Outdoor Play,95,1425.0000000000002,785.62,639.3800000000002,0.4486877192982457
"2025-10-08",2025,4,10,October,Plush,67,873.8600000000001,532.58,341.2799999999999,0.39054310759160493
"2025-10-08",2025,4,10,October,Pretend Play,88,1483.9900000000002,896.4099999999999,587.5799999999999,0.3959460643265789
"2025-10-08",2025,4,10,October,Puzzles,101,1726.6000000000006,915.7899999999998,810.8099999999997,0.46959921232479984
"2025-10-08",2025,4,10,October,STEM Kits,100,1983.55,1113.8199999999997,869.7299999999999,0.4384714274911144
"2025-10-08",2025,4,10,October,Toy Vehicles,134,2321.1600000000008,1363.4400000000003,957.7199999999999,0.41260404280618296
"2025-10-09",2025,4,10,October,Action Figures,145,2916.64,1670.9999999999998,1245.6400000000003,0.42708047616435363
"2025-10-09",2025,4,10,October,Arts & Crafts,172,1982.1499999999996,1174.2599999999995,807.8900000000001,0.4075826753777465
"2025-10-09",2025,4,10,October,Baby & Toddler,145,2028.219999999999,1145.5499999999997,882.6699999999998,0.4351944069183818
"2025-10-09",2025,4,10,October,Board Games,89,1704.9700000000003,942.8400000000004,762.13,0.44700493263811086
"2025-10-09",2025,4,10,October,Building Blocks,67,1023.6600000000002,591.2600000000001,432.4,0.4224058769513314
"2025-10-09",2025,4,10,October,Card Games,73,1405.2299999999998,712.0799999999999,693.1499999999999,0.49326444781281353
"2025-10-09",2025,4,10,October,Collectibles,5,96.95,47.599999999999994,49.35000000000001,0.5090252707581229
"2025-10-09",2025,4,10,October,Dolls,94,1789.7199999999998,951.5899999999999,838.1300000000001,0.4683023042710593
"2025-10-09",2025,4,10,October,Educational,118,2076.37,1176.3000000000002,900.0699999999999,0.4334824718137904
"2025-10-09",2025,4,10,October,Model Kits,28,501.92000000000013,279.49,222.42999999999998,0.4431582722346189
"2025-10-09",2025,4,10,October,Outdoor Play,104,1843.9299999999998,1017.3800000000001,826.5500000000002,0.44825454328526587
"2025-10-09",2025,4,10,October,Plush,70,1226.0100000000002,715.13,510.88000000000005,0.41670133196303455
"2025-10-09",2025,4,10,October,Pretend Play,81,1611.0600000000004,955.1399999999996,655.9199999999997,0.4071356746489886
"2025-10-09",2025,4,10,October,Puzzles,136,2357.0699999999993,1288.5000000000002,1068.5699999999995,0.4533467398083213
"2025-10-09",2025,4,10,October,STEM Kits,89,1647.9700000000005,969.0699999999999,678.9000000000001,0.41196138279216243
"2025-10-09",2025,4,10,October,Toy Vehicles,145,2481.0300000000007,1478.65,1002.3799999999999,0.4040176862029075
"2025-10-10",2025,4,10,October,Action Figures,153,3001.06,1740.0599999999995,1261.0,0.42018486801330196
"2025-10-10",2025,4,10,October,Arts & Crafts,147,1876.6999999999998,1133.1499999999999,743.5500000000001,0.39620077796131514
"2025-10-10",2025,4,10,October,Baby & Toddler,148,2556.7899999999995,1409.3700000000001,1147.4199999999998,0.4487736575940926
"2025-10-10",2025,4,10,October,Board Games,59,969.4299999999998,522.8300000000002,446.59999999999985,0.460683081810961
"2025-10-10",2025,4,10,October,Building Blocks,104,1531.2099999999996,883.0499999999998,648.16,0.4232992208776067
"2025-10-10",2025,4,10,October,Card Games,24,671.1,340.86,330.24000000000007,0.4920876173446581
"2025-10-10",2025,4,10,October,Collectibles,3,58.17,28.56,29.610000000000003,0.5090252707581228
"2025-10-10",2025,4,10,October,Dolls,89,1768.0599999999995,960.2700000000001,807.7900000000001,0.4568792914267617
"2025-10-10",2025,4,10,October,Educational,81,1379.23,802.9699999999999,576.2600000000002,0.4178128375977902
"2025-10-10",2025,4,10,October,Model Kits,76,1219.66,689.04,530.6199999999998,0.435055671252644
"2025-10-10",2025,4,10,October,Outdoor Play,152,2535.799999999999,1369.3799999999994,1166.4200000000005,0.45998107106238706
"2025-10-10",2025,4,10,October,Plush,90,1523.9600000000005,917.4199999999997,606.5399999999998,0.3980025722459905
"2025-10-10",2025,4,10,October,Pretend Play,88,1550.27,918.3100000000001,631.9599999999997,0.40764511988234287
"2025-10-10",2025,4,10,October,Puzzles,88,1762.3799999999994,899.6699999999998,862.7099999999999,0.48951417968883
"2025-10-10",2025,4,10,October,STEM Kits,104,1808.4400000000003,1035.7599999999993,772.68,0.42726327663621677
"2025-10-10",2025,4,10,October,Toy Vehicles,146,2383.850000000001,1393.5700000000004,990.2799999999997,0.4154120435430079
"2025-10-11",2025,4,10,October,Action Figures,125,2319.599999999999,1298.4099999999999,1021.19,0.4402440075875153
"2025-10-11",2025,4,10,October,Arts & Crafts,117,1451.9299999999996,869.12,582.8100000000001,0.40140364893624364
"2025-10-11",2025,4,10,October,Baby & Toddler,107,1668.3099999999995,945.5099999999998,722.8,0.4332528127266516
"2025-10-11",2025,4,10,October,Board Games,89,1453.1699999999998,804.9600000000002,648.2099999999997,0.4460661863374552
"2025-10-11",2025,4,10,October,Building Blocks,113,1886.44,1053.88,832.5599999999998,0.44133924217043735
"2025-10-11",2025,4,10,October,Card Games,68,1184.7800000000004,620.7500000000001,564.0300000000001,0.4760630665608804
"2025-10-11",2025,4,10,October,Collectibles,3,58.17,28.56,29.610000000000003,0.5090252707581228
"2025-10-11",2025,4,10,October,Dolls,88,1346.8499999999992,720.3,626.5500000000002,0.4651965697739173
"2025-10-11",2025,4,10,October,Educational,76,1341.71,761.2999999999996,580.4100000000001,0.4325897548650603
"2025-10-11",2025,4,10,October,Model Kits,48,856.88,481.1100000000001,375.77,0.438532816730464
"2025-10-11",2025,4,10,October,Outdoor Play,102,1976.22,1101.4999999999998,874.7200000000001,0.44262278491261103
"2025-10-11",2025,4,10,October,Plush,76,1135.9099999999999,638.0600000000001,497.8500000000001,0.43828296255865357
"2025-10-11",2025,4,10,October,Pretend Play,113,1952.3200000000002,1193.95,758.3699999999999,0.38844554171447293
"2025-10-11",2025,4,10,October,Puzzles,85,1661.37,890.11,771.26,0.4642313271577072
"2025-10-11",2025,4,10,October,STEM Kits,96,1749.7200000000003,980.91,768.81,0.43939030244839167
"2025-10-11",2025,4,10,October,Toy Vehicles,154,2390.3200000000006,1444.77,945.5499999999995,0.3955746510927404
"2025-10-12",2025,4,10,October,Action Figures,127,2467.6199999999994,1362.8100000000002,1104.8100000000002,0.4477229070926644
"2025-10-12",2025,4,10,October,Arts & Crafts,128,1516.96,890.5600000000002,626.4000000000001,0.4129311254087122
"2025-10-12",2025,4,10,October,Baby & Toddler,109,1776.3899999999994,1015.8399999999998,760.55,0.4281435945935297
"2025-10-12",2025,4,10,October,Board Games,106,1631.2900000000002,916.1600000000001,715.1299999999999,0.43838312010739955
"2025-10-12",2025,4,10,October,Building Blocks,95,1440.6599999999996,815.2299999999999,625.43,0.43412741382421954
"2025-10-12",2025,4,10,October,Card Games,92,2079.7000000000003,1088.3200000000002,991.38,0.4766937539068134
"2025-10-12",2025,4,10,October,Collectibles,1,19.39,9.52,9.870000000000001,0.5090252707581228
"2025-10-12",2025,4,10,October,Dolls,88,1471.4099999999999,824.46,646.95,0.439680306644647
"2025-10-12",2025,4,10,October,Educational,66,1166.1699999999998,691.38,474.78999999999996,0.4071361808312682
"2025-10-12",2025,4,10,October,Model Kits,42,709.2,398.3300000000001,310.8699999999999,0.43833897349125756
"2025-10-12",2025,4,10,October,Outdoor Play,106,2040.9799999999996,1131.6899999999998,909.2900000000001,0.44551636958715923
"2025-10-12",2025,4,10,October,Plush,86,1300.45,773.0600000000001,527.3900000000001,0.40554423468799267
"2025-10-12",2025,4,10,October,Pretend Play,68,1470.5400000000002,906.3899999999999,564.15,0.38363458321432936
"2025-10-12",2025,4,10,October,Puzzles,132,2392.3700000000003,1245.2100000000003,1147.16,0.47950776844718834
"2025-10-12",2025,4,10,October,STEM Kits,99,1811.6399999999994,1046.88,764.7600000000001,0.42213684838047316
"2025-10-12",2025,4,10,October,Toy Vehicles,141,2196.4500000000003,1284.9200000000005,911.5299999999997,0.4150014796603609
"2025-10-13",2025,4,10,October,Action Figures,136,2499.959999999999,1391.9200000000003,1108.0399999999997,0.44322309156946516
"2025-10-13",2025,4,10,October,Arts & Crafts,122,1582.1999999999998,928.1699999999996,654.0300000000001,0.4133674630261662
"2025-10-13",2025,4,10,October,Baby & Toddler,127,1867.26,1019.1899999999998,848.0700000000004,0.4541788502940139
"2025-10-13",2025,4,10,October,Board Games,102,1658.8799999999997,909.6899999999999,749.1899999999999,0.4516239872685186
"2025-10-13",2025,4,10,October,Building Blocks,97,1622.7700000000002,902.5100000000001,720.2600000000001,0.4438460163794007
"2025-10-13",2025,4,10,October,Card Games,93,1914.83,1008.8500000000005,905.9799999999999,0.4731386076048526
"2025-10-13",2025,4,10,October,Collectibles,10,193.89999999999998,95.19999999999999,98.70000000000002,0.5090252707581229
"2025-10-13",2025,4,10,October,Dolls,95,1707.4699999999996,966.5000000000001,740.9699999999998,0.4339578440616819
"2025-10-13",2025,4,10,October,Educational,77,1527.8999999999999,875.16,652.74,0.42721382289416854
"2025-10-13",2025,4,10,October,Model Kits,57,1011.6100000000002,542.7100000000002,468.9,0.4635185496386946
"2025-10-13",2025,4,10,October,Outdoor Play,137,2533.049999999999,1403.09,1129.9600000000003,0.44608673338465515
"2025-10-13",2025,4,10,October,Plush,75,1058.52,701.8000000000001,356.7199999999999,0.336998828553074
"2025-10-13",2025,4,10,October,Pretend Play,64,1254.98,759.08,495.9,0.3951457393743326
"2025-10-13",2025,4,10,October,Puzzles,157,2969.9900000000002,1525.1200000000001,1444.8700000000001,0.48648985350119023
"2025-10-13",2025,4,10,October,STEM Kits,92,2144.5399999999995,1189.0399999999997,955.5000000000001,0.44555009465899464
"2025-10-13",2025,4,10,October,Toy Vehicles,124,1913.66,1143.9699999999998,769.6899999999994,0.4022083337687987
"2025-10-14",2025,4,10,October,Action Figures,121,2873.38,1659.3700000000001,1214.0099999999998,0.4225024187542197
"2025-10-14",2025,4,10,October,Arts & Crafts,162,2276.6400000000003,1351.5700000000002,925.0699999999997,0.4063312601026072
"2025-10-14",2025,4,10,October,Baby & Toddler,150,2232.0599999999995,1302.5499999999995,929.5099999999996,0.4164359381020223
"2025-10-14",2025,4,10,October,Board Games,123,1886.3200000000004,1044.8100000000002,841.51,0.4461120064464141
"2025-10-14",2025,4,10,October,Building Blocks,74,1071.6,601.7700000000001,469.82999999999987,0.43843784994400886
"2025-10-14",2025,4,10,October,Card Games,83,1887.7199999999996,950.6200000000003,937.1000000000001,0.4964189604390484
"2025-10-14",2025,4,10,October,Collectibles,17,329.63,161.84,167.79000000000002,0.5090252707581228
"2025-10-14",2025,4,10,October,Dolls,92,1687.1199999999992,895.5400000000001,791.5800000000002,0.4691900991037985
"2025-10-14",2025,4,10,October,Educational,77,1454.46,800.9399999999996,653.5199999999999,0.44932139763211076
"2025-10-14",2025,4,10,October,Model Kits,63,1054.42,549.32,505.09999999999997,0.4790311261167276
"2025-10-14",2025,4,10,October,Outdoor Play,155,2489.33,1412.6999999999998,1076.63,0.4324979010416458
"2025-10-14",2025,4,10,October,Plush,75,1156.7,627.06,529.64,0.4578888216477911
"2025-10-14",2025,4,10,October,Pretend Play,72,1599.55,1001.7600000000001,597.7899999999998,0.37372385983557865
"2025-10-14",2025,4,10,October,Puzzles,111,2358.48,1225.9599999999998,1132.5199999999998,0.4801906312540279
"2025-10-14",2025,4,10,October,STEM Kits,111,2077.8099999999995,1184.3799999999997,893.4299999999997,0.4299863798903653
"2025-10-14",2025,4,10,October,Toy Vehicles,171,2658.3800000000015,1605.130000000001,1053.2499999999993,0.3961999413176441
"2025-10-15",2025,4,10,October,Action Figures,120,3059.0099999999984,1724.4099999999996,1334.6000000000004,0.4362849418602754
"2025-10-15",2025,4,10,October,Arts & Crafts,171,2048.6299999999997,1229.5599999999995,819.0700000000002,0.39981353392267044
"2025-10-15",2025,4,10,October,Baby & Toddler,118,1811.3499999999995,1006.1699999999995,805.18,0.4445192811991057
"2025-10-15",2025,4,10,October,Board Games,70,1233.2499999999998,669.95,563.3000000000001,0.45676059193188745
"2025-10-15",2025,4,10,October,Building Blocks,112,1684.2899999999997,944.0,740.2900000000002,0.43952644734576607
"2025-10-15",2025,4,10,October,Card Games,77,1729.89,886.9200000000001,842.9699999999998,0.4872968801484486
"2025-10-15",2025,4,10,October,Collectibles,9,174.51000000000002,85.68,88.83000000000001,0.5090252707581228
"2025-10-15",2025,4,10,October,Dolls,116,2085.659999999999,1131.6499999999999,954.0100000000002,0.4574139600893725
"2025-10-15",2025,4,10,October,Educational,109,1982.48,1095.28,887.1999999999997,0.44752027763205665
"2025-10-15",2025,4,10,October,Model Kits,38,555.6199999999999,284.97,270.65,0.48711349483459926
"2025-10-15",2025,4,10,October,Outdoor Play,108,2045.8599999999992,1108.38,937.4800000000006,0.4582327236467798
"2025-10-15",2025,4,10,October,Plush,90,1288.3300000000002,740.0000000000001,548.3299999999999,0.4256130028796969
"2025-10-15",2025,4,10,October,Pretend Play,67,1511.1400000000003,922.3700000000001,588.77,0.3896197572693462
"2025-10-15",2025,4,10,October,Puzzles,109,2420.5699999999993,1228.3100000000002,1192.2600000000004,0.4925534068421904
"2025-10-15",2025,4,10,October,STEM Kits,114,2474.4000000000005,1388.33,1086.0699999999995,0.43892256708697025
"2025-10-15",2025,4,10,October,Toy Vehicles,148,2274.14,1298.64,975.4999999999999,0.42895336258981415
"2025-10-16",2025,4,10,October,Action Figures,139,2954.2799999999997,1664.8999999999999,1289.38,0.4364447513438131
"2025-10-16",2025,4,10,October,Arts & Crafts,99,1082.4900000000002,666.47,416.02,0.3843176380382266
"2025-10-16",2025,4,10,October,Baby & Toddler,107,1836.05,1044.0999999999997,791.95,0.43133356934724004
"2025-10-16",2025,4,10,October,Board Games,66,1095.8600000000001,614.3600000000001,481.49999999999994,0.4393809428211632
"2025-10-16",2025,4,10,October,Building Blocks,92,1239.52,729.8899999999999,509.63,0.41115109074480444
"2025-10-16",2025,4,10,October,Card Games,69,1380.06,693.17,686.89,0.49772473660565486
"2025-10-16",2025,4,10,October,Collectibles,11,213.29000000000002,104.72,108.57000000000002,0.5090252707581228
"2025-10-16",2025,4,10,October,Dolls,67,1246.7899999999997,684.9899999999999,561.8000000000001,0.45059713343867064
"2025-10-16",2025,4,10,October,Educational,96,1803.2599999999993,1044.07,759.1900000000004,0.4210097268280784
"2025-10-16",2025,4,10,October,Model Kits,46,635.63,324.8900000000001,310.73999999999995,0.48886931076255047
"2025-10-16",2025,4,10,October,Outdoor Play,117,2088.03,1177.3500000000001,910.6800000000004,0.4361431588626602
"2025-10-16",2025,4,10,October,Plush,78,1196.4699999999998,730.45,466.02,0.38949576671374964
"2025-10-16",2025,4,10,October,Pretend Play,91,1713.0800000000006,1042.33,670.7499999999999,0.391546220841992
"2025-10-16",2025,4,10,October,Puzzles,109,1943.26,1063.49,879.77,0.45272891944464455
"2025-10-16",2025,4,10,October,STEM Kits,59,1451.5800000000004,801.8999999999997,649.6799999999998,0.4475674781961722
"2025-10-16",2025,4,10,October,Toy Vehicles,137,2265.16,1327.5900000000006,937.5699999999998,0.4139089512440622
"2025-10-17",2025,4,10,October,Action Figures,153,3059.499999999998,1706.3899999999996,1353.1099999999997,0.44226507599280945
"2025-10-17",2025,4,10,October,Arts & Crafts,187,2355.3,1374.1899999999998,981.1099999999999,0.41655415446015365
"2025-10-17",2025,4,10,October,Baby & Toddler,144,2228.399999999999,1210.7999999999995,1017.5999999999996,0.45665051157781367
"2025-10-17",2025,4,10,October,Board Games,120,1885.239999999999,1100.1200000000001,785.1199999999999,0.41645626021090165
"2025-10-17",2025,4,10,October,Building Blocks,81,1428.9299999999998,780.87,648.06,0.4535281644307279
"2025-10-17",2025,4,10,October,Card Games,77,1729.0400000000006,897.4599999999999,831.58,0.4809489659001525
"2025-10-17",2025,4,10,October,Collectibles,4,77.56,38.08,39.480000000000004,0.5090252707581228
"2025-10-17",2025,4,10,October,Dolls,81,1308.92,735.4899999999998,573.4300000000001,0.43809400116126274
"2025-10-17",2025,4,10,October,Educational,131,2326.339999999999,1266.0299999999993,1060.31,0.45578462305595935
"2025-10-17",2025,4,10,October,Model Kits,45,682.1000000000001,376.18000000000006,305.91999999999996,0.44849728778771425
"2025-10-17",2025,4,10,October,Outdoor Play,142,2439.81,1360.6800000000005,1079.13,0.4423008349010784
"2025-10-17",2025,4,10,October,Plush,70,1162.0400000000004,653.3500000000001,508.68999999999994,0.4377560152834668
"2025-10-17",2025,4,10,October,Pretend Play,50,846.6100000000002,532.62,313.99,0.3708791533291597
"2025-10-17",2025,4,10,October,Puzzles,125,2278.31,1182.5999999999997,1095.7099999999998,0.48093104099090983
"2025-10-17",2025,4,10,October,STEM Kits,99,1973.5300000000004,1093.9599999999996,879.57,0.44568362274705725
"2025-10-17",2025,4,10,October,Toy Vehicles,141,2215.5200000000004,1332.7900000000006,882.7299999999996,0.3984301653787821
"2025-10-18",2025,4,10,October,Action Figures,168,3614.509999999999,1976.24,1638.27,0.4532481581182513
"2025-10-18",2025,4,10,October,Arts & Crafts,139,1662.8,982.51,680.29,0.4091231657445273
"2025-10-18",2025,4,10,October,Baby & Toddler,149,2281.9799999999987,1282.0699999999997,999.9100000000001,0.4381764958500954
"2025-10-18",2025,4,10,October,Board Games,95,1403.1099999999997,797.1400000000002,605.9699999999999,0.43187633186279056
"2025-10-18",2025,4,10,October,Building Blocks,95,1479.5600000000002,841.5400000000001,638.02,0.4312227959663683
"2025-10-18",2025,4,10,October,Card Games,94,1970.7800000000002,999.76,971.0200000000002,0.4927084707577711
"2025-10-18",2025,4,10,October,Collectibles,2,38.78,19.04,19.740000000000002,0.5090252707581228
"2025-10-18",2025,4,10,October,Dolls,100,1953.46,1029.36,924.1000000000001,0.4730580610813634
"2025-10-18",2025,4,10,October,Educational,92,1705.4399999999994,995.5499999999997,709.8899999999999,0.41625035181536735
"2025-10-18",2025,4,10,October,Model Kits,47,778.0399999999998,390.3,387.73999999999995,0.4983548403681045
"2025-10-18",2025,4,10,October,Outdoor Play,106,1858.1399999999999,1043.2,814.94,0.43857836330954614
"2025-10-18",2025,4,10,October,Plush,88,1357.9099999999996,746.6600000000002,611.25,0.4501402891207813
"2025-10-18",2025,4,10,October,Pretend Play,68,1317.4300000000003,816.5999999999999,500.83000000000004,0.3801568204762302
"2025-10-18",2025,4,10,October,Puzzles,128,2243.7999999999997,1171.1200000000001,1072.6799999999998,0.4780639985738479
"2025-10-18",2025,4,10,October,STEM Kits,91,1631.77,930.4199999999998,701.3499999999998,0.42980934813117033
"2025-10-18",2025,4,10,October,Toy Vehicles,146,2309.1699999999996,1347.04,962.1299999999995,0.41665620114586616
"2025-10-19",2025,4,10,October,Action Figures,168,3303.779999999999,1821.53,1482.2500000000007,0.448652755328745
"2025-10-19",2025,4,10,October,Arts & Crafts,151,1853.3999999999996,1109.92,743.4799999999998,0.40114384374662776
"2025-10-19",2025,4,10,October,Baby & Toddler,128,1980.7799999999995,1096.3799999999997,884.3999999999997,0.4464907763608275
"2025-10-19",2025,4,10,October,Board Games,96,1653.8400000000001,948.2400000000001,705.6000000000001,0.4266434479756204
"2025-10-19",2025,4,10,October,Building Blocks,64,1134.04,615.9200000000001,518.12,0.45687982787203274
"2025-10-19",2025,4,10,October,Card Games,82,1888.95,978.56,910.39,0.4819555837899362
"2025-10-19",2025,4,10,October,Collectibles,5,96.95,47.599999999999994,49.35000000000001,0.5090252707581229
"2025-10-19",2025,4,10,October,Dolls,90,1629.19,909.9000000000001,719.29,0.44150160509210096
"2025-10-19",2025,4,10,October,Educational,94,1756.84,993.4099999999997,763.43,0.43454725529928734
"2025-10-19",2025,4,10,October,Model Kits,50,866.93,511.3900000000001,355.54,0.41011385002249323
"2025-10-19",2025,4,10,October,Outdoor Play,132,2294.5299999999997,1291.5500000000002,1002.9800000000001,0.4371178411265053
"2025-10-19",2025,4,10,October,Plush,82,1367.4,822.1,545.3000000000001,0.3987860172590318
"2025-10-19",2025,4,10,October,Pretend Play,80,1469.3400000000004,862.77,606.5699999999998,0.41281799991833046
"2025-10-19",2025,4,10,October,Puzzles,149,2670.3799999999997,1386.9099999999999,1283.4700000000003,0.4806319699818005
"2025-10-19",2025,4,10,October,STEM Kits,113,2277.55,1278.5799999999995,998.9699999999999,0.4386160567276239
"2025-10-19",2025,4,10,October,Toy Vehicles,145,2399.3499999999995,1441.6400000000008,957.71,0.39915393752474637
"2025-10-20",2025,4,10,October,Action Figures,126,2424.9899999999984,1376.2100000000003,1048.78,0.4324883813953875
"2025-10-20",2025,4,10,October,Arts & Crafts,128,1397.48,828.1499999999999,569.33,0.4073976013968
"2025-10-20",2025,4,10,October,Baby & Toddler,146,2249.7500000000005,1264.2599999999998,985.49,0.4380442271363484
"2025-10-20",2025,4,10,October,Board Games,100,2008.5399999999997,1095.5600000000004,912.9799999999998,0.4545490754478377
"2025-10-20",2025,4,10,October,Building Blocks,90,1362.45,784.4599999999999,577.9900000000001,0.4242284120518185
"2025-10-20",2025,4,10,October,Card Games,78,1722.95,886.9099999999997,836.0400000000002,0.48523752865724495
"2025-10-20",2025,4,10,October,Collectibles,9,174.51,85.67999999999999,88.83000000000001,0.5090252707581229
"2025-10-20",2025,4,10,October,Dolls,93,1767.6799999999996,933.2599999999999,834.4200000000001,0.47204245112237525
"2025-10-20",2025,4,10,October,Educational,101,1710.96,1008.8499999999998,702.1099999999997,0.41036026558189537
"2025-10-20",2025,4,10,October,Model Kits,60,978.03,532.9000000000001,445.1299999999999,0.4551291882662085
"2025-10-20",2025,4,10,October,Outdoor Play,110,2146.4900000000007,1198.92,947.5700000000003,0.4414509268619933
"2025-10-20",2025,4,10,October,Plush,80,1296.1299999999999,725.62,570.51,0.4401641810620849
"2025-10-20",2025,4,10,October,Pretend Play,61,1131.0800000000002,694.5299999999997,436.54999999999984,0.3859585528875056
"2025-10-20",2025,4,10,October,Puzzles,126,2337.0499999999997,1224.1100000000001,1112.94,0.4762157420679918
"2025-10-20",2025,4,10,October,STEM Kits,114,2115.76,1155.1499999999999,960.6099999999998,0.45402597648126425
"2025-10-20",2025,4,10,October,Toy Vehicles,143,2455.79,1395.0100000000004,1060.7799999999997,0.43195061466982104
"2025-10-21",2025,4,10,October,Action Figures,160,2692.379999999998,1568.9500000000005,1123.43,0.417262793513546
"2025-10-21",2025,4,10,October,Arts & Crafts,144,1698.39,986.5399999999998,711.85,0.4191322370009244
"2025-10-21",2025,4,10,October,Baby & Toddler,137,2268.1099999999997,1318.9199999999998,949.1899999999999,0.41849381202851715
"2025-10-21",2025,4,10,October,Board Games,102,1633.5900000000001,911.5700000000002,722.0200000000002,0.4419836066577294
"2025-10-21",2025,4,10,October,Building Blocks,65,937.37,564.7299999999999,372.64,0.39753779190714444
"2025-10-21",2025,4,10,October,Card Games,101,1960.85,1035.43,925.4200000000002,0.4719483897289442
"2025-10-21",2025,4,10,October,Collectibles,13,252.07000000000002,123.75999999999999,128.31000000000003,0.5090252707581229
"2025-10-21",2025,4,10,October,Dolls,87,1638.0199999999998,931.0099999999998,707.0100000000002,0.4316247664863679
"2025-10-21",2025,4,10,October,Educational,126,2309.23,1304.1100000000001,1005.1199999999999,0.4352619704403632
"2025-10-21",2025,4,10,October,Model Kits,44,679.84,344.1500000000001,335.69000000000005,0.4937779477524124
"2025-10-21",2025,4,10,October,Outdoor Play,106,1881.3999999999999,1031.2600000000002,850.1399999999999,0.4518656319761879
"2025-10-21",2025,4,10,October,Plush,70,1298.6100000000001,799.75,498.86,0.38414920568915994
"2025-10-21",2025,4,10,October,Pretend Play,50,931.45,556.73,374.7199999999999,0.4022974931558322
"2025-10-21",2025,4,10,October,Puzzles,100,1726.2300000000002,907.9,818.3300000000004,0.47405618023090795
"2025-10-21",2025,4,10,October,STEM Kits,99,2116.68,1221.23,895.4499999999998,0.4230445792467448
"2025-10-21",2025,4,10,October,Toy Vehicles,115,1931.9200000000003,1126.4800000000002,805.4399999999999,0.4169116733612157
"2025-10-22",2025,4,10,October,Action Figures,102,2358.4599999999987,1359.3600000000001,999.0999999999998,0.4236238901656167
"2025-10-22",2025,4,10,October,Arts & Crafts,208,2401.680000000001,1467.7599999999995,933.9200000000001,0.3888611305419538
"2025-10-22",2025,4,10,October,Baby & Toddler,138,2058.0399999999995,1164.1399999999999,893.8999999999999,0.4343452994110902
"2025-10-22",2025,4,10,October,Board Games,78,1320.1099999999997,758.8399999999999,561.27,0.42516911469498764
"2025-10-22",2025,4,10,October,Building Blocks,113,2063.1699999999996,1134.99,928.1799999999998,0.4498805236601928
"2025-10-22",2025,4,10,October,Card Games,63,1633.3300000000002,834.9100000000001,798.42,0.48882956903993674
"2025-10-22",2025,4,10,October,Collectibles,8,155.12,76.15999999999998,78.96000000000002,0.5090252707581229
"2025-10-22",2025,4,10,October,Dolls,103,1642.299999999999,894.2099999999998,748.0900000000003,0.45551360896304005
"2025-10-22",2025,4,10,October,Educational,89,1745.3099999999993,1029.06,716.25,0.4103855475531569
"2025-10-22",2025,4,10,October,Model Kits,63,1131.58,649.3900000000001,482.18999999999994,0.42612099895721023
"2025-10-22",2025,4,10,October,Outdoor Play,121,2017.19,1139.07,878.1200000000001,0.43531843802517367
"2025-10-22",2025,4,10,October,Plush,91,1340.1999999999996,809.5900000000001,530.61,0.39591851962393687
"2025-10-22",2025,4,10,October,Pretend Play,73,1385.1200000000001,809.44,575.6799999999998,0.41561741942936337
"2025-10-22",2025,4,10,October,Puzzles,127,2170.61,1155.5499999999995,1015.0600000000002,0.4676381293737706
"2025-10-22",2025,4,10,October,STEM Kits,116,2339.1800000000003,1341.0699999999997,998.1099999999999,0.4266922596807427
"2025-10-22",2025,4,10,October,Toy Vehicles,141,2210.9700000000003,1276.4500000000003,934.52,0.4226742108667236
"2025-10-23",2025,4,10,October,Action Figures,98,2043.3299999999988,1128.45,914.8800000000001,0.44773971898812265
"2025-10-23",2025,4,10,October,Arts & Crafts,163,2221.6299999999987,1372.2199999999993,849.4099999999996,0.3823363926486409
"2025-10-23",2025,4,10,October,Baby & Toddler,128,1683.1899999999996,942.1299999999994,741.06,0.44027115180104454
"2025-10-23",2025,4,10,October,Board Games,96,1355.7899999999995,765.3700000000001,590.4199999999998,0.43548042100915335
"2025-10-23",2025,4,10,October,Building Blocks,102,1612.8099999999997,931.8399999999998,680.9699999999999,0.4222258046515089
"2025-10-23",2025,4,10,October,Card Games,75,1374.0100000000007,708.0100000000001,665.9999999999999,0.48471262945684496
"2025-10-23",2025,4,10,October,Collectibles,6,116.34,57.12,59.220000000000006,0.5090252707581228
"2025-10-23",2025,4,10,October,Dolls,58,871.0099999999999,525.71,345.29999999999995,0.39643632105257115
"2025-10-23",2025,4,10,October,Educational,129,2380.0699999999997,1275.7399999999998,1104.3299999999997,0.46399055489964575
"2025-10-23",2025,4,10,October,Model Kits,51,789.6500000000001,391.4800000000001,398.17,0.5042360539479516
"2025-10-23",2025,4,10,October,Outdoor Play,90,1642.9099999999996,942.0300000000002,700.8800000000002,0.4266088830185466
"2025-10-23",2025,4,10,October,Plush,71,1136.8699999999997,632.7900000000001,504.08000000000004,0.44339282415755554
"2025-10-23",2025,4,10,October,Pretend Play,79,1523.5300000000002,915.9199999999998,607.6099999999999,0.39881722053389157
"2025-10-23",2025,4,10,October,Puzzles,120,2328.69,1229.7599999999995,1098.93,0.4719090991072234
"2025-10-23",2025,4,10,October,STEM Kits,93,1647.7799999999997,919.0899999999998,728.6899999999999,0.442225297066356
"2025-10-23",2025,4,10,October,Toy Vehicles,158,2933.2900000000013,1727.6400000000008,1205.6499999999999,0.4110231173869612
"2025-10-24",2025,4,10,October,Action Figures,135,3592.8299999999995,1930.6099999999992,1662.2200000000003,0.46264922080922294
"2025-10-24",2025,4,10,October,Arts & Crafts,152,1960.6399999999987,1181.38,779.2600000000001,0.39745185245634107
"2025-10-24",2025,4,10,October,Baby & Toddler,156,2234.9599999999996,1263.57,971.39,0.43463417689802064
"2025-10-24",2025,4,10,October,Board Games,77,1415.9599999999998,755.3700000000002,660.59,0.46653154043899553
"2025-10-24",2025,4,10,October,Building Blocks,94,1476.0599999999995,821.5799999999999,654.48,0.4433966098939069
"2025-10-24",2025,4,10,October,Card Games,47,1196.4499999999998,617.3499999999998,579.1000000000001,0.4840152116678509
"2025-10-24",2025,4,10,October,Collectibles,13,252.07,123.75999999999999,128.31000000000003,0.5090252707581229
"2025-10-24",2025,4,10,October,Dolls,126,2105.33,1217.2200000000003,888.11,0.42183885661630244
"2025-10-24",2025,4,10,October,Educational,86,1475.98,850.4999999999999,625.4799999999999,0.4237726798466103
"2025-10-24",2025,4,10,October,Model Kits,53,868.6299999999999,457.4199999999999,411.20999999999987,0.4734006423908913
"2025-10-24",2025,4,10,October,Outdoor Play,122,2074.1800000000003,1128.25,945.9300000000004,0.45605010172694765
"2025-10-24",2025,4,10,October,Plush,50,928.46,503.32000000000005,425.14000000000016,0.4578980246860394
"2025-10-24",2025,4,10,October,Pretend Play,89,1933.520000000001,1158.3700000000001,775.1499999999999,0.4009009474947244
"2025-10-24",2025,4,10,October,Puzzles,100,1284.39,675.58,608.8100000000001,0.47400711621859404
"2025-10-24",2025,4,10,October,STEM Kits,60,1093.78,638.5399999999998,455.24,0.4162080125802264
"2025-10-24",2025,4,10,October,Toy Vehicles,126,2179.63,1236.9800000000002,942.6499999999994,0.4324816597312385
"2025-10-25",2025,4,10,October,Action Figures,164,2876.2899999999986,1670.0,1206.2900000000002,0.41939095153826655
"2025-10-25",2025,4,10,October,Arts & Crafts,151,1924.4599999999996,1183.85,740.6099999999997,0.3848404227679452
"2025-10-25",2025,4,10,October,Baby & Toddler,150,2446.66,1386.4299999999996,1060.23,0.43333769301823716
"2025-10-25",2025,4,10,October,Board Games,109,1820.3899999999996,990.9700000000004,829.4199999999998,0.45562764023093955
"2025-10-25",2025,4,10,October,Building Blocks,99,1327.62,786.8199999999999,540.8,0.40734547536192584
"2025-10-25",2025,4,10,October,Card Games,77,1669.3899999999999,846.1199999999998,823.2699999999999,0.49315618279730916
"2025-10-25",2025,4,10,October,Collectibles,1,19.39,9.52,9.870000000000001,0.5090252707581228
"2025-10-25",2025,4,10,October,Dolls,107,1874.5899999999992,1004.6899999999999,869.9,0.46404813852629123
"2025-10-25",2025,4,10,October,Educational,98,1699.96,961.56,738.3999999999999,0.4343631614861525
"2025-10-25",2025,4,10,October,Model Kits,57,973.23,549.6600000000002,423.56999999999994,0.4352208624888258
"2025-10-25",2025,4,10,October,Outdoor Play,121,2090.89,1134.9500000000005,955.9400000000002,0.4571928700218568
"2025-10-25",2025,4,10,October,Plush,68,1170.23,676.9899999999998,493.24,0.42148979260487257
"2025-10-25",2025,4,10,October,Pretend Play,107,2134.9300000000007,1326.9299999999998,808.0,0.37846674129830943
"2025-10-25",2025,4,10,October,Puzzles,126,2396.65,1231.0599999999997,1165.5899999999997,0.4863413514697597
"2025-10-25",2025,4,10,October,STEM Kits,106,2071.9100000000003,1165.64,906.27,0.43740799552104087
"2025-10-25",2025,4,10,October,Toy Vehicles,197,3342.5399999999995,1991.990000000001,1350.5499999999997,0.4040490166161063
"2025-10-26",2025,4,10,October,Action Figures,146,2295.559999999999,1288.2599999999995,1007.3000000000001,0.43880360347801867
"2025-10-26",2025,4,10,October,Arts & Crafts,129,1685.2799999999997,975.3099999999997,709.97,0.42127717649292706
"2025-10-26",2025,4,10,October,Baby & Toddler,182,2383.0499999999993,1378.4099999999999,1004.6399999999996,0.42157739031912883
"2025-10-26",2025,4,10,October,Board Games,65,1254.5700000000004,735.67,518.9000000000001,0.4136078497014913
"2025-10-26",2025,4,10,October,Building Blocks,133,1914.23,1124.1500000000003,790.0800000000002,0.41274037080183684
"2025-10-26",2025,4,10,October,Card Games,60,1622.66,808.7099999999999,813.95,0.5016146327634872
"2025-10-26",2025,4,10,October,Collectibles,14,271.46000000000004,133.28,138.18,0.5090252707581226
"2025-10-26",2025,4,10,October,Dolls,84,1457.2799999999997,834.5099999999999,622.7699999999999,0.42735095520421607
"2025-10-26",2025,4,10,October,Educational,122,2229.9399999999996,1281.9899999999998,947.9499999999997,0.4251011237970528
"2025-10-26",2025,4,10,October,Model Kits,65,1139.35,653.2900000000002,486.05999999999983,0.42661166454557414
"2025-10-26",2025,4,10,October,Outdoor Play,116,2015.4099999999999,1130.44,884.97,0.43910172123786234
"2025-10-26",2025,4,10,October,Plush,63,887.34,495.19000000000005,392.15,0.4419388284085018
"2025-10-26",2025,4,10,October,Pretend Play,75,1342.5,809.8199999999999,532.68,0.3967821229050279
"2025-10-26",2025,4,10,October,Puzzles,114,1918.8799999999994,995.5700000000004,923.3100000000002,0.48117130826315374
"2025-10-26",2025,4,10,October,STEM Kits,99,2049.42,1162.4500000000003,886.97,0.4327907407949566
"2025-10-26",2025,4,10,October,Toy Vehicles,114,1834.6400000000006,1036.4299999999998,798.2099999999995,0.4350771813543797
"2025-10-27",2025,4,10,October,Action Figures,136,3228.1899999999996,1785.6599999999992,1442.5299999999997,0.446854119491108
"2025-10-27",2025,4,10,October,Arts & Crafts,162,1980.0800000000004,1185.2600000000002,794.8200000000003,0.4014080239182256
"2025-10-27",2025,4,10,October,Baby & Toddler,134,2239.81,1204.48,1035.33,0.4622401007228292
"2025-10-27",2025,4,10,October,Board Games,93,1711.91,930.1300000000003,781.7800000000001,0.45667120350953033
"2025-10-27",2025,4,10,October,Building Blocks,98,1280.4699999999998,736.9399999999996,543.5299999999999,0.4244769498699696
"2025-10-27",2025,4,10,October,Card Games,61,1622.13,831.6699999999998,790.4599999999999,0.4872975655465344
"2025-10-27",2025,4,10,October,Collectibles,5,96.95,47.599999999999994,49.35000000000001,0.5090252707581229
"2025-10-27",2025,4,10,October,Dolls,107,1966.6199999999997,1088.1300000000003,878.4900000000004,0.44670043017969946
"2025-10-27",2025,4,10,October,Educational,97,1659.47,983.2900000000004,676.1800000000001,0.4074674444250273
"2025-10-27",2025,4,10,October,Model Kits,36,720.8299999999997,401.1500000000001,319.67999999999995,0.443488756017369
"2025-10-27",2025,4,10,October,Outdoor Play,142,2629.859999999999,1448.41,1181.4500000000007,0.4492444464724362
"2025-10-27",2025,4,10,October,Plush,63,929.6099999999999,548.3000000000001,381.30999999999995,0.41018276481535265
"2025-10-27",2025,4,10,October,Pretend Play,99,1770.5900000000004,1076.38,694.2099999999999,0.3920783467657672
"2025-10-27",2025,4,10,October,Puzzles,112,2272.68,1160.6800000000005,1111.9999999999998,0.48929017723568646
"2025-10-27",2025,4,10,October,STEM Kits,97,2120.36,1209.6,910.76,0.42953083438661355
"2025-10-27",2025,4,10,October,Toy Vehicles,171,2709.0500000000006,1574.1100000000006,1134.94,0.4189439102268322
"2025-10-28",2025,4,10,October,Action Figures,150,3310.9499999999985,1840.0700000000002,1470.8800000000008,0.4442471194068172
"2025-10-28",2025,4,10,October,Arts & Crafts,123,1572.7,965.5699999999999,607.1300000000001,0.38604311057417184
"2025-10-28",2025,4,10,October,Baby & Toddler,126,2002.2699999999998,1109.59,892.6799999999997,0.4458339784344768
"2025-10-28",2025,4,10,October,Board Games,93,1482.3199999999997,842.7900000000001,639.5299999999999,0.43143855577742996
"2025-10-28",2025,4,10,October,Building Blocks,90,1247.2700000000002,750.52,496.75,0.3982698212896966
"2025-10-28",2025,4,10,October,Card Games,59,1372.84,713.8499999999999,658.9899999999999,0.4800195215757116
"2025-10-28",2025,4,10,October,Collectibles,9,174.51,85.67999999999999,88.83000000000001,0.5090252707581229
"2025-10-28",2025,4,10,October,Dolls,128,2353.9,1273.7700000000002,1080.1300000000003,0.4588682611835678
"2025-10-28",2025,4,10,October,Educational,85,1660.3699999999997,917.0200000000001,743.35,0.44770141594945717
"2025-10-28",2025,4,10,October,Model Kits,53,894.1200000000002,483.04999999999995,411.0699999999999,0.459748132241757
"2025-10-28",2025,4,10,October,Outdoor Play,100,1872.1399999999999,1018.7300000000001,853.41,0.45584731911075027
"2025-10-28",2025,4,10,October,Plush,72,1174.96,755.71,419.25,0.35682065772451826
"2025-10-28",2025,4,10,October,Pretend Play,63,1342.6300000000003,793.0899999999999,549.54,0.4093011477473316
"2025-10-28",2025,4,10,October,Puzzles,134,2219.149999999999,1164.1599999999996,1054.99,0.4754027442939866
"2025-10-28",2025,4,10,October,STEM Kits,80,1640.4900000000007,916.8599999999997,723.63,0.4411060110089057
"2025-10-28",2025,4,10,October,Toy Vehicles,133,2206.940000000001,1286.8900000000006,920.0499999999997,0.41688944873897765
"2025-10-29",2025,4,10,October,Action Figures,126,3079.989999999999,1697.6099999999994,1382.38,0.44882613255237863
"2025-10-29",2025,4,10,October,Arts & Crafts,145,1834.1699999999994,1052.19,781.9800000000001,0.4263399793912235
"2025-10-29",2025,4,10,October,Baby & Toddler,148,2113.78,1200.6,913.1800000000002,0.4320127922489569
"2025-10-29",2025,4,10,October,Board Games,78,1472.6799999999996,814.88,657.8000000000001,0.44666865850014953
"2025-10-29",2025,4,10,October,Building Blocks,103,1841.6399999999996,1001.4899999999998,840.15,0.45619665081123356
"2025-10-29",2025,4,10,October,Card Games,60,1526.5099999999998,781.91,744.6,0.4877793135976837
"2025-10-29",2025,4,10,October,Collectibles,5,96.95,47.599999999999994,49.35000000000001,0.5090252707581229
"2025-10-29",2025,4,10,October,Dolls,79,1474.2899999999993,798.8499999999999,675.44,0.45814595500206906
"2025-10-29",2025,4,10,October,Educational,101,1977.339999999999,1110.28,867.0599999999996,0.43849818442958727
"2025-10-29",2025,4,10,October,Model Kits,41,653.0600000000001,371.8900000000001,281.17,0.4305423697669433
"2025-10-29",2025,4,10,October,Outdoor Play,113,2027.0,1123.4399999999996,903.5600000000003,0.4457622101628023
"2025-10-29",2025,4,10,October,Plush,82,1392.79,836.5100000000001,556.28,0.3993997659374349
"2025-10-29",2025,4,10,October,Pretend Play,82,1729.5800000000004,1010.9900000000002,718.5899999999999,0.41547080794181235
"2025-10-29",2025,4,10,October,Puzzles,118,1920.0299999999993,1004.8199999999999,915.2099999999999,0.4766644271183264
"2025-10-29",2025,4,10,October,STEM Kits,105,2298.8300000000004,1263.08,1035.7499999999998,0.45055528246977794
"2025-10-29",2025,4,10,October,Toy Vehicles,144,2478.82,1424.0400000000002,1054.7799999999997,0.42551697985331716
"2025-10-30",2025,4,10,October,Action Figures,132,2458.3199999999993,1419.0999999999997,1039.22,0.42273585212665576
"2025-10-30",2025,4,10,October,Arts & Crafts,142,1537.1000000000001,936.22,600.8800000000003,0.3909179623967213
"2025-10-30",2025,4,10,October,Baby & Toddler,133,2147.7799999999997,1200.79,946.9900000000001,0.4409157362485917
"2025-10-30",2025,4,10,October,Board Games,117,1869.6599999999999,1056.1000000000001,813.5599999999998,0.43513793951841506
"2025-10-30",2025,4,10,October,Building Blocks,110,1765.3899999999999,989.4399999999998,775.9499999999998,0.43953460708398706
"2025-10-30",2025,4,10,October,Card Games,107,2534.66,1312.8600000000001,1221.8000000000004,0.4820370384982603
"2025-10-30",2025,4,10,October,Collectibles,5,96.95,47.599999999999994,49.35000000000001,0.5090252707581229
"2025-10-30",2025,4,10,October,Dolls,118,2028.7099999999998,1120.4699999999998,908.2400000000001,0.44769336179148334
"2025-10-30",2025,4,10,October,Educational,100,1738.5500000000002,961.7099999999999,776.8399999999999,0.44683213022346197
"2025-10-30",2025,4,10,October,Model Kits,53,956.11,551.2,404.9099999999999,0.42349729633619554
"2025-10-30",2025,4,10,October,Outdoor Play,129,2344.9999999999995,1313.7999999999997,1031.2000000000003,0.43974413646055455
"2025-10-30",2025,4,10,October,Plush,64,1188.1699999999996,711.47,476.7000000000001,0.40120521474199844
"2025-10-30",2025,4,10,October,Pretend Play,70,1199.6000000000001,744.7000000000002,454.8999999999998,0.3792097365788594
"2025-10-30",2025,4,10,October,Puzzles,127,2196.68,1158.57,1038.1099999999997,0.47258135003732893
"2025-10-30",2025,4,10,October,STEM Kits,88,1912.18,1067.0799999999997,845.0999999999996,0.44195630118503465
"2025-10-30",2025,4,10,October,Toy Vehicles,126,2282.5399999999995,1330.5599999999997,951.9799999999999,0.4170704565965986
"2025-10-31",2025,4,10,October,Action Figures,128,2804.8199999999997,1541.7999999999997,1263.0199999999995,0.4503034062791907
"2025-10-31",2025,4,10,October,Arts & Crafts,132,1654.5699999999995,1036.3200000000002,618.2500000000003,0.37366203907964035
"2025-10-31",2025,4,10,October,Baby & Toddler,133,1967.1799999999996,1120.37,846.8099999999997,0.43046899622810314
"2025-10-31",2025,4,10,October,Board Games,79,1561.08,921.69,639.39,0.40958182796525483
"2025-10-31",2025,4,10,October,Building Blocks,71,1190.9199999999998,672.5500000000002,518.37,0.435268531891311
"2025-10-31",2025,4,10,October,Card Games,80,1835.7400000000002,953.1099999999998,882.6299999999999,0.4808033817425124
"2025-10-31",2025,4,10,October,Collectibles,4,77.56,38.08,39.480000000000004,0.5090252707581228
"2025-10-31",2025,4,10,October,Dolls,86,1619.1300000000003,887.62,731.5100000000002,0.4517920117594017
"2025-10-31",2025,4,10,October,Educational,82,1568.2299999999996,865.1299999999998,703.1,0.4483398481090148
"2025-10-31",2025,4,10,October,Model Kits,54,871.95,475.9100000000002,396.0399999999999,0.4542003555249726
"2025-10-31",2025,4,10,October,Outdoor Play,105,2014.81,1120.7,894.1100000000002,0.44376889135948316
"2025-10-31",2025,4,10,October,Plush,70,1057.75,586.7300000000001,471.02000000000004,0.4453037107066888
"2025-10-31",2025,4,10,October,Pretend Play,69,1187.7200000000003,677.2600000000001,510.45999999999987,0.4297814299666586
"2025-10-31",2025,4,10,October,Puzzles,106,1725.0799999999997,890.7600000000002,834.3200000000002,0.48364133837271334
"2025-10-31",2025,4,10,October,STEM Kits,90,2125.82,1196.7799999999993,929.0399999999997,0.43702665324439494
"2025-10-31",2025,4,10,October,Toy Vehicles,126,1968.6299999999999,1184.2500000000005,784.3799999999998,0.39843952393288723
"2025-11-01",2025,4,11,November,Action Figures,155,2913.9199999999996,1686.62,1227.3000000000002,0.4211852075554581
"2025-11-01",2025,4,11,November,Arts & Crafts,111,1383.68,816.6,567.08,0.40983464384828866
"2025-11-01",2025,4,11,November,Baby & Toddler,107,1420.64,800.42,620.2199999999999,0.43657788039193596
"2025-11-01",2025,4,11,November,Board Games,114,1837.03,1065.3300000000006,771.7,0.42008023821058993
"2025-11-01",2025,4,11,November,Building Blocks,92,1543.4599999999998,896.68,646.7799999999999,0.41904552110193977
"2025-11-01",2025,4,11,November,Card Games,66,1315.31,670.9499999999999,644.3600000000001,0.48989211668732097
"2025-11-01",2025,4,11,November,Collectibles,4,77.56,38.08,39.480000000000004,0.5090252707581228
"2025-11-01",2025,4,11,November,Dolls,94,1536.2199999999996,882.4800000000001,653.7400000000001,0.4255510278475741
"2025-11-01",2025,4,11,November,Educational,91,1815.1200000000003,1005.07,810.0499999999997,0.4462790338930757
"2025-11-01",2025,4,11,November,Model Kits,62,1001.9900000000001,550.4600000000002,451.5299999999999,0.450633239852693
"2025-11-01",2025,4,11,November,Outdoor Play,106,1882.57,1031.6599999999999,850.9100000000003,0.45199381696298163
"2025-11-01",2025,4,11,November,Plush,80,1350.6900000000003,770.85,579.84,0.429291695355707
"2025-11-01",2025,4,11,November,Pretend Play,68,1155.16,711.7500000000001,443.41,0.38385158765885247
"2025-11-01",2025,4,11,November,Puzzles,126,1940.1199999999997,1042.36,897.7600000000002,0.46273426385996763
"2025-11-01",2025,4,11,November,STEM Kits,81,1783.1399999999996,1018.9699999999997,764.1699999999997,0.42855300200769425
"2025-11-01",2025,4,11,November,Toy Vehicles,133,2250.8800000000006,1282.0800000000006,968.7999999999996,0.43040943986351976
"2025-11-02",2025,4,11,November,Action Figures,148,2880.7799999999984,1638.9899999999993,1241.79,0.43106033782517256
"2025-11-02",2025,4,11,November,Arts & Crafts,146,1827.97,1115.25,712.7199999999999,0.38989698955672136
"2025-11-02",2025,4,11,November,Baby & Toddler,103,1611.6299999999999,903.98,707.65,0.4390896173439313
"2025-11-02",2025,4,11,November,Board Games,95,1541.21,855.03,686.18,0.44522161159089285
"2025-11-02",2025,4,11,November,Building Blocks,87,1415.6900000000005,798.1000000000001,617.5900000000001,0.436246635916055
"2025-11-02",2025,4,11,November,Card Games,81,1850.6900000000003,920.9100000000002,929.7800000000001,0.5023964035035581
"2025-11-02",2025,4,11,November,Collectibles,10,193.90000000000003,95.2,98.70000000000002,0.5090252707581228
"2025-11-02",2025,4,11,November,Dolls,70,1374.8999999999996,760.97,613.9300000000001,0.4465270201469199
"2025-11-02",2025,4,11,November,Educational,99,1695.6699999999998,950.2199999999999,745.45,0.4396197373309666
"2025-11-02",2025,4,11,November,Model Kits,71,1040.2100000000003,542.95,497.25999999999993,0.47803808846290635
"2025-11-02",2025,4,11,November,Outdoor Play,119,2026.88,1127.2499999999998,899.6300000000001,0.4438496605620461
"2025-11-02",2025,4,11,November,Plush,76,1449.3599999999992,886.9399999999999,562.42,0.38804713804713825
"2025-11-02",2025,4,11,November,Pretend Play,90,1737.6500000000003,1078.7899999999997,658.8599999999999,0.37916726613529755
"2025-11-02",2025,4,11,November,Puzzles,110,1964.3100000000002,1035.5000000000002,928.8100000000002,0.47284288121528684
"2025-11-02",2025,4,11,November,STEM Kits,95,1891.7900000000002,1089.0300000000002,802.76,0.42433885367826235
"2025-11-02",2025,4,11,November,Toy Vehicles,111,1980.2800000000004,1152.19,828.0899999999996,0.4181681378390932
"2025-11-03",2025,4,11,November,Action Figures,134,2574.7399999999984,1459.9800000000005,1114.7600000000002,0.43296022122622124
"2025-11-03",2025,4,11,November,Arts & Crafts,142,1884.25,1163.05,721.1999999999999,0.3827517579938967
"2025-11-03",2025,4,11,November,Baby & Toddler,148,2189.6,1213.8699999999997,975.7299999999999,0.44562020460358054
"2025-11-03",2025,4,11,November,Board Games,120,2052.0199999999995,1131.0600000000004,920.9599999999998,0.4488065418465707
"2025-11-03",2025,4,11,November,Building Blocks,126,1777.7599999999998,1037.4600000000003,740.3000000000001,0.4164229142291424
"2025-11-03",2025,4,11,November,Card Games,76,1631.4399999999994,838.6700000000001,792.7700000000001,0.48593267297602144
"2025-11-03",2025,4,11,November,Collectibles,8,155.12,76.16,78.96000000000001,0.5090252707581228
"2025-11-03",2025,4,11,November,Dolls,82,1627.7199999999996,842.9899999999999,784.7300000000001,0.48210380163664535
"2025-11-03",2025,4,11,November,Educational,104,1859.5199999999998,1117.47,742.0499999999998,0.3990545947341249
"2025-11-03",2025,4,11,November,Model Kits,44,760.05,397.99,362.05999999999995,0.47636339714492465
"2025-11-03",2025,4,11,November,Outdoor Play,86,1343.3799999999999,749.1299999999998,594.2500000000002,0.4423543598981675
"2025-11-03",2025,4,11,November,Plush,61,1125.7399999999998,656.6000000000001,469.1399999999999,0.4167392115408531
"2025-11-03",2025,4,11,November,Pretend Play,81,1458.38,902.5799999999999,555.8,0.38110780455025434
"2025-11-03",2025,4,11,November,Puzzles,116,2060.3399999999997,1079.1300000000006,981.21,0.47623693176854315
"2025-11-03",2025,4,11,November,STEM Kits,90,2038.2900000000004,1165.4500000000003,872.8399999999998,0.4282216956370289
"2025-11-03",2025,4,11,November,Toy Vehicles,159,2538.100000000001,1544.5900000000001,993.5099999999995,0.39143847760135503
"2025-11-04",2025,4,11,November,Action Figures,126,2513.8999999999996,1414.82,1099.08,0.4372011615418275
"2025-11-04",2025,4,11,November,Arts & Crafts,181,2456.7799999999993,1509.2499999999998,947.5299999999999,0.385679629433649
"2025-11-04",2025,4,11,November,Baby & Toddler,167,2775.1599999999985,1534.1100000000006,1241.0499999999997,0.44719944075296575
"2025-11-04",2025,4,11,November,Board Games,86,1625.3499999999995,930.7199999999999,694.6299999999999,0.42737256590888123
"2025-11-04",2025,4,11,November,Building Blocks,79,1211.55,682.9599999999999,528.5899999999999,0.4362923527712434
"2025-11-04",2025,4,11,November,Card Games,71,1588.9899999999998,806.76,782.2300000000002,0.49228126042328796
"2025-11-04",2025,4,11,November,Collectibles,2,38.78,19.04,19.740000000000002,0.5090252707581228
"2025-11-04",2025,4,11,November,Dolls,72,1209.48,669.32,540.16,0.44660515262757544
"2025-11-04",2025,4,11,November,Educational,95,1597.57,912.4699999999998,685.0999999999999,0.4288387989258686
"2025-11-04",2025,4,11,November,Model Kits,32,624.35,353.35000000000014,271.0,0.4340514134700088
"2025-11-04",2025,4,11,November,Outdoor Play,148,2404.5300000000007,1318.7100000000007,1085.82,0.45157265661064727
"2025-11-04",2025,4,11,November,Plush,52,764.93,460.36,304.5700000000001,0.3981671525499067
"2025-11-04",2025,4,11,November,Pretend Play,96,1657.9000000000005,984.1099999999999,673.7899999999998,0.40641172567706113
"2025-11-04",2025,4,11,November,Puzzles,108,1768.7499999999995,948.8200000000002,819.9299999999997,0.463564664310954
"2025-11-04",2025,4,11,November,STEM Kits,97,2155.9,1235.62,920.2799999999997,0.42686581010250924
"2025-11-04",2025,4,11,November,Toy Vehicles,127,2187.6800000000003,1261.43,926.2499999999997,0.4233937321728953
"2025-11-05",2025,4,11,November,Action Figures,146,2935.139999999999,1674.3599999999997,1260.7799999999997,0.4295468018561296
"2025-11-05",2025,4,11,November,Arts & Crafts,166,2127.56,1309.8300000000006,817.7299999999999,0.3843510876309011
"2025-11-05",2025,4,11,November,Baby & Toddler,181,2714.41,1508.8799999999997,1205.53,0.4441222954527872
"2025-11-05",2025,4,11,November,Board Games,96,1770.6800000000003,985.1,785.58,0.4436600628007319
"2025-11-05",2025,4,11,November,Building Blocks,77,1116.79,652.1800000000001,464.61,0.4160227079397201
"2025-11-05",2025,4,11,November,Card Games,68,1615.0900000000001,850.0000000000001,765.0900000000001,0.47371353918357495
"2025-11-05",2025,4,11,November,Collectibles,3,58.17,28.56,29.610000000000003,0.5090252707581228
"2025-11-05",2025,4,11,November,Dolls,110,1761.3099999999997,999.0699999999999,762.24,0.43276879141093855
"2025-11-05",2025,4,11,November,Educational,100,2022.9,1087.3100000000002,935.5900000000001,0.46249938207523855
"2025-11-05",2025,4,11,November,Model Kits,46,823.48,459.38000000000005,364.0999999999999,0.44214795744887536
"2025-11-05",2025,4,11,November,Outdoor Play,119,2017.3599999999997,1089.1999999999998,928.1600000000004,0.4600864496173219
"2025-11-05",2025,4,11,November,Plush,64,1003.7400000000004,583.6100000000001,420.13000000000005,0.41856456851375845
"2025-11-05",2025,4,11,November,Pretend Play,97,1805.5800000000002,1113.0599999999997,692.52,0.3835443458611637
"2025-11-05",2025,4,11,November,Puzzles,94,1920.4499999999996,971.1200000000001,949.3299999999999,0.49432685047775266
"2025-11-05",2025,4,11,November,STEM Kits,89,1640.0800000000002,942.4799999999997,697.6,0.42534510511682355
"2025-11-05",2025,4,11,November,Toy Vehicles,102,1805.4300000000003,1053.0900000000004,752.3399999999999,0.4167095927286019
"2025-11-06",2025,4,11,November,Action Figures,172,2775.0499999999993,1577.76,1197.2899999999997,0.4314480820165403
"2025-11-06",2025,4,11,November,Arts & Crafts,112,1421.1099999999997,859.2300000000001,561.8800000000002,0.39538107535658773
"2025-11-06",2025,4,11,November,Baby & Toddler,155,2206.2999999999997,1244.7999999999997,961.4999999999997,0.4357974890087476
"2025-11-06",2025,4,11,November,Board Games,111,1842.3599999999994,1024.0100000000002,818.3500000000001,0.44418571831780995
"2025-11-06",2025,4,11,November,Building Blocks,109,1385.87,814.8899999999999,570.9799999999999,0.41200112564670566
"2025-11-06",2025,4,11,November,Card Games,54,1388.94,734.9899999999999,653.95,0.47082667357841235
"2025-11-06",2025,4,11,November,Collectibles,4,77.56,38.08,39.480000000000004,0.5090252707581228
"2025-11-06",2025,4,11,November,Dolls,106,1889.4499999999998,1029.5400000000002,859.91,0.4551112757680807
"2025-11-06",2025,4,11,November,Educational,123,2247.2299999999996,1268.47,978.76,0.4355406433698376
"2025-11-06",2025,4,11,November,Model Kits,42,729.6600000000001,407.9200000000001,321.74,0.4409450977167447
"2025-11-06",2025,4,11,November,Outdoor Play,110,2060.7299999999996,1158.6499999999999,902.0799999999999,0.43774778840507983
"2025-11-06",2025,4,11,November,Plush,90,1479.7699999999998,853.7900000000002,625.9799999999999,0.42302519986214077
"2025-11-06",2025,4,11,November,Pretend Play,85,1765.3,1079.75,685.5499999999997,0.3883475896448194
"2025-11-06",2025,4,11,November,Puzzles,90,1690.6000000000006,878.22,812.3799999999999,0.4805276233289954
"2025-11-06",2025,4,11,November,STEM Kits,62,1165.98,674.3799999999999,491.59999999999997,0.4216195818110087
"2025-11-06",2025,4,11,November,Toy Vehicles,117,1914.2900000000002,1120.0100000000002,794.2799999999999,0.41492145913106154
"2025-11-07",2025,4,11,November,Action Figures,169,2894.8599999999983,1648.6200000000003,1246.2399999999993,0.4305009568683805
"2025-11-07",2025,4,11,November,Arts & Crafts,147,1685.3200000000006,1017.57,667.75,0.3962155555028124
"2025-11-07",2025,4,11,November,Baby & Toddler,146,2558.0299999999993,1466.1899999999996,1091.8399999999997,0.42682845783669465
"2025-11-07",2025,4,11,November,Board Games,91,1800.5299999999995,980.1600000000003,820.3699999999998,0.45562695428568256
"2025-11-07",2025,4,11,November,Building Blocks,79,1332.17,773.4699999999998,558.6999999999997,0.4193909185764577
"2025-11-07",2025,4,11,November,Card Games,92,2066.33,1061.28,1005.0500000000001,0.4863937512401214
"2025-11-07",2025,4,11,November,Collectibles,10,193.90000000000003,95.2,98.7,0.5090252707581226
"2025-11-07",2025,4,11,November,Dolls,97,1777.2299999999993,1035.93,741.3000000000003,0.4171097719484819
"2025-11-07",2025,4,11,November,Educational,111,1871.2,1130.39,740.8100000000001,0.3959010260795212
"2025-11-07",2025,4,11,November,Model Kits,36,627.22,341.79,285.43,0.45507158572749595
"2025-11-07",2025,4,11,November,Outdoor Play,97,1987.6599999999999,1094.0600000000002,893.6000000000005,0.4495738707827297
"2025-11-07",2025,4,11,November,Plush,96,1486.7400000000002,928.7800000000003,557.9600000000002,0.3752909049329406
"2025-11-07",2025,4,11,November,Pretend Play,88,1493.0700000000002,908.4699999999999,584.5999999999999,0.391542258567917
"2025-11-07",2025,4,11,November,Puzzles,147,2472.17,1340.0699999999997,1132.1,0.4579377631797166
"2025-11-07",2025,4,11,November,STEM Kits,95,1824.98,1008.6399999999999,816.3399999999999,0.4473144911177108
"2025-11-07",2025,4,11,November,Toy Vehicles,136,2175.520000000001,1246.5000000000007,929.0199999999999,0.4270335368095901
"2025-11-08",2025,4,11,November,Action Figures,170,3129.1999999999985,1787.39,1341.81,0.42880288891729534
"2025-11-08",2025,4,11,November,Arts & Crafts,178,2030.8899999999996,1245.18,785.7100000000003,0.38687964389996526
"2025-11-08",2025,4,11,November,Baby & Toddler,151,1895.9099999999996,1111.35,784.5599999999998,0.41381711157175183
"2025-11-08",2025,4,11,November,Board Games,114,2094.93,1158.3100000000004,936.62,0.44708892421226487
"2025-11-08",2025,4,11,November,Building Blocks,74,1175.16,660.3299999999999,514.8299999999999,0.43809353619932595
"2025-11-08",2025,4,11,November,Card Games,64,1553.4800000000002,811.49,741.99,0.47763086747174077
"2025-11-08",2025,4,11,November,Collectibles,10,193.90000000000003,95.2,98.7,0.5090252707581226
"2025-11-08",2025,4,11,November,Dolls,68,1198.84,672.08,526.76,0.43939141169797474
"2025-11-08",2025,4,11,November,Educational,98,1853.6399999999999,1003.98,849.6599999999999,0.4583737942642584
"2025-11-08",2025,4,11,November,Model Kits,54,996.0300000000001,546.42,449.60999999999984,0.451402066202825
"2025-11-08",2025,4,11,November,Outdoor Play,94,1899.4299999999998,1066.1100000000001,833.3199999999999,0.4387210900112139
"2025-11-08",2025,4,11,November,Plush,92,1277.82,754.97,522.85,0.4091734360082015
"2025-11-08",2025,4,11,November,Pretend Play,89,2015.3400000000001,1226.1200000000003,789.2199999999999,0.3916063790725137
"2025-11-08",2025,4,11,November,Puzzles,125,2056.29,1084.7900000000004,971.5000000000001,0.47245281550754037
"2025-11-08",2025,4,11,November,STEM Kits,97,2061.39,1173.61,887.78,0.43067056694754513
"2025-11-08",2025,4,11,November,Toy Vehicles,148,2441.580000000001,1453.1000000000004,988.4799999999998,0.40485259545048674
"2025-11-09",2025,4,11,November,Action Figures,147,3000.1899999999996,1698.2499999999993,1301.9400000000005,0.433952516340632
"2025-11-09",2025,4,11,November,Arts & Crafts,165,2054.079999999999,1218.5900000000001,835.4899999999999,0.40674657267487163
"2025-11-09",2025,4,11,November,Baby & Toddler,108,1952.7400000000002,1087.6699999999996,865.0699999999997,0.443003164783842
"2025-11-09",2025,4,11,November,Board Games,114,2016.1599999999999,1138.7000000000005,877.4599999999999,0.43521347512102215
"2025-11-09",2025,4,11,November,Building Blocks,83,1253.11,699.5399999999997,553.57,0.4417569088108786
"2025-11-09",2025,4,11,November,Card Games,44,958.4300000000002,492.48999999999995,465.93999999999994,0.4861492232087892
"2025-11-09",2025,4,11,November,Collectibles,11,213.29000000000002,104.71999999999998,108.57000000000001,0.5090252707581228
"2025-11-09",2025,4,11,November,Dolls,70,1278.6399999999996,704.0600000000001,574.5799999999999,0.44936807858349503
"2025-11-09",2025,4,11,November,Educational,123,2073.5299999999997,1137.65,935.8799999999997,0.4513462549372325
"2025-11-09",2025,4,11,November,Model Kits,32,529.8100000000001,309.51000000000005,220.29999999999995,0.4158094411204015
"2025-11-09",2025,4,11,November,Outdoor Play,117,2215.1399999999994,1214.1799999999994,1000.9600000000003,0.45187211643507885
"2025-11-09",2025,4,11,November,Plush,59,949.4100000000003,549.08,400.33,0.4216618742166186
"2025-11-09",2025,4,11,November,Pretend Play,108,2285.7700000000004,1381.63,904.1399999999999,0.3955516084295444
"2025-11-09",2025,4,11,November,Puzzles,113,1973.0399999999995,1018.2299999999999,954.8100000000002,0.48392835421481595
"2025-11-09",2025,4,11,November,STEM Kits,78,1536.12,860.6999999999999,675.42,0.439692211545973
"2025-11-09",2025,4,11,November,Toy Vehicles,127,2129.2300000000005,1198.88,930.3499999999997,0.43694199311488163
"2025-11-10",2025,4,11,November,Action Figures,138,3248.3199999999983,1840.4399999999998,1407.8799999999992,0.4334178898630677
"2025-11-10",2025,4,11,November,Arts & Crafts,152,1729.2799999999997,1007.7599999999996,721.5199999999996,0.41723723168023674
"2025-11-10",2025,4,11,November,Baby & Toddler,160,2436.43,1373.7499999999993,1062.6799999999998,0.43616274631325336
"2025-11-10",2025,4,11,November,Board Games,70,969.27,555.76,413.5099999999998,0.4266200336335591
"2025-11-10",2025,4,11,November,Building Blocks,112,1733.6699999999996,994.8899999999998,738.7799999999999,0.4261364619564277
"2025-11-10",2025,4,11,November,Card Games,59,1440.4099999999996,717.5000000000001,722.9099999999999,0.5018779375316751
"2025-11-10",2025,4,11,November,Collectibles,6,116.34,57.11999999999999,59.22000000000001,0.5090252707581229
"2025-11-10",2025,4,11,November,Dolls,101,1801.3699999999997,978.0400000000001,823.3300000000004,0.4570576838739407
"2025-11-10",2025,4,11,November,Educational,78,1475.6199999999997,823.9399999999997,651.68,0.4416313142950083
"2025-11-10",2025,4,11,November,Model Kits,66,1165.5200000000002,645.03,520.4899999999999,0.44657320337703327
"2025-11-10",2025,4,11,November,Outdoor Play,128,2133.3099999999995,1188.2600000000002,945.0500000000001,0.44299703278004615
"2025-11-10",2025,4,11,November,Plush,82,1513.6699999999996,859.9200000000001,653.7500000000001,0.4318973091889251
"2025-11-10",2025,4,11,November,Pretend Play,79,1568.0199999999998,975.4899999999999,592.53,0.37788421066057837
"2025-11-10",2025,4,11,November,Puzzles,100,1967.31,1020.5800000000002,946.7299999999998,0.48123071605390094
"2025-11-10",2025,4,11,November,STEM Kits,120,2495.2099999999996,1407.6799999999996,1087.53,0.43584708301104924
"2025-11-10",2025,4,11,November,Toy Vehicles,162,2637.93,1568.0400000000009,1069.8899999999996,0.4055793747370096
"2025-11-11",2025,4,11,November,Action Figures,120,3015.789999999998,1672.5599999999997,1343.2299999999998,0.4453990496685779
"2025-11-11",2025,4,11,November,Arts & Crafts,116,1538.8899999999996,893.43,645.4599999999999,0.4194321881356043
"2025-11-11",2025,4,11,November,Baby & Toddler,166,2484.93,1406.5099999999998,1078.4199999999996,0.43398405588889816
"2025-11-11",2025,4,11,November,Board Games,88,1695.46,936.25,759.21,0.44778998030033146
"2025-11-11",2025,4,11,November,Building Blocks,113,1750.5400000000002,1004.02,746.5199999999999,0.4264512664663474
"2025-11-11",2025,4,11,November,Card Games,66,1458.94,750.6499999999997,708.29,0.4854826106625358
"2025-11-11",2025,4,11,November,Collectibles,27,523.5300000000001,257.03999999999996,266.49000000000007,0.5090252707581228
"2025-11-11",2025,4,11,November,Dolls,105,1881.1299999999992,1047.98,833.1500000000001,0.4428986832382666
"2025-11-11",2025,4,11,November,Educational,125,2115.1400000000003,1223.0099999999998,892.1299999999998,0.42178295526537235
"2025-11-11",2025,4,11,November,Model Kits,47,765.49,429.95000000000005,335.53999999999996,0.4383336163764386
"2025-11-11",2025,4,11,November,Outdoor Play,113,1867.85,1024.6400000000003,843.2099999999999,0.4514334662847659
"2025-11-11",2025,4,11,November,Plush,75,1410.7600000000002,866.4700000000001,544.2900000000001,0.38581332047974143
"2025-11-11",2025,4,11,November,Pretend Play,120,2486.1400000000003,1517.4900000000002,968.65,0.389620053577031
"2025-11-11",2025,4,11,November,Puzzles,110,1939.7199999999996,992.7500000000001,946.97,0.48819932773802416
"2025-11-11",2025,4,11,November,STEM Kits,128,2708.5299999999993,1507.4899999999993,1201.0399999999995,0.4434287233296289
"2025-11-11",2025,4,11,November,Toy Vehicles,139,2286.3000000000006,1345.6700000000003,940.6299999999999,0.4114201985741152
"2025-11-12",2025,4,11,November,Action Figures,150,3532.5299999999984,1945.32,1587.2099999999994,0.44931253237764435
"2025-11-12",2025,4,11,November,Arts & Crafts,192,2328.8999999999987,1414.13,914.7700000000002,0.3927905878311652
"2025-11-12",2025,4,11,November,Baby & Toddler,161,2419.4999999999995,1400.6300000000006,1018.8699999999994,0.4211076668733208
"2025-11-12",2025,4,11,November,Board Games,78,1414.1199999999997,794.8100000000001,619.31,0.43794727463015876
"2025-11-12",2025,4,11,November,Building Blocks,57,1010.8499999999999,577.58,433.2699999999999,0.4286194786565761
"2025-11-12",2025,4,11,November,Card Games,71,1448.65,749.0899999999999,699.5600000000001,0.4829047734097263
"2025-11-12",2025,4,11,November,Collectibles,3,58.17,28.56,29.610000000000003,0.5090252707581228
"2025-11-12",2025,4,11,November,Dolls,100,1620.3,948.0000000000001,672.3000000000002,0.4149231623773377
"2025-11-12",2025,4,11,November,Educational,122,2264.9099999999994,1247.3799999999999,1017.5299999999999,0.4492584694314565
"2025-11-12",2025,4,11,November,Model Kits,62,1059.8999999999999,581.9500000000002,477.9499999999998,0.4509387678082837
"2025-11-12",2025,4,11,November,Outdoor Play,92,1659.9799999999998,928.1999999999999,731.7800000000002,0.44083663658598315
"2025-11-12",2025,4,11,November,Plush,76,1167.01,692.07,474.93999999999994,0.4069716626249989
"2025-11-12",2025,4,11,November,Pretend Play,105,2257.419999999999,1395.7399999999998,861.6799999999996,0.38171009382392285
"2025-11-12",2025,4,11,November,Puzzles,124,1918.0299999999997,978.52,939.5100000000001,0.48983071171983766
"2025-11-12",2025,4,11,November,STEM Kits,86,1609.9299999999998,950.5199999999999,659.41,0.4095892367991155
"2025-11-12",2025,4,11,November,Toy Vehicles,143,2357.6900000000005,1364.4399999999996,993.2499999999999,0.42128099962251175
"2025-11-13",2025,4,11,November,Action Figures,133,3004.3499999999985,1681.1099999999994,1323.2400000000002,0.44044136002795975
"2025-11-13",2025,4,11,November,Arts & Crafts,156,1773.1899999999998,1063.55,709.6399999999998,0.4002052797500549
"2025-11-13",2025,4,11,November,Baby & Toddler,123,1970.87,1087.8799999999997,882.9899999999998,0.4480204173791269
"2025-11-13",2025,4,11,November,Board Games,104,1515.4499999999994,899.8899999999999,615.5600000000002,0.40618958065261174
"2025-11-13",2025,4,11,November,Building Blocks,73,1039.0100000000002,610.52,428.49,0.4124021905467704
"2025-11-13",2025,4,11,November,Card Games,58,1350.47,678.1999999999999,672.2700000000001,0.49780446807407797
"2025-11-13",2025,4,11,November,Collectibles,2,38.78,19.04,19.740000000000002,0.5090252707581228
"2025-11-13",2025,4,11,November,Dolls,94,1698.9599999999998,896.2200000000003,802.7400000000005,0.47248905212600684
"2025-11-13",2025,4,11,November,Educational,78,1434.08,805.5299999999997,628.5499999999996,0.4382949347316744
"2025-11-13",2025,4,11,November,Model Kits,44,827.5799999999999,453.3400000000001,374.2399999999999,0.4522100582421034
"2025-11-13",2025,4,11,November,Outdoor Play,134,2257.21,1263.75,993.4600000000002,0.4401274139313578
"2025-11-13",2025,4,11,November,Plush,85,1376.9999999999995,848.86,528.14,0.38354393609295584
"2025-11-13",2025,4,11,November,Pretend Play,103,2114.3399999999997,1295.52,818.8199999999998,0.38726978631629727
"2025-11-13",2025,4,11,November,Puzzles,113,2140.3499999999995,1103.7399999999998,1036.61,0.4843179853762236
"2025-11-13",2025,4,11,November,STEM Kits,92,1833.9600000000003,1035.4899999999998,798.4699999999997,0.435380270016794
"2025-11-13",2025,4,11,November,Toy Vehicles,120,2159.1700000000005,1231.8400000000001,927.3299999999997,0.4294844778317592
"2025-11-14",2025,4,11,November,Action Figures,125,2431.72,1354.2900000000002,1077.43,0.44307321566627744
"2025-11-14",2025,4,11,November,Arts & Crafts,154,1820.04,1110.0799999999995,709.9599999999998,0.3900793389156281
"2025-11-14",2025,4,11,November,Baby & Toddler,72,1112.31,661.7399999999998,450.57,0.40507592307899776
"2025-11-14",2025,4,11,November,Board Games,91,1592.7,891.8000000000002,700.9000000000001,0.4400703208388272
"2025-11-14",2025,4,11,November,Building Blocks,86,1758.76,948.23,810.53,0.46085310104846594
"2025-11-14",2025,4,11,November,Card Games,50,1089.16,567.3899999999999,521.7700000000001,0.47905725513239567
"2025-11-14",2025,4,11,November,Collectibles,8,155.12,76.15999999999998,78.96000000000002,0.5090252707581229
"2025-11-14",2025,4,11,November,Dolls,113,1876.009999999999,1063.5800000000002,812.4300000000003,0.43306272354625014
"2025-11-14",2025,4,11,November,Educational,74,1398.1999999999998,800.0899999999999,598.1099999999997,0.4277714203976539
"2025-11-14",2025,4,11,November,Model Kits,41,580.7300000000001,319.82,260.91,0.4492793552941986
"2025-11-14",2025,4,11,November,Outdoor Play,155,2529.08,1395.7599999999995,1133.3200000000002,0.4481155202682399
"2025-11-14",2025,4,11,November,Plush,67,1118.52,665.38,453.14,0.40512462897400137
"2025-11-14",2025,4,11,November,Pretend Play,72,1238.4599999999998,790.7800000000001,447.6799999999999,0.36148119438657683
"2025-11-14",2025,4,11,November,Puzzles,90,1499.0399999999997,772.22,726.8199999999998,0.4848569751307503
"2025-11-14",2025,4,11,November,STEM Kits,98,1919.6299999999999,1100.0699999999997,819.5599999999997,0.42693644087662713
"2025-11-14",2025,4,11,November,Toy Vehicles,148,2490.02,1430.0800000000002,1059.9399999999996,0.42567529578075664
"2025-11-15",2025,4,11,November,Action Figures,147,2893.9700000000003,1622.5499999999997,1271.4200000000005,0.439334201805824
"2025-11-15",2025,4,11,November,Arts & Crafts,139,1765.12,1060.8799999999997,704.2400000000001,0.39897570703408275
"2025-11-15",2025,4,11,November,Baby & Toddler,124,1933.4799999999996,1091.0299999999995,842.4499999999996,0.4357169456110225
"2025-11-15",2025,4,11,November,Board Games,95,1570.4499999999998,877.0000000000002,693.4499999999999,0.44156133592282465
"2025-11-15",2025,4,11,November,Building Blocks,83,1412.9199999999998,803.1199999999999,609.7999999999997,0.43158848342439754
"2025-11-15",2025,4,11,November,Card Games,69,1618.7,829.1699999999998,789.53,0.4877556063507753
"2025-11-15",2025,4,11,November,Collectibles,6,116.34,57.11999999999999,59.22000000000001,0.5090252707581229
"2025-11-15",2025,4,11,November,Dolls,87,1388.3499999999997,789.8100000000002,598.5399999999998,0.4311160730363381
"2025-11-15",2025,4,11,November,Educational,83,1459.5499999999997,817.45,642.0999999999999,0.43993011544654176
"2025-11-15",2025,4,11,November,Model Kits,55,977.5399999999997,556.74,420.7999999999999,0.43046831843198236
"2025-11-15",2025,4,11,November,Outdoor Play,145,2460.4599999999987,1336.13,1124.3300000000006,0.45695926777919627
"2025-11-15",2025,4,11,November,Plush,81,1285.9100000000003,766.1600000000001,519.7500000000001,0.4041884735323623
"2025-11-15",2025,4,11,November,Pretend Play,80,1458.3100000000004,848.2599999999999,610.0499999999998,0.41832669322709143
"2025-11-15",2025,4,11,November,Puzzles,98,1846.6899999999996,1002.5900000000001,844.1000000000003,0.4570880873346368
"2025-11-15",2025,4,11,November,STEM Kits,81,1693.0300000000004,937.7899999999998,755.2400000000001,0.44608778344152195
"2025-11-15",2025,4,11,November,Toy Vehicles,172,2867.5899999999997,1663.4100000000008,1204.1799999999996,0.41992753496838797
"2025-11-16",2025,4,11,November,Action Figures,85,2028.8699999999994,1130.0300000000004,898.8400000000004,0.44302493506237495
"2025-11-16",2025,4,11,November,Arts & Crafts,169,2000.6600000000003,1197.18,803.48,0.4016074695350534
"2025-11-16",2025,4,11,November,Baby & Toddler,111,1884.4599999999996,1034.3099999999995,850.1499999999996,0.4511371958014497
"2025-11-16",2025,4,11,November,Board Games,93,1569.15,870.9400000000002,698.21,0.4449606474843068
"2025-11-16",2025,4,11,November,Building Blocks,74,1324.2899999999997,737.9100000000002,586.3800000000001,0.4427882110413884
"2025-11-16",2025,4,11,November,Card Games,73,1354.0699999999997,691.31,662.7600000000001,0.48945770898107205
"2025-11-16",2025,4,11,November,Collectibles,2,38.78,19.04,19.740000000000002,0.5090252707581228
"2025-11-16",2025,4,11,November,Dolls,82,1547.1199999999997,831.08,716.0399999999997,0.46282124204974395
"2025-11-16",2025,4,11,November,Educational,121,1979.2299999999996,1123.2499999999998,855.9799999999997,0.432481318492545
"2025-11-16",2025,4,11,November,Model Kits,44,752.5800000000003,409.04,343.53999999999985,0.4564830317042703
"2025-11-16",2025,4,11,November,Outdoor Play,126,2145.1499999999996,1174.08,971.0700000000004,0.4526816306551992
"2025-11-16",2025,4,11,November,Plush,55,815.0899999999999,477.62,337.4699999999999,0.41402789875964613
"2025-11-16",2025,4,11,November,Pretend Play,58,1078.9299999999998,616.56,462.37,0.42854494730890796
"2025-11-16",2025,4,11,November,Puzzles,118,2176.28,1132.9299999999996,1043.3499999999997,0.47941900858345415
"2025-11-16",2025,4,11,November,STEM Kits,84,1775.2900000000002,1009.2299999999998,766.0599999999996,0.43151259794174446
"2025-11-16",2025,4,11,November,Toy Vehicles,148,2321.9400000000005,1403.2600000000002,918.6799999999997,0.395651911763439
"2025-11-17",2025,4,11,November,Action Figures,160,2696.3499999999995,1602.3300000000002,1094.02,0.4057410944424871
"2025-11-17",2025,4,11,November,Arts & Crafts,126,1613.97,950.7699999999998,663.2,0.4109122226559354
"2025-11-17",2025,4,11,November,Baby & Toddler,128,2190.1699999999987,1238.2299999999993,951.9399999999998,0.4346420597487868
"2025-11-17",2025,4,11,November,Board Games,110,1848.0199999999995,1017.2799999999999,830.74,0.4495297669938638
"2025-11-17",2025,4,11,November,Building Blocks,100,1439.4999999999995,844.94,594.56,0.41303230288294557
"2025-11-17",2025,4,11,November,Card Games,79,1806.2500000000002,922.9800000000002,883.27,0.48900761245674734
"2025-11-17",2025,4,11,November,Collectibles,4,77.56,38.08,39.480000000000004,0.5090252707581228
"2025-11-17",2025,4,11,November,Dolls,86,1679.0499999999995,898.9199999999998,780.13,0.46462583008248726
"2025-11-17",2025,4,11,November,Educational,96,1681.4999999999998,947.7699999999999,733.7299999999998,0.4363544454356229
"2025-11-17",2025,4,11,November,Model Kits,38,664.89,368.87,296.02,0.44521650197777074
"2025-11-17",2025,4,11,November,Outdoor Play,104,1780.89,979.9999999999998,800.8900000000002,0.4497133455744039
"2025-11-17",2025,4,11,November,Plush,72,1329.9299999999996,831.4100000000002,498.52000000000004,0.3748467964479335
"2025-11-17",2025,4,11,November,Pretend Play,73,1483.9900000000005,921.18,562.8099999999998,0.3792545771871776
"2025-11-17",2025,4,11,November,Puzzles,123,2444.89,1311.79,1133.1,0.46345643362278055
"2025-11-17",2025,4,11,November,STEM Kits,95,1814.5400000000002,1053.55,760.9899999999998,0.41938452720799746
"2025-11-17",2025,4,11,November,Toy Vehicles,137,2233.1200000000003,1319.0400000000002,914.0799999999997,0.4093286522891737
"2025-11-18",2025,4,11,November,Action Figures,141,3000.5999999999995,1668.8899999999999,1331.71,0.4438145704192496
"2025-11-18",2025,4,11,November,Arts & Crafts,135,1730.51,1029.1100000000001,701.4000000000001,0.40531404036960206
"2025-11-18",2025,4,11,November,Baby & Toddler,116,1981.8300000000004,1069.8699999999997,911.9599999999997,0.46016055867556727
"2025-11-18",2025,4,11,November,Board Games,88,1388.5899999999997,768.0200000000002,620.5699999999999,0.4469065742947883
"2025-11-18",2025,4,11,November,Building Blocks,103,1627.3999999999999,923.8099999999996,703.5900000000001,0.43233992872065885
"2025-11-18",2025,4,11,November,Card Games,78,1485.39,740.9300000000001,744.46,0.5011882401254889
"2025-11-18",2025,4,11,November,Collectibles,6,116.34,57.11999999999999,59.22000000000001,0.5090252707581229
"2025-11-18",2025,4,11,November,Dolls,97,1472.3099999999997,829.0900000000004,643.22,0.43687810311687086
"2025-11-18",2025,4,11,November,Educational,131,2413.7399999999993,1420.2599999999998,993.4799999999999,0.41159362648835424
"2025-11-18",2025,4,11,November,Model Kits,62,951.56,528.9900000000001,422.56999999999994,0.44408129807894403
"2025-11-18",2025,4,11,November,Outdoor Play,93,1689.2099999999998,945.2199999999999,743.9900000000005,0.44043665382042524
"2025-11-18",2025,4,11,November,Plush,68,1046.39,645.22,401.17,0.38338478005332616
"2025-11-18",2025,4,11,November,Pretend Play,74,1900.8900000000006,1170.52,730.3699999999998,0.3842252839459409
"2025-11-18",2025,4,11,November,Puzzles,114,2095.99,1105.8300000000002,990.16,0.4724068340020707
"2025-11-18",2025,4,11,November,STEM Kits,69,1331.06,741.4399999999999,589.6199999999999,0.4429702643006325
"2025-11-18",2025,4,11,November,Toy Vehicles,92,1394.9300000000005,824.86,570.0699999999999,0.40867283662979487
"2025-11-19",2025,4,11,November,Action Figures,136,2572.4400000000005,1428.4099999999999,1144.0299999999997,0.4447256301410332
"2025-11-19",2025,4,11,November,Arts & Crafts,119,1532.1799999999998,931.9500000000002,600.2300000000001,0.39174901121278194
"2025-11-19",2025,4,11,November,Baby & Toddler,140,2082.53,1169.1100000000001,913.4199999999995,0.43861072829683095
"2025-11-19",2025,4,11,November,Board Games,71,1245.92,696.2800000000001,549.64,0.44115191986644403
"2025-11-19",2025,4,11,November,Building Blocks,86,1263.7,753.33,510.3700000000002,0.4038695893012583
"2025-11-19",2025,4,11,November,Card Games,64,1616.0500000000002,821.3800000000002,794.6700000000002,0.4917360230190898
"2025-11-19",2025,4,11,November,Collectibles,2,38.78,19.04,19.740000000000002,0.5090252707581228
"2025-11-19",2025,4,11,November,Dolls,76,1351.3899999999999,750.1699999999997,601.2199999999999,0.44489007614382226
"2025-11-19",2025,4,11,November,Educational,94,1650.6899999999998,897.9199999999998,752.77,0.45603353749038283
"2025-11-19",2025,4,11,November,Model Kits,47,840.0400000000001,460.2200000000001,379.8199999999999,0.45214513594590716
"2025-11-19",2025,4,11,November,Outdoor Play,139,2321.24,1308.7699999999998,1012.4700000000006,0.4361763540176805
"2025-11-19",2025,4,11,November,Plush,77,1469.4499999999998,907.69,561.76,0.3822926945455783
"2025-11-19",2025,4,11,November,Pretend Play,75,1275.0600000000002,779.22,495.8400000000001,0.38887581760858314
"2025-11-19",2025,4,11,November,Puzzles,98,1780.04,942.4100000000001,837.6299999999998,0.4705680771218623
"2025-11-19",2025,4,11,November,STEM Kits,92,1977.2899999999997,1127.1100000000001,850.1800000000003,0.42997233587384776
"2025-11-19",2025,4,11,November,Toy Vehicles,151,2284.9700000000003,1304.5700000000002,980.4,0.42906471419756054
"2025-11-20",2025,4,11,November,Action Figures,154,3341.7599999999993,1876.5599999999997,1465.2,0.43845159436943415
"2025-11-20",2025,4,11,November,Arts & Crafts,129,1528.1700000000003,900.29,627.8800000000001,0.41087051833238447
"2025-11-20",2025,4,11,November,Baby & Toddler,115,1704.9099999999999,957.4900000000002,747.42,0.438392642426873
"2025-11-20",2025,4,11,November,Board Games,84,1213.1200000000001,662.5099999999999,550.61,0.45387925349512
"2025-11-20",2025,4,11,November,Building Blocks,112,1851.5000000000002,1042.8700000000001,808.6300000000001,0.43674318120442884
"2025-11-20",2025,4,11,November,Card Games,79,1888.6200000000003,959.8699999999999,928.75,0.4917611801209348
"2025-11-20",2025,4,11,November,Collectibles,8,155.12,76.16,78.96000000000001,0.5090252707581228
"2025-11-20",2025,4,11,November,Dolls,93,1668.87,940.5400000000002,728.33,0.4364210513700888
"2025-11-20",2025,4,11,November,Educational,72,1351.4699999999996,766.8099999999997,584.6599999999999,0.4326104168054045
"2025-11-20",2025,4,11,November,Model Kits,49,724.9700000000001,397.48,327.48999999999995,0.45172903706360246
"2025-11-20",2025,4,11,November,Outdoor Play,129,2385.0400000000004,1320.59,1064.45,0.4463027873746352
"2025-11-20",2025,4,11,November,Plush,81,1499.2899999999997,919.0800000000002,580.2100000000002,0.38698984185847984
"2025-11-20",2025,4,11,November,Pretend Play,88,1671.670000000001,1011.3799999999998,660.2899999999998,0.39498824528764614
"2025-11-20",2025,4,11,November,Puzzles,123,2193.7099999999996,1134.0800000000002,1059.6300000000003,0.4830310296256117
"2025-11-20",2025,4,11,November,STEM Kits,64,1348.0800000000002,754.8699999999999,593.2099999999999,0.440040650406504
"2025-11-20",2025,4,11,November,Toy Vehicles,116,1902.3400000000008,1096.84,805.5,0.4234258860140667
"2025-11-21",2025,4,11,November,Action Figures,135,2042.7999999999997,1129.3300000000002,913.4699999999998,0.44716565498335614
"2025-11-21",2025,4,11,November,Arts & Crafts,157,2042.0200000000004,1257.8099999999997,784.2099999999999,0.3840363953340319
"2025-11-21",2025,4,11,November,Baby & Toddler,159,2233.5099999999998,1305.7200000000005,927.7899999999997,0.4153954985650388
"2025-11-21",2025,4,11,November,Board Games,101,1452.5599999999995,764.5700000000002,687.9899999999999,0.4736396431128491
"2025-11-21",2025,4,11,November,Building Blocks,95,1636.05,918.2699999999999,717.78,0.4387274227560282
"2025-11-21",2025,4,11,November,Card Games,49,883.35,443.1699999999999,440.18,0.4983075791022811
"2025-11-21",2025,4,11,November,Collectibles,4,77.56,38.08,39.480000000000004,0.5090252707581228
"2025-11-21",2025,4,11,November,Dolls,101,1689.9799999999998,998.9500000000003,691.03,0.4088983301577534
"2025-11-21",2025,4,11,November,Educational,80,1559.9799999999998,911.1199999999999,648.8599999999998,0.4159412300157693
"2025-11-21",2025,4,11,November,Model Kits,56,1050.0600000000002,578.87,471.1899999999999,0.44872673942441366
"2025-11-21",2025,4,11,November,Outdoor Play,123,2187.4799999999996,1202.2400000000002,985.2400000000005,0.4503995465101398
"2025-11-21",2025,4,11,November,Plush,94,1716.76,1054.1200000000001,662.64,0.38598289801719515
"2025-11-21",2025,4,11,November,Pretend Play,89,1494.2799999999997,902.1100000000001,592.17,0.3962911904060819
"2025-11-21",2025,4,11,November,Puzzles,140,2475.420000000001,1303.5999999999997,1171.8200000000004,0.4733822947217038
"2025-11-21",2025,4,11,November,STEM Kits,94,1844.5000000000005,1040.73,803.7700000000002,0.4357657901870426
"2025-11-21",2025,4,11,November,Toy Vehicles,141,2223.1500000000005,1281.9900000000005,941.1599999999997,0.42334525335672335
"2025-11-22",2025,4,11,November,Action Figures,195,2872.999999999998,1608.7200000000005,1264.2799999999997,0.44005569091541963
"2025-11-22",2025,4,11,November,Arts & Crafts,169,2101.810000000001,1310.36,791.45,0.3765563966295715
"2025-11-22",2025,4,11,November,Baby & Toddler,104,1626.72,904.52,722.2,0.44396085374250027
"2025-11-22",2025,4,11,November,Board Games,113,2159.31,1182.2,977.1099999999999,0.45251029263977843
"2025-11-22",2025,4,11,November,Building Blocks,95,1473.4299999999996,844.3999999999999,629.0300000000001,0.42691542862572385
"2025-11-22",2025,4,11,November,Card Games,61,1525.6099999999997,791.54,734.0699999999999,0.4811649110847465
"2025-11-22",2025,4,11,November,Collectibles,8,155.12,76.15999999999998,78.96000000000002,0.5090252707581229
"2025-11-22",2025,4,11,November,Dolls,70,1240.4199999999996,679.4300000000001,560.9899999999999,0.45225810612534467
"2025-11-22",2025,4,11,November,Educational,79,1486.5,853.27,633.23,0.4259872182980155
"2025-11-22",2025,4,11,November,Model Kits,55,882.39,512.9400000000002,369.4499999999999,0.4186924149185733
"2025-11-22",2025,4,11,November,Outdoor Play,132,2151.7200000000003,1174.23,977.4900000000001,0.45428308515977917
"2025-11-22",2025,4,11,November,Plush,69,1316.54,782.7900000000001,533.7499999999999,0.4054187491454873
"2025-11-22",2025,4,11,November,Pretend Play,92,1710.5400000000002,1034.1799999999998,676.3599999999999,0.3954072982800752
"2025-11-22",2025,4,11,November,Puzzles,88,1574.5199999999995,832.7700000000001,741.7500000000001,0.471095953052359
"2025-11-22",2025,4,11,November,STEM Kits,54,1217.6900000000003,679.4399999999999,538.25,0.4420254744639439
"2025-11-22",2025,4,11,November,Toy Vehicles,129,2218.4700000000007,1268.4300000000005,950.04,0.42824108507214415
"2025-11-23",2025,4,11,November,Action Figures,150,4347.439999999999,2362.8599999999997,1984.5799999999995,0.45649393666157556
"2025-11-23",2025,4,11,November,Arts & Crafts,175,2132.1199999999985,1269.5700000000006,862.5500000000004,0.4045504005403078
"2025-11-23",2025,4,11,November,Baby & Toddler,134,2289.0899999999997,1269.4199999999996,1019.6699999999996,0.4454477543477975
"2025-11-23",2025,4,11,November,Board Games,78,1468.4499999999998,756.8300000000003,711.62,0.484606217440158
"2025-11-23",2025,4,11,November,Building Blocks,86,1170.3,686.2,484.09999999999974,0.4136546184738954
"2025-11-23",2025,4,11,November,Card Games,87,1825.72,952.38,873.3400000000001,0.47835374537168907
"2025-11-23",2025,4,11,November,Collectibles,3,58.17,28.56,29.610000000000003,0.5090252707581228
"2025-11-23",2025,4,11,November,Dolls,65,1169.87,607.0099999999999,562.8599999999999,0.4811303820082573
"2025-11-23",2025,4,11,November,Educational,97,1915.4399999999998,1117.44,797.9999999999997,0.4166144593409346
"2025-11-23",2025,4,11,November,Model Kits,55,869.7500000000001,443.80000000000007,425.94999999999993,0.48973843058350086
"2025-11-23",2025,4,11,November,Outdoor Play,120,2284.2299999999996,1261.6299999999999,1022.6000000000001,0.44767821103829314
"2025-11-23",2025,4,11,November,Plush,90,1504.5900000000001,828.2500000000002,676.34,0.4495178088382881
"2025-11-23",2025,4,11,November,Pretend Play,70,1507.0700000000002,909.4399999999999,597.63,0.3965509233147763
"2025-11-23",2025,4,11,November,Puzzles,110,2021.3799999999994,1069.88,951.5,0.47071802432001913
"2025-11-23",2025,4,11,November,STEM Kits,100,2196.3599999999997,1217.6999999999998,978.6599999999997,0.44558269136207174
"2025-11-23",2025,4,11,November,Toy Vehicles,142,2308.060000000001,1355.2600000000004,952.8000000000002,0.41281422493349385
"2025-11-24",2025,4,11,November,Action Figures,133,2716.81,1533.8,1183.0099999999998,0.43544082950224705
"2025-11-24",2025,4,11,November,Arts & Crafts,120,1569.8899999999994,945.94,623.95,0.39744822885679904
"2025-11-24",2025,4,11,November,Baby & Toddler,100,1698.84,955.66,743.1799999999996,0.43746321019048273
"2025-11-24",2025,4,11,November,Board Games,134,1964.0099999999998,1094.1900000000003,869.8199999999998,0.4428796187392121
"2025-11-24",2025,4,11,November,Building Blocks,110,1721.2299999999993,984.2399999999997,736.9899999999999,0.42817636225257527
"2025-11-24",2025,4,11,November,Card Games,77,1672.9400000000003,867.54,805.4000000000003,0.4814279053642092
"2025-11-24",2025,4,11,November,Collectibles,4,77.56,38.08,39.480000000000004,0.5090252707581228
"2025-11-24",2025,4,11,November,Dolls,71,1447.0,766.31,680.69,0.4704146510020733
"2025-11-24",2025,4,11,November,Educational,78,1507.07,857.7199999999998,649.3499999999998,0.43086916997883296
"2025-11-24",2025,4,11,November,Model Kits,60,1150.6799999999998,694.7400000000002,455.93999999999994,0.39623526957972677
"2025-11-24",2025,4,11,November,Outdoor Play,96,1812.81,996.66,816.1500000000002,0.4502126532841281
"2025-11-24",2025,4,11,November,Plush,74,1223.2200000000003,734.49,488.72999999999996,0.3995438269485455
"2025-11-24",2025,4,11,November,Pretend Play,72,1410.32,841.4199999999998,568.9,0.403383629247263
"2025-11-24",2025,4,11,November,Puzzles,98,1721.0,942.2400000000001,778.7599999999998,0.45250435793143506
"2025-11-24",2025,4,11,November,STEM Kits,50,989.7500000000001,560.9899999999998,428.7599999999999,0.433200303106845
"2025-11-24",2025,4,11,November,Toy Vehicles,127,2217.1000000000004,1302.5500000000006,914.5499999999996,0.4124983086013258
"2025-11-25",2025,4,11,November,Action Figures,153,2990.059999999999,1697.28,1292.7800000000002,0.43235921687190243
"2025-11-25",2025,4,11,November,Arts & Crafts,137,1615.9299999999998,961.0100000000001,654.9199999999998,0.40528983309920597
"2025-11-25",2025,4,11,November,Baby & Toddler,130,2261.0699999999993,1224.1199999999997,1036.9499999999998,0.4586103039711288
"2025-11-25",2025,4,11,November,Board Games,111,2274.23,1255.8500000000004,1018.3800000000001,0.4477911205111181
"2025-11-25",2025,4,11,November,Building Blocks,92,1459.6,829.5299999999997,630.0700000000002,0.43167306111263376
"2025-11-25",2025,4,11,November,Card Games,80,2042.5699999999995,1050.0800000000002,992.49,0.4859025639268178
"2025-11-25",2025,4,11,November,Collectibles,21,407.19,199.91999999999996,207.27000000000004,0.5090252707581229
"2025-11-25",2025,4,11,November,Dolls,96,1779.7499999999998,1004.7000000000003,775.05,0.4354825115887063
"2025-11-25",2025,4,11,November,Educational,93,1505.3000000000002,871.7000000000002,633.5999999999999,0.4209127748621536
"2025-11-25",2025,4,11,November,Model Kits,52,845.9499999999999,480.71000000000004,365.2399999999999,0.4317512855369702
"2025-11-25",2025,4,11,November,Outdoor Play,140,2615.03,1457.14,1157.8900000000003,0.442782683181455
"2025-11-25",2025,4,11,November,Plush,87,1135.29,659.9800000000001,475.30999999999995,0.41866835786451034
"2025-11-25",2025,4,11,November,Pretend Play,74,1494.9799999999996,943.0400000000001,551.9399999999998,0.3691955745227361
"2025-11-25",2025,4,11,November,Puzzles,134,2622.880000000001,1426.4499999999996,1196.43,0.4561512535838466
"2025-11-25",2025,4,11,November,STEM Kits,74,1508.2900000000004,861.6499999999996,646.6399999999998,0.4287239191402181
"2025-11-25",2025,4,11,November,Toy Vehicles,135,2300.900000000001,1361.1499999999999,939.75,0.4084271372071796
"2025-11-26",2025,4,11,November,Action Figures,147,3697.479999999999,2078.5899999999992,1618.8900000000003,0.43783603968108026
"2025-11-26",2025,4,11,November,Arts & Crafts,145,1654.7800000000007,981.2099999999996,673.5699999999998,0.4070450452628141
"2025-11-26",2025,4,11,November,Baby & Toddler,131,1997.53,1127.8999999999999,869.6299999999998,0.43535266053576155
"2025-11-26",2025,4,11,November,Board Games,108,1853.7499999999995,1066.7499999999998,787.0000000000001,0.42454484153742433
"2025-11-26",2025,4,11,November,Building Blocks,106,1703.4100000000003,940.88,762.5299999999999,0.44764912733869106
"2025-11-26",2025,4,11,November,Card Games,59,1358.64,706.6500000000001,651.99,0.4798842960607666
"2025-11-26",2025,4,11,November,Collectibles,8,155.12,76.16,78.96000000000001,0.5090252707581228
"2025-11-26",2025,4,11,November,Dolls,102,1693.6399999999996,979.2399999999997,714.4,0.42181337238137984
"2025-11-26",2025,4,11,November,Educational,97,1981.6100000000001,1099.8000000000004,881.8099999999998,0.44499674507092707
"2025-11-26",2025,4,11,November,Model Kits,71,1172.39,650.5200000000001,521.8699999999999,0.44513344535521443
"2025-11-26",2025,4,11,November,Outdoor Play,115,2132.56,1167.7900000000004,964.7700000000002,0.45239993247552246
"2025-11-26",2025,4,11,November,Plush,81,1360.1799999999998,816.56,543.62,0.39966769104089167
"2025-11-26",2025,4,11,November,Pretend Play,51,1151.5000000000002,691.2299999999998,460.2699999999999,0.3997134172818062
"2025-11-26",2025,4,11,November,Puzzles,134,2229.3000000000006,1148.7300000000002,1080.57,0.4847126900820884
"2025-11-26",2025,4,11,November,STEM Kits,126,2686.9299999999985,1516.2199999999998,1170.7099999999996,0.43570543333841977
"2025-11-26",2025,4,11,November,Toy Vehicles,116,1948.4899999999998,1116.09,832.4,0.42720260304132945
"2025-11-27",2025,4,11,November,Action Figures,153,3106.51,1700.4599999999998,1406.0499999999995,0.4526140266730187
"2025-11-27",2025,4,11,November,Arts & Crafts,159,1858.96,1120.8200000000002,738.1400000000001,0.3970714808279899
"2025-11-27",2025,4,11,November,Baby & Toddler,108,1885.0599999999995,1058.4400000000003,826.6199999999997,0.4385112410215059
"2025-11-27",2025,4,11,November,Board Games,88,1489.0899999999997,840.2100000000003,648.88,0.43575606578514403
"2025-11-27",2025,4,11,November,Building Blocks,91,1252.3999999999999,722.91,529.49,0.4227802618971575
"2025-11-27",2025,4,11,November,Card Games,65,1496.4599999999998,767.06,729.4000000000002,0.4874169707175603
"2025-11-27",2025,4,11,November,Collectibles,18,349.02,171.35999999999999,177.66000000000003,0.5090252707581229
"2025-11-27",2025,4,11,November,Dolls,88,1708.0099999999993,907.9300000000002,800.0799999999999,0.4684281707952531
"2025-11-27",2025,4,11,November,Educational,101,1748.2100000000003,954.5300000000002,793.68,0.45399580141973783
"2025-11-27",2025,4,11,November,Model Kits,36,672.1700000000002,368.9500000000001,303.21999999999997,0.4511061189877559
"2025-11-27",2025,4,11,November,Outdoor Play,147,2569.2499999999986,1445.6,1123.6500000000003,0.43734552885083233
"2025-11-27",2025,4,11,November,Plush,70,1020.7100000000002,598.14,422.57,0.4139961399418051
"2025-11-27",2025,4,11,November,Pretend Play,68,1118.3499999999997,673.6099999999999,444.74,0.3976751464210669
"2025-11-27",2025,4,11,November,Puzzles,92,1738.8899999999999,916.8300000000002,822.0599999999998,0.4727498576678225
"2025-11-27",2025,4,11,November,STEM Kits,80,1524.4999999999998,855.1800000000001,669.32,0.4390423089537554
"2025-11-27",2025,4,11,November,Toy Vehicles,155,2577.86,1516.0500000000006,1061.8099999999997,0.41189591366482264
"2025-11-28",2025,4,11,November,Action Figures,110,2473.4399999999987,1381.42,1092.02,0.44149847984992585
"2025-11-28",2025,4,11,November,Arts & Crafts,130,1650.3699999999997,1025.7299999999998,624.6399999999999,0.3784848246150863
"2025-11-28",2025,4,11,November,Baby & Toddler,137,1770.6599999999999,1039.4799999999998,731.1799999999997,0.41294206679995016
"2025-11-28",2025,4,11,November,Board Games,105,1940.9499999999998,1002.4100000000001,938.5400000000001,0.4835467168139314
"2025-11-28",2025,4,11,November,Building Blocks,100,1563.02,890.5399999999998,672.4799999999997,0.43024401479187707
"2025-11-28",2025,4,11,November,Card Games,53,1296.9500000000003,663.0200000000001,633.9300000000002,0.4887852268784456
"2025-11-28",2025,4,11,November,Collectibles,7,135.73000000000002,66.63999999999999,69.09,0.5090252707581226
"2025-11-28",2025,4,11,November,Dolls,99,1860.3999999999994,1038.06,822.3400000000003,0.4420232208127287
"2025-11-28",2025,4,11,November,Educational,87,1587.9399999999998,866.8999999999997,721.0399999999997,0.45407257201153683
"2025-11-28",2025,4,11,November,Model Kits,36,804.2499999999999,487.1200000000002,317.12999999999994,0.3943176872862916
"2025-11-28",2025,4,11,November,Outdoor Play,91,1459.99,785.5000000000001,674.49,0.4619826163192899
"2025-11-28",2025,4,11,November,Plush,64,786.7900000000001,473.9500000000001,312.84,0.3976156280583128
"2025-11-28",2025,4,11,November,Pretend Play,138,2844.1400000000003,1722.2400000000002,1121.8999999999999,0.3944601883170307
"2025-11-28",2025,4,11,November,Puzzles,124,2082.15,1091.0200000000004,991.1300000000005,0.4760127752563458
"2025-11-28",2025,4,11,November,STEM Kits,102,2084.27,1184.94,899.3299999999999,0.4314844046116866
"2025-11-28",2025,4,11,November,Toy Vehicles,179,2958.8500000000004,1681.8400000000006,1277.0100000000002,0.43158997583520625
"2025-11-29",2025,4,11,November,Action Figures,164,3675.459999999999,1999.93,1675.5300000000007,0.4558694693997489
"2025-11-29",2025,4,11,November,Arts & Crafts,98,1226.6699999999996,733.4099999999999,493.25999999999993,0.4021130377363106
"2025-11-29",2025,4,11,November,Baby & Toddler,152,2253.9000000000005,1312.8699999999994,941.0299999999995,0.4175118683171389
"2025-11-29",2025,4,11,November,Board Games,85,1307.9399999999996,725.9100000000001,582.03,0.444997476948484
"2025-11-29",2025,4,11,November,Building Blocks,91,1392.78,781.8299999999996,610.9499999999999,0.4386550639727738
"2025-11-29",2025,4,11,November,Card Games,75,2104.22,1074.1900000000003,1030.0300000000002,0.4895068006197072
"2025-11-29",2025,4,11,November,Collectibles,12,232.68,114.23999999999998,118.44000000000003,0.5090252707581229
"2025-11-29",2025,4,11,November,Dolls,90,1551.6599999999996,870.78,680.8800000000001,0.43880747070878945
"2025-11-29",2025,4,11,November,Educational,66,1244.9899999999998,675.6400000000001,569.3499999999999,0.4573129101438566
"2025-11-29",2025,4,11,November,Model Kits,89,1481.05,798.9700000000001,682.0799999999999,0.4605381317308666
"2025-11-29",2025,4,11,November,Outdoor Play,125,2241.1199999999994,1227.67,1013.45,0.4522069322481618
"2025-11-29",2025,4,11,November,Plush,69,1159.66,635.2500000000001,524.41,0.4522101305555076
"2025-11-29",2025,4,11,November,Pretend Play,109,1997.6899999999998,1200.5800000000004,797.1099999999997,0.39901586332213695
"2025-11-29",2025,4,11,November,Puzzles,105,1932.0199999999995,1027.46,904.5599999999997,0.4681939110361176
"2025-11-29",2025,4,11,November,STEM Kits,112,2415.8799999999987,1347.8599999999994,1068.02,0.4420832160537777
"2025-11-29",2025,4,11,November,Toy Vehicles,107,1839.2400000000007,1087.3300000000002,751.9099999999999,0.40881559774689524
"2025-11-30",2025,4,11,November,Action Figures,160,2833.8999999999987,1562.4200000000003,1271.48,0.4486679134761285
"2025-11-30",2025,4,11,November,Arts & Crafts,180,2310.3500000000004,1397.1100000000001,913.24,0.39528210011470116
"2025-11-30",2025,4,11,November,Baby & Toddler,153,2418.4199999999987,1340.0200000000002,1078.3999999999996,0.4459109666641858
"2025-11-30",2025,4,11,November,Board Games,112,2238.859999999999,1210.91,1027.95,0.4591399194232781
"2025-11-30",2025,4,11,November,Building Blocks,79,1356.5999999999997,765.28,591.32,0.4358838272150967
"2025-11-30",2025,4,11,November,Card Games,47,1132.89,576.72,556.1699999999998,0.49093027566665765
"2025-11-30",2025,4,11,November,Collectibles,9,174.51,85.67999999999999,88.83000000000001,0.5090252707581229
"2025-11-30",2025,4,11,November,Dolls,82,1455.76,800.42,655.3400000000001,0.4501703577512778
"2025-11-30",2025,4,11,November,Educational,108,2055.869999999999,1130.6899999999996,925.1799999999996,0.45001872686502553
"2025-11-30",2025,4,11,November,Model Kits,32,530.6500000000001,290.57000000000005,240.07999999999998,0.4524262696692734
"2025-11-30",2025,4,11,November,Outdoor Play,124,2185.5099999999998,1211.9999999999998,973.5100000000001,0.4454383645007345
"2025-11-30",2025,4,11,November,Plush,76,1257.5000000000002,718.8800000000001,538.6200000000001,0.42832604373757455
"2025-11-30",2025,4,11,November,Pretend Play,78,1333.0,818.2099999999998,514.7899999999998,0.38618904726181535
"2025-11-30",2025,4,11,November,Puzzles,151,3026.7400000000002,1638.0800000000002,1388.6599999999999,0.4587972538110309
"2025-11-30",2025,4,11,November,STEM Kits,100,2163.23,1233.7900000000002,929.44,0.4296538047271904
"2025-11-30",2025,4,11,November,Toy Vehicles,111,2006.7900000000006,1160.2100000000005,846.5799999999997,0.4218577927934659
"2025-12-01",2025,4,12,December,Action Figures,142,2721.209999999998,1573.4,1147.8100000000002,0.4218013310255368
"2025-12-01",2025,4,12,December,Arts & Crafts,157,1875.18,1124.65,750.5299999999999,0.4002442432193175
"2025-12-01",2025,4,12,December,Baby & Toddler,111,1636.19,913.3999999999999,722.79,0.4417518747822685
"2025-12-01",2025,4,12,December,Board Games,89,1545.6599999999996,869.6900000000002,675.97,0.4373342132163608
"2025-12-01",2025,4,12,December,Building Blocks,90,1545.7500000000002,868.4599999999999,677.2900000000001,0.43816270418890507
"2025-12-01",2025,4,12,December,Card Games,73,1839.01,959.9999999999999,879.0100000000002,0.4779800001087543
"2025-12-01",2025,4,12,December,Collectibles,6,116.34,57.12,59.220000000000006,0.5090252707581228
"2025-12-01",2025,4,12,December,Dolls,85,1549.66,815.11,734.5500000000002,0.47400720157970144
"2025-12-01",2025,4,12,December,Educational,67,1205.8699999999997,666.3199999999998,539.55,0.447436290810784
"2025-12-01",2025,4,12,December,Model Kits,35,574.9200000000001,309.33,265.59,0.46195992485911075
"2025-12-01",2025,4,12,December,Outdoor Play,131,2319.35,1279.29,1040.0600000000006,0.4484273611141055
"2025-12-01",2025,4,12,December,Plush,85,1397.5800000000004,870.1999999999999,527.38,0.37735228037035434
"2025-12-01",2025,4,12,December,Pretend Play,108,2248.61,1350.6499999999996,897.9599999999999,0.39934003673380436
"2025-12-01",2025,4,12,December,Puzzles,151,2679.5800000000004,1410.8600000000004,1268.7199999999998,0.4734771867232923
"2025-12-01",2025,4,12,December,STEM Kits,130,2519.069999999999,1399.2799999999997,1119.79,0.4445251620637777
"2025-12-01",2025,4,12,December,Toy Vehicles,138,2365.5,1359.5400000000006,1005.9599999999999,0.4252631578947368
"2025-12-02",2025,4,12,December,Action Figures,155,3442.02,1928.24,1513.7799999999997,0.4397940744097942
"2025-12-02",2025,4,12,December,Arts & Crafts,144,1816.3899999999999,1104.8200000000002,711.5699999999998,0.39174956920044696
"2025-12-02",2025,4,12,December,Baby & Toddler,108,1431.06,809.2199999999997,621.8399999999997,0.43453104691627165
"2025-12-02",2025,4,12,December,Board Games,98,1724.0399999999993,973.6200000000002,750.42,0.43526832324076026
"2025-12-02",2025,4,12,December,Building Blocks,129,1961.6499999999996,1123.6400000000003,838.0100000000001,0.4271964927484517
"2025-12-02",2025,4,12,December,Card Games,49,1117.1299999999999,579.4599999999999,537.67,0.4812958205401341
"2025-12-02",2025,4,12,December,Collectibles,4,77.56,38.08,39.480000000000004,0.5090252707581228
"2025-12-02",2025,4,12,December,Dolls,111,2046.2399999999993,1137.6799999999998,908.56,0.44401438736414117
"2025-12-02",2025,4,12,December,Educational,95,1615.9599999999996,951.5099999999999,664.4499999999999,0.4111797321715885
"2025-12-02",2025,4,12,December,Model Kits,50,681.73,368.91999999999996,312.81,0.45884734425652385
"2025-12-02",2025,4,12,December,Outdoor Play,114,2113.78,1168.6400000000003,945.1400000000004,0.44713262496570144
"2025-12-02",2025,4,12,December,Plush,64,1141.44,679.8600000000001,461.58000000000004,0.40438393608074014
"2025-12-02",2025,4,12,December,Pretend Play,71,1487.2800000000004,932.8599999999999,554.4199999999998,0.37277446076058285
"2025-12-02",2025,4,12,December,Puzzles,108,1944.49,1033.15,911.3400000000001,0.46867816239733817
"2025-12-02",2025,4,12,December,STEM Kits,114,2235.02,1255.9099999999999,979.1100000000001,0.43807661676405585
"2025-12-02",2025,4,12,December,Toy Vehicles,119,1957.3700000000003,1130.31,827.0599999999997,0.4225363625681397
"2025-12-03",2025,4,12,December,Action Figures,175,3448.5699999999997,1954.5999999999997,1493.9699999999991,0.43321434681621634
"2025-12-03",2025,4,12,December,Arts & Crafts,106,1389.3999999999996,826.6600000000002,562.7400000000001,0.40502375125953666
"2025-12-03",2025,4,12,December,Baby & Toddler,168,2264.6100000000006,1322.5800000000002,942.0299999999996,0.4159789102759413
"2025-12-03",2025,4,12,December,Board Games,93,1473.5799999999995,835.51,638.07,0.43300669118744844
"2025-12-03",2025,4,12,December,Building Blocks,78,1193.0700000000002,682.75,510.32000000000005,0.42773684695784825
"2025-12-03",2025,4,12,December,Card Games,50,1065.5099999999998,549.2299999999999,516.2800000000001,0.4845379208078762
"2025-12-03",2025,4,12,December,Collectibles,8,155.12,76.16,78.96000000000001,0.5090252707581228
"2025-12-03",2025,4,12,December,Dolls,82,1387.1099999999994,821.4800000000001,565.6300000000001,0.40777587934626697
"2025-12-03",2025,4,12,December,Educational,74,1345.22,732.6099999999998,612.6100000000001,0.4553976301274142
"2025-12-03",2025,4,12,December,Model Kits,35,558.2500000000001,306.1200000000001,252.13,0.4516435288849081
"2025-12-03",2025,4,12,December,Outdoor Play,150,2679.0000000000005,1497.44,1181.5600000000004,0.4410451661067563
"2025-12-03",2025,4,12,December,Plush,83,1331.91,810.4800000000002,521.43,0.39149041601910034
"2025-12-03",2025,4,12,December,Pretend Play,60,1172.8500000000001,736.02,436.83000000000004,0.37245172016881956
"2025-12-03",2025,4,12,December,Puzzles,107,2003.1700000000003,1078.0300000000002,925.1400000000001,0.46183798679093635
"2025-12-03",2025,4,12,December,STEM Kits,81,1415.6399999999999,791.0,624.6400000000002,0.4412421237037667
"2025-12-03",2025,4,12,December,Toy Vehicles,127,2148.19,1209.1600000000005,939.03,0.43712613874936573
"2025-12-04",2025,4,12,December,Action Figures,169,3193.879999999999,1751.3900000000006,1442.4899999999998,0.4516418901148447
"2025-12-04",2025,4,12,December,Arts & Crafts,140,1779.6200000000003,1032.65,746.97,0.41973567390791283
"2025-12-04",2025,4,12,December,Baby & Toddler,96,1683.62,936.0199999999998,747.5999999999997,0.44404319264442077
"2025-12-04",2025,4,12,December,Board Games,93,1210.4599999999998,702.36,508.1,0.41975777803479675
"2025-12-04",2025,4,12,December,Building Blocks,90,1403.9099999999996,814.5699999999999,589.34,0.4197847440362988
"2025-12-04",2025,4,12,December,Card Games,50,1202.92,613.4599999999999,589.4599999999999,0.49002427426595274
"2025-12-04",2025,4,12,December,Collectibles,12,232.68,114.23999999999998,118.44000000000001,0.5090252707581228
"2025-12-04",2025,4,12,December,Dolls,91,1723.1999999999994,935.3800000000002,787.8200000000002,0.4571843082636957
"2025-12-04",2025,4,12,December,Educational,102,1918.9799999999996,1105.1799999999996,813.8,0.4240794588791963
"2025-12-04",2025,4,12,December,Model Kits,55,886.99,461.34000000000003,425.65,0.4798813966335584
"2025-12-04",2025,4,12,December,Outdoor Play,90,1629.0,893.9399999999999,735.0600000000005,0.4512338858195215
"2025-12-04",2025,4,12,December,Plush,40,641.5000000000001,362.96000000000004,278.53999999999996,0.43420109119251743
"2025-12-04",2025,4,12,December,Pretend Play,55,1353.2900000000002,802.62,550.6699999999998,0.40691204398170366
"2025-12-04",2025,4,12,December,Puzzles,110,1884.2799999999995,964.5199999999998,919.7599999999996,0.48812278429957323
"2025-12-04",2025,4,12,December,STEM Kits,117,2434.149999999999,1389.3999999999996,1044.75,0.42920526672555115
"2025-12-04",2025,4,12,December,Toy Vehicles,85,1401.22,822.9300000000001,578.2899999999998,0.4127046430967299
"2025-12-05",2025,4,12,December,Action Figures,152,3060.319999999999,1762.5500000000002,1297.77,0.4240634966278038
"2025-12-05",2025,4,12,December,Arts & Crafts,132,1482.4599999999996,915.0099999999999,567.4499999999999,0.3827759265005464
"2025-12-05",2025,4,12,December,Baby & Toddler,122,1919.6399999999996,1105.1399999999999,814.4999999999995,0.4242983059323622
"2025-12-05",2025,4,12,December,Board Games,112,1957.5500000000004,1048.2600000000002,909.2899999999998,0.4645040995121451
"2025-12-05",2025,4,12,December,Building Blocks,78,1262.8299999999997,702.0099999999999,560.8200000000002,0.44409778038215775
"2025-12-05",2025,4,12,December,Card Games,86,1627.9300000000005,827.4400000000003,800.4899999999999,0.49172261706584414
"2025-12-05",2025,4,12,December,Dolls,92,1570.0300000000002,905.08,664.9499999999998,0.4235269389756882
"2025-12-05",2025,4,12,December,Educational,82,1499.5599999999995,838.77,660.7899999999997,0.4406559257382165
"2025-12-05",2025,4,12,December,Model Kits,62,962.0900000000001,502.3000000000001,459.7899999999999,0.4779074722739035
"2025-12-05",2025,4,12,December,Outdoor Play,97,1647.9299999999998,897.7900000000001,750.1400000000002,0.455201373844763
"2025-12-05",2025,4,12,December,Plush,94,1609.8699999999997,982.28,627.59,0.3898389310938151
"2025-12-05",2025,4,12,December,Pretend Play,70,1251.15,751.2899999999997,499.85999999999984,0.3995204411941013
"2025-12-05",2025,4,12,December,Puzzles,94,1744.4199999999996,918.0900000000004,826.3300000000002,0.4736989945082035
"2025-12-05",2025,4,12,December,STEM Kits,99,1992.5999999999995,1148.98,843.6199999999999,0.42337649302418956
"2025-12-05",2025,4,12,December,Toy Vehicles,110,1684.53,965.6699999999997,718.86,0.4267421773432352
"2025-12-06",2025,4,12,December,Action Figures,138,2723.1099999999997,1510.0299999999995,1213.08,0.4454759447837216
"2025-12-06",2025,4,12,December,Arts & Crafts,151,1728.6099999999997,1029.3699999999997,699.2399999999999,0.40450998200866595
"2025-12-06",2025,4,12,December,Baby & Toddler,150,2297.81,1291.5999999999997,1006.2099999999996,0.4378995652382049
"2025-12-06",2025,4,12,December,Board Games,122,2203.2400000000007,1226.6900000000005,976.55,0.44323360142335816
"2025-12-06",2025,4,12,December,Building Blocks,76,1399.7800000000002,796.8300000000002,602.9499999999999,0.43074626012659123
"2025-12-06",2025,4,12,December,Card Games,83,2083.6400000000003,1084.47,999.1699999999998,0.4795310130348811
"2025-12-06",2025,4,12,December,Collectibles,3,58.17,28.56,29.610000000000003,0.5090252707581228
"2025-12-06",2025,4,12,December,Dolls,93,1740.5799999999992,933.4399999999998,807.1400000000001,0.46371899022165053
"2025-12-06",2025,4,12,December,Educational,89,1472.77,820.8999999999997,651.8700000000002,0.4426149364802381
"2025-12-06",2025,4,12,December,Model Kits,60,867.08,479.63000000000005,387.4499999999999,0.4468445818148266
"2025-12-06",2025,4,12,December,Outdoor Play,116,1741.8899999999996,969.7799999999999,772.1100000000002,0.44325990734202525
"2025-12-06",2025,4,12,December,Plush,43,764.54,494.9600000000001,269.58,0.35260418029141705
"2025-12-06",2025,4,12,December,Pretend Play,93,1808.520000000001,1084.61,723.91,0.400277575033729
"2025-12-06",2025,4,12,December,Puzzles,121,1975.05,1042.78,932.2700000000004,0.4720234930761249
"2025-12-06",2025,4,12,December,STEM Kits,67,1372.3200000000002,758.4399999999998,613.8800000000002,0.44733006878862086
"2025-12-06",2025,4,12,December,Toy Vehicles,103,1742.6100000000001,1012.3899999999998,730.2199999999997,0.4190381095024128
"2025-12-07",2025,4,12,December,Action Figures,146,2991.8199999999983,1677.3399999999997,1314.4799999999993,0.4393579827663429
"2025-12-07",2025,4,12,December,Arts & Crafts,144,1947.4300000000003,1128.1599999999999,819.2699999999999,0.4206929132240952
"2025-12-07",2025,4,12,December,Baby & Toddler,131,2065.13,1154.5699999999995,910.5599999999998,0.4409213947790211
"2025-12-07",2025,4,12,December,Board Games,104,1489.5399999999997,827.2600000000002,662.2800000000001,0.44462048686171585
"2025-12-07",2025,4,12,December,Building Blocks,68,759.5200000000001,465.53000000000003,293.99,0.38707341478828733
"2025-12-07",2025,4,12,December,Card Games,66,1637.87,827.6699999999998,810.1999999999999,0.4946668539017138
"2025-12-07",2025,4,12,December,Collectibles,6,116.34,57.12,59.220000000000006,0.5090252707581228
"2025-12-07",2025,4,12,December,Dolls,88,1564.1399999999996,868.34,695.8000000000001,0.4448450905929138
"2025-12-07",2025,4,12,December,Educational,94,1668.0299999999995,952.8799999999999,715.1499999999999,0.4287392912597496
"2025-12-07",2025,4,12,December,Model Kits,66,1141.74,622.8100000000001,518.93,0.4545080316008898
"2025-12-07",2025,4,12,December,Outdoor Play,105,1836.08,987.2600000000001,848.8200000000003,0.46230011764193296
"2025-12-07",2025,4,12,December,Plush,61,941.0699999999999,539.1700000000001,401.9000000000001,0.4270670619613845
"2025-12-07",2025,4,12,December,Pretend Play,97,1716.96,1017.8199999999999,699.1399999999998,0.40719644021992346
"2025-12-07",2025,4,12,December,Puzzles,107,1735.2899999999997,920.0600000000001,815.2299999999999,0.4697946740890572
"2025-12-07",2025,4,12,December,STEM Kits,137,2550.5099999999998,1445.2899999999995,1105.2199999999998,0.43333294125488625
"2025-12-07",2025,4,12,December,Toy Vehicles,140,2333.2,1399.47,933.7299999999997,0.400192868163895
"2025-12-08",2025,4,12,December,Action Figures,180,3617.579999999997,2019.4299999999994,1598.1500000000005,0.44177322961759014
"2025-12-08",2025,4,12,December,Arts & Crafts,193,2407.6400000000003,1454.98,952.6600000000001,0.3956820787160871
"2025-12-08",2025,4,12,December,Baby & Toddler,149,2405.6800000000007,1338.9999999999995,1066.6799999999998,0.44340061853613094
"2025-12-08",2025,4,12,December,Board Games,98,1860.44,1015.4300000000003,845.0100000000001,0.4541990066865903
"2025-12-08",2025,4,12,December,Building Blocks,116,1823.4999999999998,1033.6399999999996,789.8600000000001,0.43315601864546216
"2025-12-08",2025,4,12,December,Card Games,73,1634.9000000000005,824.83,810.0699999999999,0.49548596244418597
"2025-12-08",2025,4,12,December,Collectibles,2,38.78,19.04,19.740000000000002,0.5090252707581228
"2025-12-08",2025,4,12,December,Dolls,69,1293.7799999999997,708.6300000000001,585.15,0.4522793674349581
"2025-12-08",2025,4,12,December,Educational,81,1447.7900000000002,819.0899999999998,628.6999999999999,0.4342480608375523
"2025-12-08",2025,4,12,December,Model Kits,69,1030.9000000000003,571.26,459.6399999999998,0.4458628382966337
"2025-12-08",2025,4,12,December,Outdoor Play,107,1782.32,1008.0399999999998,774.2800000000003,0.43442255038376965
"2025-12-08",2025,4,12,December,Plush,79,1323.58,793.6300000000001,529.95,0.4003913628190212
"2025-12-08",2025,4,12,December,Pretend Play,68,1662.8700000000001,982.45,680.42,0.4091841214286143
"2025-12-08",2025,4,12,December,Puzzles,94,1644.3199999999997,893.4300000000003,750.8899999999999,0.45665685511335996
"2025-12-08",2025,4,12,December,STEM Kits,74,1789.28,995.58,793.7,0.4435862469820263
"2025-12-08",2025,4,12,December,Toy Vehicles,164,2519.1,1405.500000000001,1113.5999999999995,0.4420626414195544
"2025-12-09",2025,4,12,December,Action Figures,195,4115.549999999997,2347.7299999999996,1767.8200000000002,0.4295464761696496
"2025-12-09",2025,4,12,December,Arts & Crafts,172,2152.7999999999993,1300.96,851.8399999999998,0.39568933481976964
"2025-12-09",2025,4,12,December,Baby & Toddler,93,1375.0700000000002,786.9499999999998,588.1199999999999,0.42770186245063874
"2025-12-09",2025,4,12,December,Board Games,90,1558.4399999999996,878.6099999999999,679.8300000000002,0.4362246862246864
"2025-12-09",2025,4,12,December,Building Blocks,86,1188.7199999999998,700.8699999999998,487.8499999999999,0.4103994212261929
"2025-12-09",2025,4,12,December,Card Games,66,1449.91,737.7400000000001,712.17,0.49118221130966744
"2025-12-09",2025,4,12,December,Collectibles,4,77.56,38.08,39.480000000000004,0.5090252707581228
"2025-12-09",2025,4,12,December,Dolls,105,1820.7799999999997,1028.1899999999998,792.59,0.4353024527949561
"2025-12-09",2025,4,12,December,Educational,69,1257.8999999999996,728.09,529.8100000000001,0.42118610382383354
"2025-12-09",2025,4,12,December,Model Kits,59,1026.3600000000001,585.21,441.14999999999986,0.4298199462177012
"2025-12-09",2025,4,12,December,Outdoor Play,116,1967.5599999999995,1088.8200000000002,878.7399999999998,0.44661408038382566
"2025-12-09",2025,4,12,December,Plush,108,1706.2799999999997,1008.6700000000001,697.6100000000001,0.4088484891108143
"2025-12-09",2025,4,12,December,Pretend Play,115,2311.3100000000004,1373.7300000000002,937.5799999999997,0.40564874465130146
"2025-12-09",2025,4,12,December,Puzzles,119,2236.0000000000005,1180.7500000000002,1055.2500000000002,0.47193649373881935
"2025-12-09",2025,4,12,December,STEM Kits,102,2171.9700000000003,1201.9100000000003,970.0599999999997,0.4466267950293971
"2025-12-09",2025,4,12,December,Toy Vehicles,153,2530.17,1464.25,1065.9199999999994,0.42128394534754554
"2025-12-10",2025,4,12,December,Action Figures,140,2770.4699999999984,1529.68,1240.79,0.4478626370254869
"2025-12-10",2025,4,12,December,Arts & Crafts,132,1622.21,952.2900000000005,669.9199999999998,0.4129674949605784
"2025-12-10",2025,4,12,December,Baby & Toddler,93,1253.11,697.74,555.3699999999998,0.44319333498256325
"2025-12-10",2025,4,12,December,Board Games,74,1367.5899999999997,750.7400000000002,616.8500000000001,0.45104892548205255
"2025-12-10",2025,4,12,December,Building Blocks,97,1596.91,900.9199999999997,695.9900000000002,0.4358354572267693
"2025-12-10",2025,4,12,December,Card Games,117,2527.55,1313.5700000000004,1213.9800000000002,0.48029910387529434
"2025-12-10",2025,4,12,December,Collectibles,12,232.68000000000004,114.24000000000001,118.44,0.5090252707581226
"2025-12-10",2025,4,12,December,Dolls,80,1510.53,812.08,698.4499999999998,0.46238737396807733
"2025-12-10",2025,4,12,December,Educational,85,1458.8799999999999,829.01,629.8699999999999,0.4317490129414345
"2025-12-10",2025,4,12,December,Model Kits,55,907.64,506.68999999999994,400.94999999999993,0.4417500330527521
"2025-12-10",2025,4,12,December,Outdoor Play,101,1674.6599999999999,902.3900000000001,772.2699999999999,0.46115032305064907
"2025-12-10",2025,4,12,December,Plush,104,1529.3299999999997,917.6800000000002,611.65,0.3999463817488705
"2025-12-10",2025,4,12,December,Pretend Play,67,1391.3000000000002,839.6000000000001,551.6999999999998,0.3965356141737941
"2025-12-10",2025,4,12,December,Puzzles,86,1604.1800000000003,833.2900000000003,770.89,0.4805508110062461
"2025-12-10",2025,4,12,December,STEM Kits,74,1584.84,883.3799999999998,701.4599999999999,0.4426061936851669
"2025-12-10",2025,4,12,December,Toy Vehicles,138,2230.2600000000007,1269.8399999999997,960.4199999999997,0.4306314062037607
"2025-12-11",2025,4,12,December,Action Figures,165,2862.1299999999983,1577.2699999999998,1284.8599999999997,0.44891741465272383
"2025-12-11",2025,4,12,December,Arts & Crafts,135,1601.1999999999996,932.5,668.7,0.4176242817886586
"2025-12-11",2025,4,12,December,Baby & Toddler,131,2035.8700000000001,1129.5699999999995,906.3,0.4451659487098881
"2025-12-11",2025,4,12,December,Board Games,121,2033.3599999999992,1198.3700000000008,834.9899999999998,0.4106454341582406
"2025-12-11",2025,4,12,December,Building Blocks,87,1570.43,874.7700000000001,695.6599999999997,0.44297421725259944
"2025-12-11",2025,4,12,December,Card Games,54,1475.69,749.4799999999998,726.2100000000003,0.49211555272448837
"2025-12-11",2025,4,12,December,Collectibles,9,174.51,85.67999999999999,88.83000000000001,0.5090252707581229
"2025-12-11",2025,4,12,December,Dolls,115,2030.0299999999995,1084.1200000000003,945.9100000000003,0.46595863115323444
"2025-12-11",2025,4,12,December,Educational,97,1829.0299999999997,1038.0599999999997,790.97,0.43245326757899005
"2025-12-11",2025,4,12,December,Model Kits,54,784.96,423.93999999999994,361.0199999999999,0.45992152466367703
"2025-12-11",2025,4,12,December,Outdoor Play,113,1831.0200000000002,989.98,841.0400000000005,0.45932868018918444
"2025-12-11",2025,4,12,December,Plush,103,1590.1099999999994,892.0200000000002,698.09,0.4390199420165902
"2025-12-11",2025,4,12,December,Pretend Play,128,2072.7500000000005,1246.07,826.68,0.3988324689422264
"2025-12-11",2025,4,12,December,Puzzles,116,2115.27,1095.5799999999997,1019.69,0.48206139168994977
"2025-12-11",2025,4,12,December,STEM Kits,84,1783.5400000000004,989.89,793.65,0.4449858147280127
"2025-12-11",2025,4,12,December,Toy Vehicles,127,1978.1000000000008,1142.07,836.0299999999997,0.42264294019513643
"2025-12-12",2025,4,12,December,Action Figures,157,3536.5799999999995,1993.4099999999994,1543.1699999999996,0.4363452827307738
"2025-12-12",2025,4,12,December,Arts & Crafts,159,1874.0399999999995,1093.1100000000001,780.9300000000001,0.41670935518985736
"2025-12-12",2025,4,12,December,Baby & Toddler,143,2220.8099999999995,1266.7599999999995,954.0499999999996,0.42959550794529916
"2025-12-12",2025,4,12,December,Board Games,50,901.1599999999999,504.54999999999995,396.61,0.4401105242132364
"2025-12-12",2025,4,12,December,Building Blocks,96,1441.1299999999997,800.3899999999999,640.7400000000001,0.4446094384267903
"2025-12-12",2025,4,12,December,Card Games,69,1516.1899999999996,783.9399999999998,732.25,0.48295398333981904
"2025-12-12",2025,4,12,December,Collectibles,3,58.17,28.56,29.610000000000003,0.5090252707581228
"2025-12-12",2025,4,12,December,Dolls,99,1919.6399999999996,1053.97,865.6700000000001,0.450954345606468
"2025-12-12",2025,4,12,December,Educational,139,2308.6900000000005,1381.39,927.2999999999998,0.40165635057110294
"2025-12-12",2025,4,12,December,Model Kits,45,691.39,367.1900000000001,324.2,0.4689104557485645
"2025-12-12",2025,4,12,December,Outdoor Play,107,1888.7699999999995,1065.86,822.9100000000002,0.43568565786199503
"2025-12-12",2025,4,12,December,Plush,86,1541.6,880.43,661.1700000000001,0.42888557343020245
"2025-12-12",2025,4,12,December,Pretend Play,76,1453.5799999999997,866.8999999999999,586.68,0.40361039640061097
"2025-12-12",2025,4,12,December,Puzzles,124,2404.12,1295.7599999999995,1108.3600000000001,0.4610252400046587
"2025-12-12",2025,4,12,December,STEM Kits,89,1812.0900000000004,993.0399999999996,819.05,0.45199189885712066
"2025-12-12",2025,4,12,December,Toy Vehicles,109,1610.2300000000002,952.5299999999996,657.6999999999998,0.40845096663209585
"2025-12-13",2025,4,12,December,Action Figures,128,2718.7799999999993,1539.7399999999998,1179.0399999999997,0.43366509978740464
"2025-12-13",2025,4,12,December,Arts & Crafts,189,2346.0899999999997,1389.7000000000003,956.3900000000001,0.40765273284486114
"2025-12-13",2025,4,12,December,Baby & Toddler,148,2242.369999999999,1271.4399999999994,970.9299999999996,0.4329927710413536
"2025-12-13",2025,4,12,December,Board Games,74,1359.09,752.6300000000001,606.4599999999999,0.4462250476421723
"2025-12-13",2025,4,12,December,Building Blocks,123,1939.2299999999993,1109.9399999999996,829.2899999999997,0.427638805092743
"2025-12-13",2025,4,12,December,Card Games,49,1296.8200000000004,670.94,625.88,0.4826267330855476
"2025-12-13",2025,4,12,December,Collectibles,9,174.51000000000002,85.68,88.83000000000001,0.5090252707581228
"2025-12-13",2025,4,12,December,Dolls,80,1378.8500000000004,764.9499999999999,613.9000000000001,0.44522609420894216
"2025-12-13",2025,4,12,December,Educational,126,2370.7000000000003,1342.05,1028.6499999999999,0.4339013793394355
"2025-12-13",2025,4,12,December,Model Kits,52,859.1500000000001,483.31000000000006,375.83999999999986,0.4374556247453877
"2025-12-13",2025,4,12,December,Outdoor Play,102,1943.4500000000003,1052.1000000000001,891.3500000000001,0.45864313463171164
"2025-12-13",2025,4,12,December,Plush,93,1720.3,980.2700000000001,740.0299999999999,0.430174969482067
"2025-12-13",2025,4,12,December,Pretend Play,64,1222.8199999999997,749.7299999999999,473.09,0.3868844147135311
"2025-12-13",2025,4,12,December,Puzzles,118,1976.6200000000001,1043.2300000000002,933.3899999999999,0.4722151956369964
"2025-12-13",2025,4,12,December,STEM Kits,78,1820.9100000000008,1038.4899999999998,782.4200000000001,0.4296862557732122
"2025-12-13",2025,4,12,December,Toy Vehicles,120,2012.0700000000004,1142.1399999999996,869.9299999999998,0.43235573315043696
"2025-12-14",2025,4,12,December,Action Figures,139,2831.73,1608.8100000000002,1222.9199999999996,0.43186320729730576
"2025-12-14",2025,4,12,December,Arts & Crafts,135,1775.3600000000001,1035.4999999999998,739.86,0.4167380136986301
"2025-12-14",2025,4,12,December,Baby & Toddler,143,2238.7499999999995,1260.8599999999994,977.8899999999996,0.4368017867113344
"2025-12-14",2025,4,12,December,Board Games,86,1446.7700000000002,811.4699999999999,635.3000000000001,0.4391161000020736
"2025-12-14",2025,4,12,December,Building Blocks,100,1577.47,908.0899999999998,669.3800000000001,0.42433770531293785
"2025-12-14",2025,4,12,December,Card Games,78,1709.6399999999996,896.78,812.8600000000001,0.47545682131910827
"2025-12-14",2025,4,12,December,Collectibles,13,252.07,123.75999999999999,128.31,0.5090252707581228
"2025-12-14",2025,4,12,December,Dolls,90,1611.8399999999995,848.62,763.2200000000001,0.4735085368274769
"2025-12-14",2025,4,12,December,Educational,122,1987.32,1100.3999999999999,886.9199999999998,0.4462894752732322
"2025-12-14",2025,4,12,December,Model Kits,50,815.88,429.28000000000014,386.59999999999997,0.473844192773447
"2025-12-14",2025,4,12,December,Outdoor Play,120,2120.0499999999997,1179.1499999999999,940.9,0.44381028749321955
"2025-12-14",2025,4,12,December,Plush,95,1585.5599999999997,932.5699999999999,652.99,0.41183556598299664
"2025-12-14",2025,4,12,December,Pretend Play,131,2747.5500000000006,1632.23,1115.3199999999997,0.4059325580972137
"2025-12-14",2025,4,12,December,Puzzles,133,2120.3899999999994,1139.0700000000002,981.3200000000002,0.4628016544126318
"2025-12-14",2025,4,12,December,STEM Kits,69,1293.3499999999997,734.5499999999998,558.8,0.4320562879344339
"2025-12-14",2025,4,12,December,Toy Vehicles,122,2198.0600000000004,1294.22,903.8399999999995,0.41119896636124553
"2025-12-15",2025,4,12,December,Action Figures,173,3844.999999999999,2210.5099999999984,1634.49,0.4250949284785437
"2025-12-15",2025,4,12,December,Arts & Crafts,154,1946.47,1167.1799999999998,779.2899999999997,0.4003606528741772
"2025-12-15",2025,4,12,December,Baby & Toddler,160,2047.8899999999992,1260.7799999999995,787.1099999999994,0.3843516985775602
"2025-12-15",2025,4,12,December,Board Games,99,1760.14,951.8900000000003,808.2500000000001,0.45919642755689893
"2025-12-15",2025,4,12,December,Building Blocks,85,1331.1399999999999,749.5299999999996,581.6099999999999,0.4369262436708385
"2025-12-15",2025,4,12,December,Card Games,57,1120.01,589.4499999999999,530.5600000000001,0.4737100561602129
"2025-12-15",2025,4,12,December,Collectibles,3,58.17,28.56,29.610000000000003,0.5090252707581228
"2025-12-15",2025,4,12,December,Dolls,102,1872.2999999999993,1002.4599999999999,869.84,0.46458366714735905
"2025-12-15",2025,4,12,December,Educational,92,1572.09,919.65,652.4399999999999,0.4150144075720856
"2025-12-15",2025,4,12,December,Model Kits,38,622.9800000000001,329.4700000000001,293.51000000000005,0.4711387203441523
"2025-12-15",2025,4,12,December,Outdoor Play,125,2405.7200000000007,1343.3600000000004,1062.3600000000004,0.4415975258966131
"2025-12-15",2025,4,12,December,Plush,78,1344.87,759.86,585.0099999999999,0.434993716864827
"2025-12-15",2025,4,12,December,Pretend Play,76,1685.7100000000003,1017.57,668.14,0.3963552449709617
"2025-12-15",2025,4,12,December,Puzzles,122,2126.75,1116.1600000000003,1010.5899999999995,0.475180439637945
"2025-12-15",2025,4,12,December,STEM Kits,78,1469.6600000000003,825.3299999999999,644.3299999999999,0.438421131418151
"2025-12-15",2025,4,12,December,Toy Vehicles,156,2485.200000000001,1458.3900000000008,1026.8099999999995,0.41316996619990304
"2025-12-16",2025,4,12,December,Action Figures,143,2669.5499999999993,1543.1399999999996,1126.4099999999996,0.4219475192448165
"2025-12-16",2025,4,12,December,Arts & Crafts,170,2000.859999999999,1226.8,774.0600000000002,0.3868636486310889
"2025-12-16",2025,4,12,December,Baby & Toddler,126,1836.4999999999998,1042.4199999999998,794.0799999999999,0.4323876939831201
"2025-12-16",2025,4,12,December,Board Games,76,1421.0499999999995,770.2000000000002,650.8500000000001,0.45800640371556267
"2025-12-16",2025,4,12,December,Building Blocks,92,1334.3099999999997,799.1799999999998,535.1300000000001,0.4010537281441346
"2025-12-16",2025,4,12,December,Card Games,79,2015.46,1049.8500000000001,965.6099999999998,0.4791015450567115
"2025-12-16",2025,4,12,December,Collectibles,12,232.68,114.24,118.44000000000001,0.5090252707581228
"2025-12-16",2025,4,12,December,Dolls,112,1906.4900000000002,1047.61,858.8800000000001,0.4505032808984049
"2025-12-16",2025,4,12,December,Educational,97,1834.7499999999993,1008.3399999999999,826.4099999999997,0.4504210382885952
"2025-12-16",2025,4,12,December,Model Kits,66,1138.0200000000002,613.6400000000001,524.3799999999999,0.46078276304458604
"2025-12-16",2025,4,12,December,Outdoor Play,95,1946.4099999999999,1083.8000000000002,862.6100000000001,0.4431800083230153
"2025-12-16",2025,4,12,December,Plush,66,1201.3699999999997,701.5800000000002,499.79,0.41601671425123
"2025-12-16",2025,4,12,December,Pretend Play,56,1142.4099999999999,689.2300000000001,453.18,0.39668770406421516
"2025-12-16",2025,4,12,December,Puzzles,128,2137.02,1123.82,1013.1999999999999,0.4741181645468924
"2025-12-16",2025,4,12,December,STEM Kits,100,1889.5000000000005,1082.7799999999997,806.7200000000001,0.4269489282879068
"2025-12-16",2025,4,12,December,Toy Vehicles,119,1939.900000000001,1154.47,785.4299999999997,0.40488169493272813
"2025-12-17",2025,4,12,December,Action Figures,144,2335.58,1309.0200000000004,1026.5600000000004,0.4395310800743286
"2025-12-17",2025,4,12,December,Arts & Crafts,110,1458.76,908.5000000000001,550.26,0.37721078175985084
"2025-12-17",2025,4,12,December,Baby & Toddler,148,2373.65,1318.769999999999,1054.8799999999997,0.44441261348556005
"2025-12-17",2025,4,12,December,Board Games,67,1107.7899999999997,616.71,491.08,0.44329701477716904
"2025-12-17",2025,4,12,December,Building Blocks,103,1576.23,894.2300000000001,682.0000000000001,0.4326779721233577
"2025-12-17",2025,4,12,December,Card Games,106,2302.63,1188.7600000000002,1113.8699999999997,0.4837381602775955
"2025-12-17",2025,4,12,December,Collectibles,11,213.29000000000002,104.72,108.57000000000001,0.5090252707581228
"2025-12-17",2025,4,12,December,Dolls,89,1485.1300000000003,832.7199999999996,652.4100000000001,0.4392948765427942
"2025-12-17",2025,4,12,December,Educational,105,2082.95,1141.0099999999998,941.9399999999997,0.45221440745097086
"2025-12-17",2025,4,12,December,Model Kits,35,674.2800000000001,394.31,279.96999999999997,0.4152132645191907
"2025-12-17",2025,4,12,December,Outdoor Play,115,1971.4600000000003,1103.7900000000002,867.6700000000004,0.4401154474348961
"2025-12-17",2025,4,12,December,Plush,99,1603.3299999999995,880.6300000000001,722.7000000000002,0.45074937785733465
"2025-12-17",2025,4,12,December,Pretend Play,84,1637.1700000000003,955.8800000000001,681.29,0.4161388249234959
"2025-12-17",2025,4,12,December,Puzzles,114,1977.4599999999994,1048.6699999999998,928.7899999999996,0.4696883881342732
"2025-12-17",2025,4,12,December,STEM Kits,71,1348.1299999999999,759.1299999999997,589.0000000000001,0.436901485761759
"2025-12-17",2025,4,12,December,Toy Vehicles,127,2087.44,1233.8999999999996,853.5399999999998,0.40889318974437583
"2025-12-18",2025,4,12,December,Action Figures,148,2527.45,1473.6899999999996,1053.7599999999998,0.41692615086351853
"2025-12-18",2025,4,12,December,Arts & Crafts,166,2130.5999999999995,1317.09,813.5099999999999,0.3818220219656435
"2025-12-18",2025,4,12,December,Baby & Toddler,120,1701.3299999999995,979.4599999999998,721.87,0.4242974613978477
"2025-12-18",2025,4,12,December,Board Games,94,1623.3499999999995,950.96,672.3900000000001,0.41419903286413917
"2025-12-18",2025,4,12,December,Building Blocks,132,1994.1300000000003,1157.6600000000005,836.47,0.41946613310065034
"2025-12-18",2025,4,12,December,Card Games,78,1849.6299999999999,954.9599999999999,894.6700000000003,0.4837021458345725
"2025-12-18",2025,4,12,December,Collectibles,1,19.39,9.52,9.870000000000001,0.5090252707581228
"2025-12-18",2025,4,12,December,Dolls,72,1248.7900000000002,710.5800000000002,538.2099999999998,0.4309851936674699
"2025-12-18",2025,4,12,December,Educational,113,2221.8299999999995,1212.9799999999996,1008.85,0.4540626420563231
"2025-12-18",2025,4,12,December,Model Kits,73,1291.5700000000002,694.6900000000002,596.8799999999998,0.46213523076565705
"2025-12-18",2025,4,12,December,Outdoor Play,117,2139.4799999999996,1194.1599999999999,945.3200000000006,0.441845682128368
"2025-12-18",2025,4,12,December,Plush,60,902.3800000000001,545.4,356.98,0.3955983067000598
"2025-12-18",2025,4,12,December,Pretend Play,94,1477.4100000000003,889.4300000000001,587.9799999999998,0.3979802492199184
"2025-12-18",2025,4,12,December,Puzzles,120,2172.11,1136.66,1035.45,0.4767023769514435
"2025-12-18",2025,4,12,December,STEM Kits,95,1797.0099999999998,1006.6299999999999,790.3799999999999,0.43983060750914016
"2025-12-18",2025,4,12,December,Toy Vehicles,119,1982.1200000000006,1125.5800000000002,856.5399999999997,0.4321332714467335
"2025-12-19",2025,4,12,December,Action Figures,113,2313.35,1293.8100000000002,1019.54,0.44072016772213457
"2025-12-19",2025,4,12,December,Arts & Crafts,143,1627.0,953.55,673.4499999999998,0.41392132759680383
"2025-12-19",2025,4,12,December,Baby & Toddler,149,2272.5599999999995,1271.8899999999999,1000.6699999999995,0.44032720808251474
"2025-12-19",2025,4,12,December,Board Games,75,1261.06,693.8100000000001,567.25,0.44981999270455014
"2025-12-19",2025,4,12,December,Building Blocks,85,1431.0199999999998,805.3199999999998,625.6999999999999,0.43724056966359665
"2025-12-19",2025,4,12,December,Card Games,75,1862.2000000000003,964.6600000000001,897.54,0.4819783052303726
"2025-12-19",2025,4,12,December,Collectibles,22,426.58,209.43999999999994,217.14000000000004,0.5090252707581229
"2025-12-19",2025,4,12,December,Dolls,87,1562.7099999999996,859.7,703.0100000000001,0.44986593801793057
"2025-12-19",2025,4,12,December,Educational,86,1245.56,684.6099999999997,560.9499999999999,0.4503596775747455
"2025-12-19",2025,4,12,December,Model Kits,56,1073.8300000000002,609.9,463.92999999999995,0.43203300336179834
"2025-12-19",2025,4,12,December,Outdoor Play,132,2210.1099999999997,1211.8300000000002,998.2800000000002,0.4516879250354056
"2025-12-19",2025,4,12,December,Plush,80,1231.1699999999998,726.1700000000001,505.00000000000006,0.4101789354841331
"2025-12-19",2025,4,12,December,Pretend Play,97,2024.7700000000011,1204.03,820.7399999999998,0.40534974342764823
"2025-12-19",2025,4,12,December,Puzzles,120,1592.4199999999998,867.5500000000001,724.8699999999998,0.4552002612376131
"2025-12-19",2025,4,12,December,STEM Kits,104,2192.7099999999996,1222.3899999999996,970.3199999999998,0.4425208987964665
"2025-12-19",2025,4,12,December,Toy Vehicles,127,2032.660000000001,1248.9000000000003,783.7599999999998,0.38558342270719126
"2025-12-20",2025,4,12,December,Action Figures,128,2710.6699999999987,1545.7199999999996,1164.9500000000005,0.42976459694466723
"2025-12-20",2025,4,12,December,Arts & Crafts,148,1909.64,1092.3400000000001,817.2999999999998,0.4279864267610648
"2025-12-20",2025,4,12,December,Baby & Toddler,196,2695.9199999999987,1540.36,1155.5599999999993,0.4286328971186088
"2025-12-20",2025,4,12,December,Board Games,112,1941.5199999999993,1119.9700000000005,821.5500000000001,0.42314784292719126
"2025-12-20",2025,4,12,December,Building Blocks,100,1507.0199999999998,873.0899999999996,633.9300000000001,0.420651351674165
"2025-12-20",2025,4,12,December,Card Games,78,1921.4699999999998,985.3199999999998,936.1500000000003,0.48720510858873695
"2025-12-20",2025,4,12,December,Collectibles,6,116.34,57.12,59.220000000000006,0.5090252707581228
"2025-12-20",2025,4,12,December,Dolls,89,1739.7499999999993,912.4299999999998,827.3200000000002,0.4755395890214114
"2025-12-20",2025,4,12,December,Educational,72,1320.9499999999998,787.8299999999999,533.1199999999998,0.4035883265831408
"2025-12-20",2025,4,12,December,Model Kits,66,1149.5700000000002,670.6099999999999,478.9599999999999,0.41664274467844487
"2025-12-20",2025,4,12,December,Outdoor Play,113,1863.7899999999997,1044.1999999999998,819.5900000000001,0.43974374795443705
"2025-12-20",2025,4,12,December,Plush,90,1385.06,767.8600000000001,617.2,0.44561246444197367
"2025-12-20",2025,4,12,December,Pretend Play,68,1156.67,699.3599999999999,457.30999999999983,0.3953677366924013
"2025-12-20",2025,4,12,December,Puzzles,136,2094.12,1100.63,993.49,0.47441884896758546
"2025-12-20",2025,4,12,December,STEM Kits,97,1783.7800000000002,1005.5999999999999,778.1799999999998,0.43625334962831724
"2025-12-20",2025,4,12,December,Toy Vehicles,116,1997.6100000000001,1192.9300000000003,804.6799999999998,0.402821371538989
"2025-12-21",2025,4,12,December,Action Figures,123,2263.369999999999,1246.39,1016.9799999999998,0.4493211450182693
"2025-12-21",2025,4,12,December,Arts & Crafts,189,2330.2299999999996,1395.2199999999998,935.0099999999996,0.4012522369036532
"2025-12-21",2025,4,12,December,Baby & Toddler,112,1812.1,1002.8999999999999,809.1999999999998,0.44655372220076145
"2025-12-21",2025,4,12,December,Board Games,98,1651.88,920.4700000000001,731.4099999999999,0.4427742935322177
"2025-12-21",2025,4,12,December,Building Blocks,95,1322.4799999999998,793.7699999999999,528.7099999999999,0.3997867642610852
"2025-12-21",2025,4,12,December,Card Games,65,1453.7200000000003,732.6700000000001,721.05,0.4960033569050435
"2025-12-21",2025,4,12,December,Collectibles,15,290.85,142.79999999999998,148.05,0.5090252707581228
"2025-12-21",2025,4,12,December,Dolls,80,1493.4699999999998,872.0500000000002,621.4200000000002,0.41609138449383
"2025-12-21",2025,4,12,December,Educational,97,1856.9600000000003,1014.2300000000001,842.7299999999999,0.4538223763570566
"2025-12-21",2025,4,12,December,Model Kits,40,770.22,452.29000000000013,317.93,0.41277816727688194
"2025-12-21",2025,4,12,December,Outdoor Play,133,2295.26,1245.9499999999998,1049.3100000000004,0.4571638942864862
"2025-12-21",2025,4,12,December,Plush,77,1053.28,638.5600000000001,414.7199999999999,0.3937414552635576
"2025-12-21",2025,4,12,December,Pretend Play,83,1809.8400000000006,1121.8700000000001,687.9699999999999,0.38012752508509023
"2025-12-21",2025,4,12,December,Puzzles,103,1788.3799999999999,934.4999999999999,853.8799999999997,0.4774600476408815
"2025-12-21",2025,4,12,December,STEM Kits,100,2070.390000000001,1167.3799999999999,903.0099999999999,0.4361545409319015
"2025-12-21",2025,4,12,December,Toy Vehicles,123,2160.270000000001,1221.4400000000005,938.8299999999995,0.4345891948691594
"2025-12-22",2025,4,12,December,Action Figures,171,3397.2099999999978,1939.0399999999993,1458.17,0.4292257470100468
"2025-12-22",2025,4,12,December,Arts & Crafts,144,1971.5299999999997,1176.8,794.7299999999999,0.4031031736772963
"2025-12-22",2025,4,12,December,Baby & Toddler,163,2627.129999999999,1455.3399999999997,1171.7900000000002,0.44603426552930403
"2025-12-22",2025,4,12,December,Board Games,72,1441.1899999999996,786.9600000000002,654.2299999999999,0.4539512486209314
"2025-12-22",2025,4,12,December,Building Blocks,82,1113.11,658.47,454.64,0.4084412142555543
"2025-12-22",2025,4,12,December,Card Games,97,2125.9900000000002,1099.8600000000001,1026.1300000000006,0.4826598431789427
"2025-12-22",2025,4,12,December,Collectibles,16,310.24,152.32,157.92000000000002,0.5090252707581228
"2025-12-22",2025,4,12,December,Dolls,150,2696.469999999999,1559.74,1136.73,0.4215622647387141
"2025-12-22",2025,4,12,December,Educational,106,2003.4899999999998,1167.4399999999998,836.0500000000001,0.41729681705424043
"2025-12-22",2025,4,12,December,Model Kits,62,951.7599999999999,517.7000000000002,434.05999999999995,0.45606035134907963
"2025-12-22",2025,4,12,December,Outdoor Play,132,2428.1500000000005,1354.1200000000003,1074.0300000000002,0.4423244033523464
"2025-12-22",2025,4,12,December,Plush,74,1304.0999999999997,814.61,489.49,0.3753469825933595
"2025-12-22",2025,4,12,December,Pretend Play,90,1750.15,1072.1699999999998,677.9799999999999,0.3873839385195554
"2025-12-22",2025,4,12,December,Puzzles,104,1856.2299999999996,971.04,885.1899999999998,0.4768751717190219
"2025-12-22",2025,4,12,December,STEM Kits,105,2323.46,1328.52,994.94,0.42821481755657514
"2025-12-22",2025,4,12,December,Toy Vehicles,178,3005.7400000000007,1791.1500000000008,1214.59,0.40409017413349113
"2025-12-23",2025,4,12,December,Action Figures,157,3150.059999999999,1777.2,1372.8600000000001,0.4358202700900937
"2025-12-23",2025,4,12,December,Arts & Crafts,123,1397.7399999999993,807.53,590.21,0.42226022006954106
"2025-12-23",2025,4,12,December,Baby & Toddler,156,2476.599999999999,1386.2099999999991,1090.3899999999999,0.4402769926512155
"2025-12-23",2025,4,12,December,Board Games,86,1223.5599999999997,703.26,520.2999999999998,0.4252345614436562
"2025-12-23",2025,4,12,December,Building Blocks,57,801.08,465.63000000000005,335.45,0.4187471912917561
"2025-12-23",2025,4,12,December,Card Games,104,2308.22,1179.7899999999997,1128.4300000000005,0.48887454402093417
"2025-12-23",2025,4,12,December,Collectibles,4,77.56,38.08,39.480000000000004,0.5090252707581228
"2025-12-23",2025,4,12,December,Dolls,105,1832.3899999999994,1052.55,779.84,0.42558625620091806
"2025-12-23",2025,4,12,December,Educational,100,1796.96,978.5199999999998,818.4399999999998,0.455458107025198
"2025-12-23",2025,4,12,December,Model Kits,44,819.7700000000001,489.66,330.11,0.40268611927735826
"2025-12-23",2025,4,12,December,Outdoor Play,88,1500.3199999999997,807.73,692.5900000000003,0.4616281859869897
"2025-12-23",2025,4,12,December,Plush,87,1558.92,892.8799999999999,666.0399999999998,0.427244502604367
"2025-12-23",2025,4,12,December,Pretend Play,90,1623.0500000000004,967.1299999999999,655.9199999999997,0.40412803055974833
"2025-12-23",2025,4,12,December,Puzzles,139,2059.15,1074.5700000000002,984.5800000000002,0.47814875069810364
"2025-12-23",2025,4,12,December,STEM Kits,70,1445.6199999999994,832.6999999999998,612.9200000000001,0.4239841728808403
"2025-12-23",2025,4,12,December,Toy Vehicles,130,2184.56,1248.05,936.5099999999995,0.42869502325411046
"2025-12-24",2025,4,12,December,Action Figures,153,3063.199999999999,1725.85,1337.3499999999997,0.43658592321755035
"2025-12-24",2025,4,12,December,Arts & Crafts,155,1915.8199999999995,1198.9700000000003,716.8500000000001,0.3741739829420302
"2025-12-24",2025,4,12,December,Baby & Toddler,149,2108.61,1234.7799999999995,873.8299999999996,0.4144104410014178
"2025-12-24",2025,4,12,December,Board Games,114,2174.5499999999997,1178.94,995.6100000000001,0.4578464509898601
"2025-12-24",2025,4,12,December,Building Blocks,91,1600.8999999999999,881.9300000000002,718.9699999999998,0.4491036292085701
"2025-12-24",2025,4,12,December,Card Games,68,1648.5,865.6499999999999,782.8500000000003,0.47488626023657887
"2025-12-24",2025,4,12,December,Collectibles,7,135.73000000000002,66.63999999999999,69.09000000000002,0.5090252707581228
"2025-12-24",2025,4,12,December,Dolls,71,1228.2799999999995,654.3600000000001,573.9200000000001,0.46725502328459334
"2025-12-24",2025,4,12,December,Educational,90,1591.7099999999996,920.3799999999999,671.3299999999998,0.4217665278222792
"2025-12-24",2025,4,12,December,Model Kits,47,836.9000000000001,455.3000000000002,381.5999999999999,0.4559684550125461
"2025-12-24",2025,4,12,December,Outdoor Play,142,2358.93,1336.7199999999996,1022.2100000000003,0.4333363007804387
"2025-12-24",2025,4,12,December,Plush,85,1420.2999999999995,825.0999999999999,595.1999999999998,0.4190663944237133
"2025-12-24",2025,4,12,December,Pretend Play,83,1725.1999999999998,1056.1899999999998,669.0099999999999,0.3877869232552747
"2025-12-24",2025,4,12,December,Puzzles,106,1935.99,1033.1700000000003,902.82,0.46633505338354025
"2025-12-24",2025,4,12,December,STEM Kits,94,1673.6000000000001,952.4399999999998,721.1600000000001,0.4309034416826004
"2025-12-24",2025,4,12,December,Toy Vehicles,161,2539.6800000000003,1489.7800000000002,1049.8999999999994,0.41339853839853813
"2025-12-25",2025,4,12,December,Action Figures,147,3154.9199999999987,1810.12,1344.7999999999997,0.42625486541655583
"2025-12-25",2025,4,12,December,Arts & Crafts,165,2025.9799999999998,1234.3100000000002,791.67,0.39075904006949724
"2025-12-25",2025,4,12,December,Baby & Toddler,126,1911.2499999999998,1106.3999999999999,804.8499999999996,0.4211118378024851
"2025-12-25",2025,4,12,December,Board Games,94,1742.9399999999994,964.15,778.79,0.4468254787887135
"2025-12-25",2025,4,12,December,Building Blocks,68,866.7099999999999,510.55,356.1599999999999,0.41093329948887164
"2025-12-25",2025,4,12,December,Card Games,73,1792.7200000000003,911.62,881.1000000000001,0.491487795082333
"2025-12-25",2025,4,12,December,Collectibles,5,96.95,47.599999999999994,49.35000000000001,0.5090252707581229
"2025-12-25",2025,4,12,December,Dolls,126,2128.76,1173.65,955.11,0.44866964805802434
"2025-12-25",2025,4,12,December,Educational,109,1680.45,950.6699999999998,729.7799999999999,0.4342765330714986
"2025-12-25",2025,4,12,December,Model Kits,46,680.1700000000002,351.3800000000001,328.78999999999996,0.48339385741799823
"2025-12-25",2025,4,12,December,Outdoor Play,125,2167.72,1198.7200000000003,969.0000000000002,0.44701345192183506
"2025-12-25",2025,4,12,December,Plush,57,710.07,431.69,278.38,0.3920458546340501
"2025-12-25",2025,4,12,December,Pretend Play,80,1785.2000000000003,1075.3799999999999,709.8199999999999,0.3976137127492717
"2025-12-25",2025,4,12,December,Puzzles,122,2301.21,1198.4299999999998,1102.7799999999997,0.4792174551648914
"2025-12-25",2025,4,12,December,STEM Kits,56,1258.3300000000002,692.8399999999999,565.4900000000001,0.4493972169462701
"2025-12-25",2025,4,12,December,Toy Vehicles,130,2170.0700000000006,1249.22,920.8499999999996,0.42434115028547437
"2025-12-26",2025,4,12,December,Action Figures,170,3299.5799999999995,1862.7600000000002,1436.8200000000002,0.4354554215991127
"2025-12-26",2025,4,12,December,Arts & Crafts,154,1664.34,980.4099999999997,683.9299999999997,0.4109316605981949
"2025-12-26",2025,4,12,December,Baby & Toddler,124,1940.1499999999999,1109.6999999999996,830.4499999999998,0.4280339149034868
"2025-12-26",2025,4,12,December,Board Games,124,2084.3799999999997,1175.5499999999997,908.8299999999999,0.4360193438816339
"2025-12-26",2025,4,12,December,Building Blocks,122,1872.4,1061.3600000000001,811.04,0.4331553086947233
"2025-12-26",2025,4,12,December,Card Games,58,1421.38,724.27,697.1099999999999,0.49044590468418003
"2025-12-26",2025,4,12,December,Collectibles,1,19.39,9.52,9.870000000000001,0.5090252707581228
"2025-12-26",2025,4,12,December,Dolls,86,1534.2699999999995,846.1899999999998,688.0800000000003,0.4484738670507802
"2025-12-26",2025,4,12,December,Educational,114,2231.8199999999993,1274.3799999999999,957.4400000000002,0.428995169861369
"2025-12-26",2025,4,12,December,Model Kits,50,775.5999999999999,385.88,389.71999999999997,0.5024755028365137
"2025-12-26",2025,4,12,December,Outdoor Play,78,1388.7,765.9899999999999,622.7099999999999,0.4484121840570317
"2025-12-26",2025,4,12,December,Plush,105,1657.4299999999992,975.0400000000001,682.3899999999999,0.4117157285677224
"2025-12-26",2025,4,12,December,Pretend Play,65,1335.2800000000002,805.7500000000001,529.5299999999999,0.3965685099754357
"2025-12-26",2025,4,12,December,Puzzles,129,2583.5199999999995,1377.7599999999998,1205.7599999999998,0.46671208273982784
"2025-12-26",2025,4,12,December,STEM Kits,58,1286.1000000000004,730.3999999999997,555.7,0.4320814866651115
"2025-12-26",2025,4,12,December,Toy Vehicles,143,2306.7300000000005,1343.6199999999997,963.1099999999999,0.4175217732461102
"2025-12-27",2025,4,12,December,Action Figures,147,3189.559999999998,1781.9099999999996,1407.6499999999999,0.4413304656441643
"2025-12-27",2025,4,12,December,Arts & Crafts,124,1462.3399999999997,842.65,619.6900000000003,0.42376601884650655
"2025-12-27",2025,4,12,December,Baby & Toddler,92,1517.8,848.1599999999997,669.6399999999996,0.44119119778626936
"2025-12-27",2025,4,12,December,Board Games,93,1567.1899999999998,882.3400000000003,684.8499999999999,0.4369923238407596
"2025-12-27",2025,4,12,December,Building Blocks,107,1552.6099999999997,884.9999999999999,667.61,0.4299920778559974
"2025-12-27",2025,4,12,December,Card Games,67,1546.5699999999997,797.9699999999998,748.6000000000001,0.4840388731192253
"2025-12-27",2025,4,12,December,Collectibles,3,58.17,28.56,29.610000000000003,0.5090252707581228
"2025-12-27",2025,4,12,December,Dolls,73,1372.0699999999995,768.53,603.54,0.43987551655527796
"2025-12-27",2025,4,12,December,Educational,100,1992.6699999999996,1061.57,931.0999999999996,0.46726251712526395
"2025-12-27",2025,4,12,December,Model Kits,53,961.4900000000002,555.8000000000001,405.69,0.4219388657188321
"2025-12-27",2025,4,12,December,Outdoor Play,92,1523.43,836.2399999999999,687.19,0.45108078480796626
"2025-12-27",2025,4,12,December,Plush,72,1129.4800000000002,646.1699999999997,483.3100000000002,0.42790487658037335
"2025-12-27",2025,4,12,December,Pretend Play,72,1605.0600000000006,960.7699999999999,644.2899999999998,0.4014117852292124
"2025-12-27",2025,4,12,December,Puzzles,106,2147.139999999999,1119.76,1027.3800000000003,0.4784876626582341
"2025-12-27",2025,4,12,December,STEM Kits,102,1917.9000000000005,1090.9899999999996,826.9099999999999,0.4311538662078313
"2025-12-27",2025,4,12,December,Toy Vehicles,169,3078.1300000000006,1724.7900000000009,1353.3400000000001,0.4396630421717081
"2025-12-28",2025,4,12,December,Action Figures,177,3327.769999999999,1880.9599999999998,1446.8100000000002,0.4347686288415367
"2025-12-28",2025,4,12,December,Arts & Crafts,111,1364.9799999999996,805.21,559.7699999999999,0.41009392079004825
"2025-12-28",2025,4,12,December,Baby & Toddler,152,2242.05,1301.759999999999,940.2899999999997,0.41938850605472655
"2025-12-28",2025,4,12,December,Board Games,89,1516.3099999999997,846.2900000000002,670.0200000000001,0.4418753421134202
"2025-12-28",2025,4,12,December,Building Blocks,102,1463.7900000000002,808.84,654.9500000000002,0.4474343997431326
"2025-12-28",2025,4,12,December,Card Games,64,1541.27,813.7300000000001,727.5400000000001,0.4720392922719576
"2025-12-28",2025,4,12,December,Collectibles,3,58.17,28.56,29.610000000000003,0.5090252707581228
"2025-12-28",2025,4,12,December,Dolls,60,1073.7,593.5400000000001,480.1600000000001,0.44720126664803955
"2025-12-28",2025,4,12,December,Educational,108,1857.2799999999997,1028.2799999999997,828.9999999999999,0.4463516540317023
"2025-12-28",2025,4,12,December,Model Kits,61,998.9799999999999,571.94,427.0399999999999,0.4274760255460569
"2025-12-28",2025,4,12,December,Outdoor Play,129,2390.75,1317.8300000000002,1072.9200000000003,0.4487796716511556
"2025-12-28",2025,4,12,December,Plush,89,1513.3000000000002,911.2900000000001,602.01,0.3978127271525804
"2025-12-28",2025,4,12,December,Pretend Play,68,1527.5000000000002,920.9699999999999,606.5299999999997,0.3970736497545006
"2025-12-28",2025,4,12,December,Puzzles,117,2167.6799999999994,1115.0500000000002,1052.6299999999999,0.485602118393859
"2025-12-28",2025,4,12,December,STEM Kits,92,1791.9900000000005,1012.6899999999997,779.2999999999996,0.4348796589266678
"2025-12-28",2025,4,12,December,Toy Vehicles,117,1944.63,1114.8400000000004,829.7900000000001,0.4267084226819498
"2025-12-29",2025,4,12,December,Action Figures,125,1978.729999999998,1155.8500000000004,822.8799999999994,0.4158626998125061
"2025-12-29",2025,4,12,December,Arts & Crafts,173,2204.9300000000003,1301.4899999999996,903.4399999999999,0.4097363635126738
"2025-12-29",2025,4,12,December,Baby & Toddler,141,2326.3300000000004,1332.0300000000002,994.2999999999995,0.427411416265104
"2025-12-29",2025,4,12,December,Board Games,104,1846.8899999999999,1018.78,828.1100000000004,0.4483807914927258
"2025-12-29",2025,4,12,December,Building Blocks,91,1492.84,861.4900000000002,631.3499999999999,0.4229187320811339
"2025-12-29",2025,4,12,December,Card Games,96,1954.13,993.2400000000001,960.8899999999999,0.4917226591884879
"2025-12-29",2025,4,12,December,Collectibles,6,116.34,57.12,59.220000000000006,0.5090252707581228
"2025-12-29",2025,4,12,December,Dolls,103,1833.2,1012.7699999999998,820.43,0.4475398210778965
"2025-12-29",2025,4,12,December,Educational,111,1968.03,1120.4599999999998,847.5699999999997,0.43066924792813105
"2025-12-29",2025,4,12,December,Model Kits,48,862.8799999999999,504.6,358.28,0.4152141665121454
"2025-12-29",2025,4,12,December,Outdoor Play,91,1503.6199999999997,809.2600000000001,694.3599999999999,0.4617922081376944
"2025-12-29",2025,4,12,December,Plush,84,1275.5900000000004,720.59,555.0000000000001,0.4350927805956459
"2025-12-29",2025,4,12,December,Pretend Play,109,1978.270000000001,1177.0599999999995,801.2099999999997,0.4050053834916363
"2025-12-29",2025,4,12,December,Puzzles,111,1717.3699999999994,893.0000000000001,824.3700000000001,0.48001886605681965
"2025-12-29",2025,4,12,December,STEM Kits,72,1519.4299999999998,852.38,667.05,0.4390133142033526
"2025-12-29",2025,4,12,December,Toy Vehicles,140,2216.36,1283.8300000000004,932.53,0.4207484343698677
"2025-12-30",2025,4,12,December,Action Figures,124,2768.0,1525.2300000000002,1242.77,0.4489776011560694
"2025-12-30",2025,4,12,December,Arts & Crafts,146,1766.4999999999998,1076.1799999999996,690.3200000000005,0.3907840362298333
"2025-12-30",2025,4,12,December,Baby & Toddler,124,1853.8799999999994,1066.7199999999998,787.1599999999994,0.42460137657237773
"2025-12-30",2025,4,12,December,Board Games,73,1208.99,687.1400000000001,521.85,0.4316412873555613
"2025-12-30",2025,4,12,December,Building Blocks,71,1175.1499999999999,661.7799999999999,513.37,0.4368548695911161
"2025-12-30",2025,4,12,December,Card Games,95,1936.91,999.8500000000001,937.06,0.48379119318915176
"2025-12-30",2025,4,12,December,Collectibles,9,174.51,85.67999999999999,88.83000000000001,0.5090252707581229
"2025-12-30",2025,4,12,December,Dolls,70,1222.2599999999998,697.6599999999999,524.6,0.42920491548443057
"2025-12-30",2025,4,12,December,Educational,125,2255.4099999999994,1244.33,1011.08,0.4482909980890394
"2025-12-30",2025,4,12,December,Model Kits,38,777.5499999999997,465.15999999999997,312.38999999999993,0.4017619445694811
"2025-12-30",2025,4,12,December,Outdoor Play,133,2459.7799999999997,1375.3999999999999,1084.3800000000006,0.44084430314906237
"2025-12-30",2025,4,12,December,Plush,93,1496.4700000000003,882.6099999999998,613.86,0.41020534992348656
"2025-12-30",2025,4,12,December,Pretend Play,84,1618.8400000000001,996.3299999999997,622.5100000000001,0.3845407822885523
"2025-12-30",2025,4,12,December,Puzzles,132,2440.0099999999993,1308.6799999999996,1131.3299999999997,0.46365793582813186
"2025-12-30",2025,4,12,December,STEM Kits,96,1776.4699999999998,988.8099999999998,787.6599999999999,0.44338491502811755
"2025-12-30",2025,4,12,December,Toy Vehicles,118,2040.2700000000002,1188.3700000000003,851.8999999999997,0.4175427762011889
"2025-12-31",2025,4,12,December,Action Figures,113,2810.759999999999,1594.8600000000004,1215.9,0.43258762754557506
"2025-12-31",2025,4,12,December,Arts & Crafts,162,2073.7200000000003,1211.8000000000004,861.9200000000001,0.41563952703354357
"2025-12-31",2025,4,12,December,Baby & Toddler,146,1925.37,1149.6099999999994,775.7599999999999,0.4029147644348878
"2025-12-31",2025,4,12,December,Board Games,82,1742.57,941.5000000000002,801.0699999999999,0.45970606632732114
"2025-12-31",2025,4,12,December,Building Blocks,103,1639.6899999999996,938.8399999999998,700.8499999999999,0.42742835535985463
"2025-12-31",2025,4,12,December,Card Games,50,1330.4699999999998,680.85,649.6200000000001,0.4882635459649599
"2025-12-31",2025,4,12,December,Collectibles,13,252.07000000000002,123.75999999999999,128.31,0.5090252707581228
"2025-12-31",2025,4,12,December,Dolls,103,1809.6599999999999,998.21,811.4499999999999,0.4483991468010565
"2025-12-31",2025,4,12,December,Educational,92,1798.4799999999996,1023.36,775.1200000000001,0.4309861660958144
"2025-12-31",2025,4,12,December,Model Kits,44,672.3700000000002,359.90000000000003,312.46999999999997,0.4647292413403332
"2025-12-31",2025,4,12,December,Outdoor Play,85,1665.15,918.5300000000002,746.6200000000003,0.44838002582349956
"2025-12-31",2025,4,12,December,Plush,47,664.24,402.52,261.71999999999997,0.39401421173069967
"2025-12-31",2025,4,12,December,Pretend Play,75,1473.7700000000007,860.7500000000001,613.02,0.415953642698657
"2025-12-31",2025,4,12,December,Puzzles,136,2202.31,1151.12,1051.1899999999998,0.47731245828243973
"2025-12-31",2025,4,12,December,STEM Kits,152,2891.38,1665.3300000000004,1226.05,0.4240362733366074
"2025-12-31",2025,4,12,December,Toy Vehicles,138,2353.5200000000004,1405.5400000000002,947.9799999999998,0.4027924130663855
